Date,Close,Shares,MarketCap,Company,Ticker,Type
2021-09-30,2392.10498046875,1129068483,2700850341474.596,JR_East,9020.T,Stock
2021-10-01,2331.402099609375,1129068483,2632312631868.9717,JR_East,9020.T,Stock
2021-10-04,2400.950927734375,1129068483,2710838021734.493,JR_East,9020.T,Stock
2021-10-05,2358.85595703125,1129068483,2663309917020.7866,JR_East,9020.T,Stock
2021-10-06,2264.294189453125,1129068483,2556543205551.5547,JR_East,9020.T,Stock
2021-10-07,2225.55419921875,1129068483,2512803103546.194,JR_East,9020.T,Stock
2021-10-08,2229.214599609375,1129068483,2516935946262.409,JR_East,9020.T,Stock
2021-10-11,2260.023193359375,1129068483,2551720958471.085,JR_East,9020.T,Stock
2021-10-12,2243.246337890625,1129068483,2532778739717.4736,JR_East,9020.T,Stock
2021-10-13,2212.132568359375,1129068483,2497649163152.413,JR_East,9020.T,Stock
2021-10-14,2204.201904296875,1129068483,2488694900310.1836,JR_East,9020.T,Stock
2021-10-15,2217.9287109375,1129068483,2504193405060.3486,JR_East,9020.T,Stock
2021-10-18,2204.201904296875,1129068483,2488694900310.1836,JR_East,9020.T,Stock
2021-10-19,2177.358154296875,1129068483,2458386468219.6523,JR_East,9020.T,Stock
2021-10-20,2261.548828125,1129068483,2553443504601.5215,JR_East,9020.T,Stock
2021-10-21,2233.790283203125,1129068483,2522102206396.293,JR_East,9020.T,Stock
2021-10-22,2217.623291015625,1129068483,2503848565052.4795,JR_East,9020.T,Stock
2021-10-25,2213.35302734375,1129068483,2499027144926.4653,JR_East,9020.T,Stock
2021-10-26,2220.978271484375,1129068483,2507636567760.825,JR_East,9020.T,Stock
2021-10-27,2197.7958984375,1129068483,2481462080992.45,JR_East,9020.T,Stock
2021-10-28,2196.881103515625,1129068483,2480429214877.753,JR_East,9020.T,Stock
2021-10-29,2162.106689453125,1129068483,2441166519944.992,JR_East,9020.T,Stock
2021-11-01,2214.8779296875,1129068483,2500748864102.4463,JR_East,9020.T,Stock
2021-11-02,2225.859375,1129068483,2513147667902.578,JR_East,9020.T,Stock
2021-11-04,2226.46923828125,1129068483,2513836245312.3765,JR_East,9020.T,Stock
2021-11-05,2194.1357421875,1129068483,2477329513927.7197,JR_East,9020.T,Stock
2021-11-08,2238.06103515625,1129068483,2526924177825.277,JR_East,9020.T,Stock
2021-11-09,2193.83056640625,1129068483,2476984949571.3354,JR_East,9020.T,Stock
2021-11-10,2166.68212890625,1129068483,2446332504427.39,JR_East,9020.T,Stock
2021-11-11,2171.25830078125,1129068483,2451499315864.2437,JR_East,9020.T,Stock
2021-11-12,2177.663330078125,1129068483,2458731032576.037,JR_East,9020.T,Stock
2021-11-15,2192.30517578125,1129068483,2475262679092.3843,JR_East,9020.T,Stock
2021-11-16,2175.528076171875,1129068483,2456320184687.287,JR_East,9020.T,Stock
2021-11-17,2149.29541015625,1129068483,2426701708263.98,JR_East,9020.T,Stock
2021-11-18,2160.885986328125,1129068483,2439788262519.455,JR_East,9020.T,Stock
2021-11-19,2140.753662109375,1129068483,2417057489754.5264,JR_East,9020.T,Stock
2021-11-22,2145.329833984375,1129068483,2422224301191.38,JR_East,9020.T,Stock
2021-11-24,2171.5625,1129068483,2451842777614.6875,JR_East,9020.T,Stock
2021-11-25,2228.604736328125,1129068483,2516247368852.6113,JR_East,9020.T,Stock
2021-11-26,2175.223388671875,1129068483,2455976171633.873,JR_East,9020.T,Stock
2021-11-29,2090.422119140625,1129068483,2360229730887.751,JR_East,9020.T,Stock
2021-11-30,2130.99267578125,1129068483,2406036667728.447,JR_East,9020.T,Stock
2021-12-01,2112.38525390625,1129068483,2385027614139.4995,JR_East,9020.T,Stock
2021-12-02,2039.1761474609375,1129068483,2302369519383.505,JR_East,9020.T,Stock
2021-12-03,2122.146484375,1129068483,2396048711817.0645,JR_East,9020.T,Stock
2021-12-06,2137.09326171875,1129068483,2412924647038.311,JR_East,9020.T,Stock
2021-12-07,2203.896484375,1129068483,2488350060302.3145,JR_East,9020.T,Stock
2021-12-08,2181.018798828125,1129068483,2462519586587.3535,JR_East,9020.T,Stock
2021-12-09,2173.69775390625,1129068483,2454253625503.437,JR_East,9020.T,Stock
2021-12-10,2162.716552734375,1129068483,2441855097354.79,JR_East,9020.T,Stock
2021-12-13,2189.2548828125,1129068483,2471818689437.452,JR_East,9020.T,Stock
2021-12-14,2157.836181640625,1129068483,2436344824167.493,JR_East,9020.T,Stock
2021-12-15,2193.220458984375,1129068483,2476296096510.052,JR_East,9020.T,Stock
2021-12-16,2220.673828125,1129068483,2507292830358.8965,JR_East,9020.T,Stock
2021-12-17,2184.069091796875,1129068483,2465963576242.285,JR_East,9020.T,Stock
2021-12-20,2141.973876953125,1129068483,2418435195877.0938,JR_East,9020.T,Stock
2021-12-21,2155.090576171875,1129068483,2433244847565.9746,JR_East,9020.T,Stock
2021-12-22,2159.666015625,1129068483,2438410832048.373,JR_East,9020.T,Stock
2021-12-23,2167.2919921875,1129068483,2447021081837.1885,JR_East,9020.T,Stock
2021-12-24,2136.178466796875,1129068483,2411891780923.6133,JR_East,9020.T,Stock
2021-12-27,2145.329833984375,1129068483,2422224301191.38,JR_East,9020.T,Stock
2021-12-28,2161.801513671875,1129068483,2440821955588.6074,JR_East,9020.T,Stock
2021-12-29,2185.899169921875,1129068483,2468029859774.6504,JR_East,9020.T,Stock
2021-12-30,2157.531005859375,1129068483,2436000259811.1084,JR_East,9020.T,Stock
2022-01-04,2155.3955078125,1129068483,2433589136270.874,JR_East,9020.T,Stock
2022-01-05,2172.782470703125,1129068483,2453220208085.7695,JR_East,9020.T,Stock
2022-01-06,2119.09619140625,1129068483,2392604722162.1323,JR_East,9020.T,Stock
2022-01-07,2080.66162109375,1129068483,2349209460164.641,JR_East,9020.T,Stock
2022-01-11,2057.173828125,1129068483,2322690133388.3965,JR_East,9020.T,Stock
2022-01-12,2115.13037109375,1129068483,2388127039438.0474,JR_East,9020.T,Stock
2022-01-13,2064.494384765625,1129068483,2330955543169.343,JR_East,9020.T,Stock
2022-01-14,2043.7518310546875,1129068483,2307535779517.388,JR_East,9020.T,Stock
2022-01-17,2048.632568359375,1129068483,2313046466181.913,JR_East,9020.T,Stock
2022-01-18,2062.66455078125,1129068483,2328889535288.4624,JR_East,9020.T,Stock
2022-01-19,2024.839599609375,1129068483,2286182575049.284,JR_East,9020.T,Stock
2022-01-20,2026.9747314453125,1129068483,2288593285112.2915,JR_East,9020.T,Stock
2022-01-21,2062.66455078125,1129068483,2328889535288.4624,JR_East,9020.T,Stock
2022-01-24,2062.66455078125,1129068483,2328889535288.4624,JR_East,9020.T,Stock
2022-01-25,2044.3619384765625,1129068483,2308224632578.672,JR_East,9020.T,Stock
2022-01-26,2032.770263671875,1129068483,2295136837891.5137,JR_East,9020.T,Stock
2022-01-27,1955.5960693359375,1129068483,2208001887365.8896,JR_East,9020.T,Stock
2022-01-28,1997.996337890625,1129068483,2255874694261.7236,JR_East,9020.T,Stock
2022-01-31,1996.1661376953125,1129068483,2253808272903.6157,JR_East,9020.T,Stock
2022-02-01,2107.809326171875,1129068483,2379861078354.131,JR_East,9020.T,Stock
2022-02-02,2145.634765625,1129068483,2422568589896.2793,JR_East,9020.T,Stock
2022-02-03,2112.08056640625,1129068483,2384683601086.0854,JR_East,9020.T,Stock
2022-02-04,2140.753662109375,1129068483,2417057489754.5264,JR_East,9020.T,Stock
2022-02-07,2121.536376953125,1129068483,2395359858755.7812,JR_East,9020.T,Stock
2022-02-08,2180.714111328125,1129068483,2462175573533.9395,JR_East,9020.T,Stock
2022-02-09,2182.239013671875,1129068483,2463897292709.92,JR_East,9020.T,Stock
2022-02-10,2191.6953125,1129068483,2474574101682.586,JR_East,9020.T,Stock
2022-02-14,2182.5439453125,1129068483,2464241581414.8193,JR_East,9020.T,Stock
2022-02-15,2181.018798828125,1129068483,2462519586587.3535,JR_East,9020.T,Stock
2022-02-16,2217.01318359375,1129068483,2503159711991.196,JR_East,9020.T,Stock
2022-02-17,2220.0634765625,1129068483,2506603701646.128,JR_East,9020.T,Stock
2022-02-18,2217.318115234375,1129068483,2503504000696.0947,JR_East,9020.T,Stock
2022-02-21,2188.034912109375,1129068483,2470441258966.37,JR_East,9020.T,Stock
2022-02-22,2134.65283203125,1129068483,2410169234793.1772,JR_East,9020.T,Stock
2022-02-24,2089.507568359375,1129068483,2359197140424.538,JR_East,9020.T,Stock
2022-02-25,2105.064453125,1129068483,2376761928707.0684,JR_East,9020.T,Stock
2022-02-28,2077.305908203125,1129068483,2345420630501.84,JR_East,9020.T,Stock
2022-03-01,2069.679931640625,1129068483,2336810380713.0244,JR_East,9020.T,Stock
2022-03-02,2036.736083984375,1129068483,2299614520615.5986,JR_East,9020.T,Stock
2022-03-03,2063.579345703125,1129068483,2329922401403.16,JR_East,9020.T,Stock
2022-03-04,2048.327392578125,1129068483,2312701901825.5293,JR_East,9020.T,Stock
2022-03-07,2010.1978759765625,1129068483,2269651066358.6797,JR_East,9020.T,Stock
2022-03-08,1979.9990234375,1129068483,2235554493734.0596,JR_East,9020.T,Stock
2022-03-09,1944.614501953125,1129068483,2195602945740.0154,JR_East,9020.T,Stock
2022-03-10,2001.351806640625,1129068483,2259663248273.04,JR_East,9020.T,Stock
2022-03-11,2004.0970458984375,1129068483,2262762811397.33,JR_East,9020.T,Stock
2022-03-14,2063.884521484375,1129068483,2330266965759.544,JR_East,9020.T,Stock
2022-03-15,2079.74658203125,1129068483,2348176318398.4585,JR_East,9020.T,Stock
2022-03-16,2129.162353515625,1129068483,2403970108544.5967,JR_East,9020.T,Stock
2022-03-17,2090.727783203125,1129068483,2360574846547.1055,JR_East,9020.T,Stock
2022-03-18,2131.29736328125,1129068483,2406380680781.861,JR_East,9020.T,Stock
2022-03-22,2180.4091796875,1129068483,2461831284829.04,JR_East,9020.T,Stock
2022-03-23,2235.31591796875,1129068483,2523824752526.729,JR_East,9020.T,Stock
2022-03-24,2235.620361328125,1129068483,2524168489928.658,JR_East,9020.T,Stock
2022-03-25,2223.72412109375,1129068483,2510736820013.8286,JR_East,9020.T,Stock
2022-03-28,2213.0478515625,1129068483,2498682580570.081,JR_East,9020.T,Stock
2022-03-29,2198.406005859375,1129068483,2482150934053.7334,JR_East,9020.T,Stock
2022-03-30,2216.52880859375,1129068483,2502612819444.7427,JR_East,9020.T,Stock
2022-03-31,2183.96923828125,1129068483,2465850834784.8765,JR_East,9020.T,Stock
2022-04-01,2175.3681640625,1129068483,2456139632964.542,JR_East,9020.T,Stock
2022-04-04,2137.586669921875,1129068483,2413481738689.713,JR_East,9020.T,Stock
2022-04-05,2140.965576171875,1129068483,2417296755243.5996,JR_East,9020.T,Stock
2022-04-06,2148.64453125,1129068483,2425966821404.6836,JR_East,9020.T,Stock
2022-04-07,2095.50439453125,1129068483,2365967967853.232,JR_East,9020.T,Stock
2022-04-08,2110.863037109375,1129068483,2383308927129.8545,JR_East,9020.T,Stock
2022-04-11,2107.484130859375,1129068483,2379493910575.968,JR_East,9020.T,Stock
2022-04-12,2098.26904296875,1129068483,2369089445270.5884,JR_East,9020.T,Stock
2022-04-13,2119.15673828125,1129068483,2392673083730.439,JR_East,9020.T,Stock
2022-04-14,2186.733154296875,1129068483,2468971485247.7773,JR_East,9020.T,Stock
2022-04-15,2184.58349609375,1129068483,2466544373921.4067,JR_East,9020.T,Stock
2022-04-18,2161.8525390625,1129068483,2440879566748.995,JR_East,9020.T,Stock
2022-04-19,2156.32421875,1129068483,2434637714520.2227,JR_East,9020.T,Stock
2022-04-20,2162.159912109375,1129068483,2441226611968.745,JR_East,9020.T,Stock
2022-04-21,2148.64453125,1129068483,2425966821404.6836,JR_East,9020.T,Stock
2022-04-22,2124.685546875,1129068483,2398915487262.1816,JR_East,9020.T,Stock
2022-04-25,2069.701904296875,1129068483,2336835189346.6836,JR_East,9020.T,Stock
2022-04-26,2112.705810546875,1129068483,2385389544539.4453,JR_East,9020.T,Stock
2022-04-27,2114.24169921875,1129068483,2387123668032.2563,JR_East,9020.T,Stock
2022-04-28,2094.583251953125,1129068483,2364927934799.922,JR_East,9020.T,Stock
2022-05-02,2101.34033203125,1129068483,2372557140953.2397,JR_East,9020.T,Stock
2022-05-06,2129.29296875,1129068483,2404117582089.129,JR_East,9020.T,Stock
2022-05-09,2075.23095703125,1129068483,2343077868529.9116,JR_East,9020.T,Stock
2022-05-10,2030.384765625,1129068483,2292443447230.5293,JR_East,9020.T,Stock
2022-05-11,2020.5557861328125,1129068483,2281345856265.847,JR_East,9020.T,Stock
2022-05-12,2000.58935546875,1129068483,2258802388685.0493,JR_East,9020.T,Stock
2022-05-13,2045.4366455078125,1129068483,2309438050416.1147,JR_East,9020.T,Stock
2022-05-16,2033.149169921875,1129068483,2295564648996.4004,JR_East,9020.T,Stock
2022-05-17,2020.5557861328125,1129068483,2281345856265.847,JR_East,9020.T,Stock
2022-05-18,2052.193603515625,1129068483,2317067118743.6904,JR_East,9020.T,Stock
2022-05-19,2035.6064453125,1129068483,2298339081194.007,JR_East,9020.T,Stock
2022-05-20,2044.5146484375,1129068483,2308397052582.6064,JR_East,9020.T,Stock
2022-05-23,2050.65771484375,1129068483,2315332995250.8794,JR_East,9020.T,Stock
2022-05-24,2022.70556640625,1129068483,2283773105417.9604,JR_East,9020.T,Stock
2022-05-25,2016.8692626953125,1129068483,2277183518840.725,JR_East,9020.T,Stock
2022-05-26,2066.93798828125,1129068483,2333714538883.7827,JR_East,9020.T,Stock
2022-05-27,2057.108154296875,1129068483,2322615983138.9023,JR_East,9020.T,Stock
2022-05-30,2055.572509765625,1129068483,2320882135297.577,JR_East,9020.T,Stock
2022-05-31,2031.613525390625,1129068483,2293830801155.075,JR_East,9020.T,Stock
2022-06-01,2074.92431640625,1129068483,2342731650264.6167,JR_East,9020.T,Stock
2022-06-02,2075.23095703125,1129068483,2343077868529.9116,JR_East,9020.T,Stock
2022-06-03,2067.552001953125,1129068483,2334407802368.828,JR_East,9020.T,Stock
2022-06-06,2157.85986328125,1129068483,2436371562361.5483,JR_East,9020.T,Stock
2022-06-07,2141.886962890625,1129068483,2418337063948.3955,JR_East,9020.T,Stock
2022-06-08,2138.201171875,1129068483,2414175553477.7285,JR_East,9020.T,Stock
2022-06-09,2164.61767578125,1129068483,2444001595469.322,JR_East,9020.T,Stock
2022-06-10,2163.388427734375,1129068483,2442613690241.8057,JR_East,9020.T,Stock
2022-06-13,2123.76416015625,1129068483,2397875178557.386,JR_East,9020.T,Stock
2022-06-14,2087.517822265625,1129068483,2356950580820.913,JR_East,9020.T,Stock
2022-06-15,2079.53173828125,1129068483,2347933745091.564,JR_East,9020.T,Stock
2022-06-16,2062.637451171875,1129068483,2328858937973.615,JR_East,9020.T,Stock
2022-06-17,2060.7939453125,1129068483,2326777493609.5693,JR_East,9020.T,Stock
2022-06-20,2052.500732421875,1129068483,2317413888311.955,JR_East,9020.T,Stock
2022-06-21,2103.18359375,1129068483,2374638309665.801,JR_East,9020.T,Stock
2022-06-22,2064.480224609375,1129068483,2330939555383.206,JR_East,9020.T,Stock
2022-06-23,2091.51123046875,1129068483,2361459412162.815,JR_East,9020.T,Stock
2022-06-24,2095.50439453125,1129068483,2365967967853.232,JR_East,9020.T,Stock
2022-06-27,2084.753662109375,1129068483,2353829654706.5264,JR_East,9020.T,Stock
2022-06-28,2099.80517578125,1129068483,2370823844414.8843,JR_East,9020.T,Stock
2022-06-29,2127.4501953125,1129068483,2402036964679.538,JR_East,9020.T,Stock
2022-06-30,2131.13623046875,1129068483,2406198750801.69,JR_East,9020.T,Stock
2022-07-01,2090.590087890625,1129068483,2360419379109.505,JR_East,9020.T,Stock
2022-07-04,2097.654541015625,1129068483,2368395630482.573,JR_East,9020.T,Stock
2022-07-05,2087.8251953125,1129068483,2357297626040.663,JR_East,9020.T,Stock
2022-07-06,2049.122314453125,1129068483,2313599423061.039,JR_East,9020.T,Stock
2022-07-07,2038.0638427734375,1129068483,2301113651217.3555,JR_East,9020.T,Stock
2022-07-08,2025.4700927734375,1129068483,2286894445009.574,JR_East,9020.T,Stock
2022-07-11,2055.879638671875,1129068483,2321228904865.842,JR_East,9020.T,Stock
2022-07-12,2048.507568359375,1129068483,2312905332621.538,JR_East,9020.T,Stock
2022-07-13,2049.428955078125,1129068483,2313945641326.334,JR_East,9020.T,Stock
2022-07-14,2044.8216552734375,1129068483,2308743684325.129,JR_East,9020.T,Stock
2022-07-15,2058.02978515625,1129068483,2323656567495.183,JR_East,9020.T,Stock
2022-07-19,2060.18017578125,1129068483,2326084505776.0093,JR_East,9020.T,Stock
2022-07-20,2096.426025390625,1129068483,2367008552209.5127,JR_East,9020.T,Stock
2022-07-21,2082.603271484375,1129068483,2351401716425.7,JR_East,9020.T,Stock
2022-07-22,2053.115234375,1129068483,2318107703099.9707,JR_East,9020.T,Stock
2022-07-25,2101.955078125,1129068483,2373251231392.74,JR_East,9020.T,Stock
2022-07-26,2087.210693359375,1129068483,2356603811252.6475,JR_East,9020.T,Stock
2022-07-27,2129.29296875,1129068483,2404117582089.129,JR_East,9020.T,Stock
2022-07-28,2118.84912109375,1129068483,2392325762859.2036,JR_East,9020.T,Stock
2022-07-29,2131.75,1129068483,2406891738635.25,JR_East,9020.T,Stock
2022-08-01,2171.6826171875,1129068483,2451978398145.3604,JR_East,9020.T,Stock
2022-08-02,2163.081787109375,1129068483,2442267471976.5107,JR_East,9020.T,Stock
2022-08-03,2152.6376953125,1129068483,2430475377095.1006,JR_East,9020.T,Stock
2022-08-04,2152.945068359375,1129068483,2430822422314.8506,JR_East,9020.T,Stock
2022-08-05,2167.382080078125,1129068483,2447122797235.1934,JR_East,9020.T,Stock
2022-08-08,2166.76806640625,1129068483,2446429533750.148,JR_East,9020.T,Stock
2022-08-09,2166.76806640625,1129068483,2446429533750.148,JR_East,9020.T,Stock
2022-08-10,2167.382080078125,1129068483,2447122797235.1934,JR_East,9020.T,Stock
2022-08-12,2179.054443359375,1129068483,2460301694738.1787,JR_East,9020.T,Stock
2022-08-15,2169.839599609375,1129068483,2449897505084.284,JR_East,9020.T,Stock
2022-08-16,2152.6376953125,1129068483,2430475377095.1006,JR_East,9020.T,Stock
2022-08-17,2155.095458984375,1129068483,2433250360595.677,JR_East,9020.T,Stock
2022-08-18,2142.808349609375,1129068483,2419377372653.1904,JR_East,9020.T,Stock
2022-08-19,2141.886962890625,1129068483,2418337063948.3955,JR_East,9020.T,Stock
2022-08-22,2144.651123046875,1129068483,2421457990062.7812,JR_East,9020.T,Stock
2022-08-23,2165.539306640625,1129068483,2445042179825.6025,JR_East,9020.T,Stock
2022-08-24,2181.51171875,1129068483,2463076126935.785,JR_East,9020.T,Stock
2022-08-25,2176.59716796875,1129068483,2457527262540.5728,JR_East,9020.T,Stock
2022-08-26,2167.382080078125,1129068483,2447122797235.1934,JR_East,9020.T,Stock
2022-08-29,2131.75,1129068483,2406891738635.25,JR_East,9020.T,Stock
2022-08-30,2202.7060546875,1129068483,2487005983660.9307,JR_East,9020.T,Stock
2022-08-31,2223.59375,1129068483,2510589622120.7812,JR_East,9020.T,Stock
2022-09-01,2203.013671875,1129068483,2487353304532.166,JR_East,9020.T,Stock
2022-09-02,2200.863525390625,1129068483,2484925641902.825,JR_East,9020.T,Stock
2022-09-05,2164.310546875,1129068483,2443654825901.0566,JR_East,9020.T,Stock
2022-09-06,2156.32421875,1129068483,2434637714520.2227,JR_East,9020.T,Stock
2022-09-07,2150.1806640625,1129068483,2427701220548.9795,JR_East,9020.T,Stock
2022-09-08,2179.361572265625,1129068483,2460648464306.4443,JR_East,9020.T,Stock
2022-09-09,2153.558837890625,1129068483,2431515410148.411,JR_East,9020.T,Stock
2022-09-12,2216.2216796875,1129068483,2502266049876.4775,JR_East,9020.T,Stock
2022-09-13,2309.908203125,1129068483,2608044550771.5996,JR_East,9020.T,Stock
2022-09-14,2315.130126953125,1129068483,2613940460386.5625,JR_East,9020.T,Stock
2022-09-15,2359.362060546875,1129068483,2663881342549.414,JR_East,9020.T,Stock
2022-09-16,2359.976318359375,1129068483,2664574881685.9443,JR_East,9020.T,Stock
2022-09-20,2341.853515625,1129068483,2644112996294.9355,JR_East,9020.T,Stock
2022-09-21,2306.529296875,1129068483,2604229534217.713,JR_East,9020.T,Stock
2022-09-22,2339.089111328125,1129068483,2640991794529.0645,JR_East,9020.T,Stock
2022-09-26,2324.3447265625,1129068483,2624344374388.9717,JR_East,9020.T,Stock
2022-09-27,2330.181396484375,1129068483,2630934374443.4346,JR_East,9020.T,Stock
2022-09-28,2280.7265625,1129068483,2575096480059.6797,JR_East,9020.T,Stock
2022-09-29,2335.46484375,1129068483,2636899748232.6445,JR_East,9020.T,Stock
2022-09-30,2294.952880859375,1129068483,2591158967748.374,JR_East,9020.T,Stock
2022-10-03,2252.894287109375,1129068483,2543671935105.948,JR_East,9020.T,Stock
2022-10-04,2316.291259765625,1129068483,2615251458849.7334,JR_East,9020.T,Stock
2022-10-05,2303.302734375,1129068483,2600586524190.533,JR_East,9020.T,Stock
2022-10-06,2325.877685546875,1129068483,2626075190063.961,JR_East,9020.T,Stock
2022-10-07,2369.791748046875,1129068483,2675657173993.203,JR_East,9020.T,Stock
2022-10-11,2423.600830078125,1129068483,2736411312613.8496,JR_East,9020.T,Stock
2022-10-12,2455.4541015625,1129068483,2772375837527.3,JR_East,9020.T,Stock
2022-10-13,2421.4365234375,1129068483,2733967662198.372,JR_East,9020.T,Stock
2022-10-14,2456.69091796875,1129068483,2773772287950.854,JR_East,9020.T,Stock
2022-10-17,2470.91650390625,1129068483,2789833948685.0933,JR_East,9020.T,Stock
2022-10-18,2522.87060546875,1129068483,2848493687321.893,JR_East,9020.T,Stock
2022-10-19,2535.859375,1129068483,2863158897632.578,JR_East,9020.T,Stock
2022-10-20,2531.8388671875,1129068483,2858619468975.829,JR_East,9020.T,Stock
2022-10-21,2469.06103515625,1129068483,2787738997398.277,JR_East,9020.T,Stock
2022-10-24,2443.084228515625,1129068483,2758409403731.3623,JR_East,9020.T,Stock
2022-10-25,2461.638671875,1129068483,2779358640948.041,JR_East,9020.T,Stock
2022-10-26,2446.48583984375,1129068483,2762250055873.364,JR_East,9020.T,Stock
2022-10-27,2452.361328125,1129068483,2768883884513.959,JR_East,9020.T,Stock
2022-10-28,2457.927978515625,1129068483,2775169014025.8936,JR_East,9020.T,Stock
2022-10-31,2486.379150390625,1129068483,2807292335494.372,JR_East,9020.T,Stock
2022-11-01,2441.5380859375,1129068483,2756663702876.177,JR_East,9020.T,Stock
2022-11-02,2448.650634765625,1129068483,2764694257591.8115,JR_East,9020.T,Stock
2022-11-04,2443.393310546875,1129068483,2758758378511.508,JR_East,9020.T,Stock
2022-11-07,2457.618896484375,1129068483,2774820039245.747,JR_East,9020.T,Stock
2022-11-08,2440.91943359375,1129068483,2755965202012.9146,JR_East,9020.T,Stock
2022-11-09,2411.540283203125,1129068483,2722794129249.543,JR_East,9020.T,Stock
2022-11-10,2416.178955078125,1129068483,2728031507466.584,JR_East,9020.T,Stock
2022-11-11,2371.337646484375,1129068483,2677402599196.9033,JR_East,9020.T,Stock
2022-11-14,2380.305908203125,1129068483,2687528380850.84,JR_East,9020.T,Stock
2022-11-15,2375.976318359375,1129068483,2682639977413.9443,JR_East,9020.T,Stock
2022-11-16,2360.82373046875,1129068483,2665531667990.7524,JR_East,9020.T,Stock
2022-11-17,2430.095458984375,1129068483,2743744193420.677,JR_East,9020.T,Stock
2022-11-18,2392.9853515625,1129068483,2701844340729.8936,JR_East,9020.T,Stock
2022-11-21,2396.696044921875,1129068483,2706033967652.041,JR_East,9020.T,Stock
2022-11-22,2399.788818359375,1129068483,2709525920665.382,JR_East,9020.T,Stock
2022-11-24,2392.9853515625,1129068483,2701844340729.8936,JR_East,9020.T,Stock
2022-11-25,2405.355712890625,1129068483,2715811325828.802,JR_East,9020.T,Stock
2022-11-28,2407.82958984375,1129068483,2718604502327.395,JR_East,9020.T,Stock
2022-11-29,2425.456787109375,1129068483,2738506815203.6357,JR_East,9020.T,Stock
2022-11-30,2415.560791015625,1129068483,2727333557906.292,JR_East,9020.T,Stock
2022-12-01,2389.892822265625,1129068483,2698352663368.038,JR_East,9020.T,Stock
2022-12-02,2383.089599609375,1129068483,2690671359084.034,JR_East,9020.T,Stock
2022-12-05,2366.698974609375,1129068483,2672165220979.8623,JR_East,9020.T,Stock
2022-12-06,2354.947265625,1129068483,2658896736744.217,JR_East,9020.T,Stock
2022-12-07,2396.3876953125,1129068483,2705685819826.3506,JR_East,9020.T,Stock
2022-12-08,2403.1904296875,1129068483,2713366572807.384,JR_East,9020.T,Stock
2022-12-09,2409.37548828125,1129068483,2720349927531.095,JR_East,9020.T,Stock
2022-12-12,2406.9013671875,1129068483,2717556475381.0166,JR_East,9020.T,Stock
2022-12-13,2411.23095703125,1129068483,2722444878817.9116,JR_East,9020.T,Stock
2022-12-14,2393.603759765625,1129068483,2702542565941.671,JR_East,9020.T,Stock
2022-12-15,2405.0458984375,1129068483,2715461524094.2,JR_East,9020.T,Stock
2022-12-16,2388.656005859375,1129068483,2696956212944.4834,JR_East,9020.T,Stock
2022-12-19,2362.369140625,1129068483,2667276541891.4824,JR_East,9020.T,Stock
2022-12-20,2330.825927734375,1129068483,2631662094364.118,JR_East,9020.T,Stock
2022-12-21,2296.80810546875,1129068483,2593253643383.7056,JR_East,9020.T,Stock
2022-12-22,2308.868896484375,1129068483,2606871102399.497,JR_East,9020.T,Stock
2022-12-23,2296.189453125,1129068483,2592555142520.4434,JR_East,9020.T,Stock
2022-12-26,2317.8369140625,1129068483,2616996608401.948,JR_East,9020.T,Stock
2022-12-27,2346.906982421875,1129068483,2649818706385.174,JR_East,9020.T,Stock
2022-12-28,2336.082763671875,1129068483,2637597422141.451,JR_East,9020.T,Stock
2022-12-29,2324.640869140625,1129068483,2624678739640.407,JR_East,9020.T,Stock
2022-12-30,2325.568359375,1129068483,2625725939632.33,JR_East,9020.T,Stock
2023-01-04,2299.90087890625,1129068483,2596745596397.0464,JR_East,9020.T,Stock
2023-01-05,2274.5419921875,1129068483,2568113676638.9385,JR_East,9020.T,Stock
2023-01-06,2260.625732421875,1129068483,2552401266336.33,JR_East,9020.T,Stock
2023-01-10,2255.677734375,1129068483,2546814637687.658,JR_East,9020.T,Stock
2023-01-11,2235.57666015625,1129068483,2524119148312.8237,JR_East,9020.T,Stock
2023-01-12,2222.588134765625,1129068483,2509454213653.624,JR_East,9020.T,Stock
2023-01-13,2231.865478515625,1129068483,2519928970087.706,JR_East,9020.T,Stock
2023-01-16,2227.22705078125,1129068483,2514691867522.15,JR_East,9020.T,Stock
2023-01-17,2216.712158203125,1129068483,2502819833710.0586,JR_East,9020.T,Stock
2023-01-18,2250.729736328125,1129068483,2541228009038.9863,JR_East,9020.T,Stock
2023-01-19,2252.894287109375,1129068483,2543671935105.948,JR_East,9020.T,Stock
2023-01-20,2272.068359375,1129068483,2565320775791.83,JR_East,9020.T,Stock
2023-01-23,2268.048095703125,1129068483,2560781622786.5664,JR_East,9020.T,Stock
2023-01-24,2288.149169921875,1129068483,2583477112161.4004,JR_East,9020.T,Stock
2023-01-25,2285.984130859375,1129068483,2581032634791.468,JR_East,9020.T,Stock
2023-01-26,2264.646240234375,1129068483,2556940694993.079,JR_East,9020.T,Stock
2023-01-27,2255.059326171875,1129068483,2546116412475.881,JR_East,9020.T,Stock
2023-01-30,2242.38037109375,1129068483,2531801003899.7974,JR_East,9020.T,Stock
2023-01-31,2238.977783203125,1129068483,2527959249151.8555,JR_East,9020.T,Stock
2023-02-01,2170.943359375,1129068483,2451143725448.455,JR_East,9020.T,Stock
2023-02-02,2139.708740234375,1129068483,2415877701398.2666,JR_East,9020.T,Stock
2023-02-03,2134.14208984375,1129068483,2409592571886.3325,JR_East,9020.T,Stock
2023-02-06,2130.740234375,1129068483,2405751644092.8457,JR_East,9020.T,Stock
2023-02-07,2125.48291015625,1129068483,2399815765012.5425,JR_East,9020.T,Stock
2023-02-08,2153.0068359375,1129068483,2430892162140.583,JR_East,9020.T,Stock
2023-02-09,2133.523681640625,1129068483,2408894346674.5557,JR_East,9020.T,Stock
2023-02-10,2124.8642578125,1129068483,2399117264149.2803,JR_East,9020.T,Stock
2023-02-13,2125.7919921875,1129068483,2400164739792.6885,JR_East,9020.T,Stock
2023-02-14,2121.153564453125,1129068483,2394927637227.133,JR_East,9020.T,Stock
2023-02-15,2123.009033203125,1129068483,2397022588513.949,JR_East,9020.T,Stock
2023-02-16,2134.45166015625,1129068483,2409942097969.4487,JR_East,9020.T,Stock
2023-02-17,2116.823974609375,1129068483,2390039233790.2373,JR_East,9020.T,Stock
2023-02-20,2135.379150390625,1129068483,2410989297961.372,JR_East,9020.T,Stock
2023-02-21,2109.402099609375,1129068483,2381659428642.9717,JR_East,9020.T,Stock
2023-02-22,2091.46533203125,1129068483,2361407589683.6147,JR_East,9020.T,Stock
2023-02-24,2124.55517578125,1129068483,2398768289369.1343,JR_East,9020.T,Stock
2023-02-27,2133.8330078125,1129068483,2409243597106.1865,JR_East,9020.T,Stock
2023-02-28,2135.6884765625,1129068483,2411338548393.003,JR_East,9020.T,Stock
2023-03-01,2131.049560546875,1129068483,2406100894524.4766,JR_East,9020.T,Stock
2023-03-02,2134.760498046875,1129068483,2410290797098.1094,JR_East,9020.T,Stock
2023-03-03,2144.966064453125,1129068483,2421813580478.5703,JR_East,9020.T,Stock
2023-03-06,2159.191162109375,1129068483,2437874689909.839,JR_East,9020.T,Stock
2023-03-07,2191.353759765625,1129068483,2474188465254.921,JR_East,9020.T,Stock
2023-03-08,2230.628173828125,1129068483,2518531968361.1816,JR_East,9020.T,Stock
2023-03-09,2275.779052734375,1129068483,2569510402713.9775,JR_East,9020.T,Stock
2023-03-10,2245.472412109375,1129068483,2535292129958.6826,JR_East,9020.T,Stock
2023-03-13,2262.171630859375,1129068483,2554146691540.0303,JR_East,9020.T,Stock
2023-03-14,2312.889404296875,1129068483,2611410531056.246,JR_East,9020.T,Stock
2023-03-15,2258.15185546875,1129068483,2549608089837.737,JR_East,9020.T,Stock
2023-03-16,2222.27880859375,1129068483,2509104963221.9927,JR_East,9020.T,Stock
2023-03-17,2273.92333984375,1129068483,2567415175775.6763,JR_East,9020.T,Stock
2023-03-20,2239.90625,1129068483,2529007551749.7188,JR_East,9020.T,Stock
2023-03-22,2235.57666015625,1129068483,2524119148312.8237,JR_East,9020.T,Stock
2023-03-23,2230.628173828125,1129068483,2518531968361.1816,JR_East,9020.T,Stock
2023-03-24,2234.33935546875,1129068483,2522722146586.2993,JR_East,9020.T,Stock
2023-03-27,2274.23291015625,1129068483,2567764701858.7925,JR_East,9020.T,Stock
2023-03-28,2261.244384765625,1129068483,2553099767199.593,JR_East,9020.T,Stock
2023-03-29,2287.22119140625,1129068483,2582429360866.5073,JR_East,9020.T,Stock
2023-03-30,2286.910400390625,1129068483,2582078456525.966,JR_East,9020.T,Stock
2023-03-31,2283.796142578125,1129068483,2578562246181.9355,JR_East,9020.T,Stock
2023-04-03,2322.716064453125,1129068483,2622505503331.8203,JR_East,9020.T,Stock
2023-04-04,2342.642822265625,1129068483,2645004177546.288,JR_East,9020.T,Stock
2023-04-05,2330.499755859375,1129068483,2631293823980.0146,JR_East,9020.T,Stock
2023-04-06,2315.554931640625,1129068483,2614420093970.6494,JR_East,9020.T,Stock
2023-04-07,2312.75244140625,1129068483,2611255890573.101,JR_East,9020.T,Stock
2023-04-10,2327.07470703125,1129068483,2627426709295.443,JR_East,9020.T,Stock
2023-04-11,2329.56591796875,1129068483,2630239457049.479,JR_East,9020.T,Stock
2023-04-12,2329.2548828125,1129068483,2629888277057.452,JR_East,9020.T,Stock
2023-04-13,2330.499755859375,1129068483,2631293823980.0146,JR_East,9020.T,Stock
2023-04-14,2332.99072265625,1129068483,2634106296082.566,JR_East,9020.T,Stock
2023-04-17,2340.15185546875,1129068483,2642191705443.737,JR_East,9020.T,Stock
2023-04-18,2362.569580078125,1129068483,2667502851760.756,JR_East,9020.T,Stock
2023-04-19,2387.166748046875,1129068483,2695274738885.328,JR_East,9020.T,Stock
2023-04-20,2377.202880859375,1129068483,2684024850475.124,JR_East,9020.T,Stock
2023-04-21,2383.430419921875,1129068483,2691056168557.244,JR_East,9020.T,Stock
2023-04-24,2414.254638671875,1129068483,2725858822460.967,JR_East,9020.T,Stock
2023-04-25,2422.03857421875,1129068483,2734647418760.647,JR_East,9020.T,Stock
2023-04-26,2422.972412109375,1129068483,2735701785691.1826,JR_East,9020.T,Stock
2023-04-27,2412.38671875,1129068483,2723749812948.41,JR_East,9020.T,Stock
2023-04-28,2429.82275390625,1129068483,2743436290711.812,JR_East,9020.T,Stock
2023-05-01,2473.10107421875,1129068483,2792300478173.8345,JR_East,9020.T,Stock
2023-05-02,2448.8154296875,1129068483,2764880322344.259,JR_East,9020.T,Stock
2023-05-08,2458.77880859375,1129068483,2776129659451.4927,JR_East,9020.T,Stock
2023-05-09,2457.221923828125,1129068483,2774371829930.963,JR_East,9020.T,Stock
2023-05-10,2466.873779296875,1129068483,2785269435743.199,JR_East,9020.T,Stock
2023-05-11,2475.280517578125,1129068483,2794761218981.3887,JR_East,9020.T,Stock
2023-05-12,2521.983642578125,1129068483,2847492245476.498,JR_East,9020.T,Stock
2023-05-15,2523.229248046875,1129068483,2848898619353.5156,JR_East,9020.T,Stock
2023-05-16,2533.504150390625,1129068483,2860499687755.747,JR_East,9020.T,Stock
2023-05-17,2574.602783203125,1129068483,2906902858758.7305,JR_East,9020.T,Stock
2023-05-18,2553.742431640625,1129068483,2883350093265.212,JR_East,9020.T,Stock
2023-05-19,2510.775390625,1129068483,2834837361446.701,JR_East,9020.T,Stock
2023-05-22,2543.77880859375,1129068483,2872100480506.4927,JR_East,9020.T,Stock
2023-05-23,2500.189208984375,1129068483,2822884837400.958,JR_East,9020.T,Stock
2023-05-24,2430.4453125,1129068483,2744139201998.836,JR_East,9020.T,Stock
2023-05-25,2398.375732421875,1129068483,2707930449869.58,JR_East,9020.T,Stock
2023-05-26,2460.02392578125,1129068483,2777535482025.5405,JR_East,9020.T,Stock
2023-05-29,2449.126708984375,1129068483,2765231777987.7705,JR_East,9020.T,Stock
2023-05-30,2420.48193359375,1129068483,2732889864891.602,JR_East,9020.T,Stock
2023-05-31,2393.70556640625,1129068483,2702657512610.9604,JR_East,9020.T,Stock
2023-06-01,2395.261962890625,1129068483,2704414790828.5205,JR_East,9020.T,Stock
2023-06-02,2401.177734375,1129068483,2711094101964.158,JR_East,9020.T,Stock
2023-06-05,2430.134033203125,1129068483,2743787746355.324,JR_East,9020.T,Stock
2023-06-06,2454.1083984375,1129068483,2770856446541.3877,JR_East,9020.T,Stock
2023-06-07,2430.75634765625,1129068483,2744490381990.863,JR_East,9020.T,Stock
2023-06-08,2458.156005859375,1129068483,2775426472512.9834,JR_East,9020.T,Stock
2023-06-09,2455.6650390625,1129068483,2772614000410.4326,JR_East,9020.T,Stock
2023-06-12,2458.156005859375,1129068483,2775426472512.9834,JR_East,9020.T,Stock
2023-06-13,2457.8447265625,1129068483,2775075016869.4717,JR_East,9020.T,Stock
2023-06-14,2457.8447265625,1129068483,2775075016869.4717,JR_East,9020.T,Stock
2023-06-15,2433.55859375,1129068483,2747654309736.926,JR_East,9020.T,Stock
2023-06-16,2433.55859375,1129068483,2747654309736.926,JR_East,9020.T,Stock
2023-06-19,2429.82275390625,1129068483,2743436290711.812,JR_East,9020.T,Stock
2023-06-20,2412.38671875,1129068483,2723749812948.41,JR_East,9020.T,Stock
2023-06-21,2457.8447265625,1129068483,2775075016869.4717,JR_East,9020.T,Stock
2023-06-22,2461.58056640625,1129068483,2779293035894.5854,JR_East,9020.T,Stock
2023-06-23,2478.0830078125,1129068483,2797925422378.9365,JR_East,9020.T,Stock
2023-06-26,2468.119140625,1129068483,2786675533968.7324,JR_East,9020.T,Stock
2023-06-27,2485.86669921875,1129068483,2806713743027.1313,JR_East,9020.T,Stock
2023-06-28,2504.548095703125,1129068483,2827806319016.0664,JR_East,9020.T,Stock
2023-06-29,2501.4345703125,1129068483,2824290935626.491,JR_East,9020.T,Stock
2023-06-30,2486.800537109375,1129068483,2807768109957.667,JR_East,9020.T,Stock
2023-07-03,2494.272705078125,1129068483,2816204699310.865,JR_East,9020.T,Stock
2023-07-04,2482.44189453125,1129068483,2802846903994.0444,JR_East,9020.T,Stock
2023-07-05,2457.8447265625,1129068483,2775075016869.4717,JR_East,9020.T,Stock
2023-07-06,2442.587890625,1129068483,2757849004262.1387,JR_East,9020.T,Stock
2023-07-07,2444.14501953125,1129068483,2759607109434.154,JR_East,9020.T,Stock
2023-07-10,2439.785888671875,1129068483,2754685352167.5605,JR_East,9020.T,Stock
2023-07-11,2456.287841796875,1129068483,2773317187348.9414,JR_East,9020.T,Stock
2023-07-12,2441.3427734375,1129068483,2756443181688.091,JR_East,9020.T,Stock
2023-07-13,2431.690673828125,1129068483,2745545300224.369,JR_East,9020.T,Stock
2023-07-14,2402.111572265625,1129068483,2712148468894.6943,JR_East,9020.T,Stock
2023-07-18,2380.628173828125,1129068483,2687892240811.1816,JR_East,9020.T,Stock
2023-07-19,2414.877197265625,1129068483,2726561733747.991,JR_East,9020.T,Stock
2023-07-20,2418.92529296875,1129068483,2731132311022.557,JR_East,9020.T,Stock
2023-07-21,2407.71630859375,1129068483,2718476600038.305,JR_East,9020.T,Stock
2023-07-24,2425.463134765625,1129068483,2738513982142.249,JR_East,9020.T,Stock
2023-07-25,2454.1083984375,1129068483,2770856446541.3877,JR_East,9020.T,Stock
2023-07-26,2478.393798828125,1129068483,2798276326719.4785,JR_East,9020.T,Stock
2023-07-27,2507.66162109375,1129068483,2831321702405.641,JR_East,9020.T,Stock
2023-07-28,2518.559326171875,1129068483,2843625957746.381,JR_East,9020.T,Stock
2023-07-31,2507.35009765625,1129068483,2830969971110.644,JR_East,9020.T,Stock
2023-08-01,2534.126708984375,1129068483,2861202599042.7705,JR_East,9020.T,Stock
2023-08-02,2482.130126953125,1129068483,2802494897047.5625,JR_East,9020.T,Stock
2023-08-03,2447.88134765625,1129068483,2763825679762.238,JR_East,9020.T,Stock
2023-08-04,2434.80419921875,1129068483,2749060683613.944,JR_East,9020.T,Stock
2023-08-07,2452.551513671875,1129068483,2769098617020.8574,JR_East,9020.T,Stock
2023-08-08,2487.734375,1129068483,2808822476888.203,JR_East,9020.T,Stock
2023-08-09,2511.08642578125,1129068483,2835188541438.728,JR_East,9020.T,Stock
2023-08-10,2540.35400390625,1129068483,2868233641473.406,JR_East,9020.T,Stock
2023-08-14,2515.756591796875,1129068483,2840461478697.3477,JR_East,9020.T,Stock
2023-08-15,2523.540771484375,1129068483,2849250350648.5127,JR_East,9020.T,Stock
2023-08-16,2503.614013671875,1129068483,2826751676434.045,JR_East,9020.T,Stock
2023-08-17,2505.79345703125,1129068483,2829212417241.599,JR_East,9020.T,Stock
2023-08-18,2488.98046875,1129068483,2810229402068.1914,JR_East,9020.T,Stock
2023-08-21,2501.74560546875,1129068483,2824642115618.518,JR_East,9020.T,Stock
2023-08-22,2492.09375,1129068483,2813744509806.2812,JR_East,9020.T,Stock
2023-08-23,2523.540771484375,1129068483,2849250350648.5127,JR_East,9020.T,Stock
2023-08-24,2509.8408203125,1129068483,2833782167561.71,JR_East,9020.T,Stock
2023-08-25,2514.51123046875,1129068483,2839055380471.815,JR_East,9020.T,Stock
2023-08-28,2507.97314453125,1129068483,2831673433700.638,JR_East,9020.T,Stock
2023-08-29,2529.456298828125,1129068483,2855929386132.666,JR_East,9020.T,Stock
2023-08-30,2531.947021484375,1129068483,2858741582583.7314,JR_East,9020.T,Stock
2023-08-31,2563.082763671875,1129068483,2893895967782.451,JR_East,9020.T,Stock
2023-09-01,2579.584716796875,1129068483,2912527802963.832,JR_East,9020.T,Stock
2023-09-04,2559.3466796875,1129068483,2889677673105.8525,JR_East,9020.T,Stock
2023-09-05,2570.555419921875,1129068483,2902333108438.619,JR_East,9020.T,Stock
2023-09-06,2576.47119140625,1129068483,2909012419574.2573,JR_East,9020.T,Stock
2023-09-07,2646.526123046875,1129068483,2988109234968.4062,JR_East,9020.T,Stock
2023-09-08,2609.785888671875,1129068483,2946626994277.5605,JR_East,9020.T,Stock
2023-09-11,2602.002685546875,1129068483,2937839224932.336,JR_East,9020.T,Stock
2023-09-12,2638.74267578125,1129068483,2979321189971.697,JR_East,9020.T,Stock
2023-09-13,2730.904052734375,1129068483,3083377696039.3525,JR_East,9020.T,Stock
2023-09-14,2746.782958984375,1129068483,3101306068630.7393,JR_East,9020.T,Stock
2023-09-15,2774.182373046875,1129068483,3132241883501.375,JR_East,9020.T,Stock
2023-09-19,2748.028564453125,1129068483,3102712442507.758,JR_East,9020.T,Stock
2023-09-20,2768.88916015625,1129068483,3126265483652.761,JR_East,9020.T,Stock
2023-09-21,2738.687744140625,1129068483,3092166016687.548,JR_East,9020.T,Stock
2023-09-22,2728.4130859375,1129068483,3080565223936.802,JR_East,9020.T,Stock
2023-09-25,2721.251953125,1129068483,3072479814575.631,JR_East,9020.T,Stock
2023-09-26,2748.028564453125,1129068483,3102712442507.758,JR_East,9020.T,Stock
2023-09-27,2755.189697265625,1129068483,3110797851868.9287,JR_East,9020.T,Stock
2023-09-28,2692.21533203125,1129068483,3039695480845.8647,JR_East,9020.T,Stock
2023-09-29,2680.31005859375,1129068483,3026253611826.0864,JR_East,9020.T,Stock
2023-10-02,2600.417724609375,1129068483,2936049695491.0186,JR_East,9020.T,Stock
2023-10-03,2541.829833984375,1129068483,2869899954700.88,JR_East,9020.T,Stock
2023-10-04,2474.783203125,1129068483,2794199716906.2246,JR_East,9020.T,Stock
2023-10-05,2498.28076171875,1129068483,2820730069741.8735,JR_East,9020.T,Stock
2023-10-06,2508.306396484375,1129068483,2832049697977.8096,JR_East,9020.T,Stock
2023-10-10,2518.01904296875,1129068483,2843015941009.8384,JR_East,9020.T,Stock
2023-10-11,2497.027587890625,1129068483,2819315150668.8174,JR_East,9020.T,Stock
2023-10-12,2479.16943359375,1129068483,2799152071487.6646,JR_East,9020.T,Stock
2023-10-13,2472.590087890625,1129068483,2791723539615.505,JR_East,9020.T,Stock
2023-10-16,2388.624755859375,1129068483,2696920929554.3896,JR_East,9020.T,Stock
2023-10-17,2390.50439453125,1129068483,2699043170338.232,JR_East,9020.T,Stock
2023-10-18,2430.607421875,1129068483,2744322234584.9473,JR_East,9020.T,Stock
2023-10-19,2440.00634765625,1129068483,2754934265458.613,JR_East,9020.T,Stock
2023-10-20,2424.65478515625,1129068483,2737601300075.058,JR_East,9020.T,Stock
2023-10-23,2395.2041015625,1129068483,2704349461426.55,JR_East,9020.T,Stock
2023-10-24,2409.92919921875,1129068483,2720975105099.319,JR_East,9020.T,Stock
2023-10-25,2412.435791015625,1129068483,2723805218896.917,JR_East,9020.T,Stock
2023-10-26,2417.13525390625,1129068483,2729111234333.7495,JR_East,9020.T,Stock
2023-10-27,2453.1650390625,1129068483,2769791329202.9326,JR_East,9020.T,Stock
2023-10-30,2412.122314453125,1129068483,2723451282390.039,JR_East,9020.T,Stock
2023-10-31,2466.323486328125,1129068483,2784648117295.7676,JR_East,9020.T,Stock
2023-11-01,2518.01904296875,1129068483,2843015941009.8384,JR_East,9020.T,Stock
2023-11-02,2547.156005859375,1129068483,2875913567499.9834,JR_East,9020.T,Stock
2023-11-06,2528.984619140625,1129068483,2855396827463.4385,JR_East,9020.T,Stock
2023-11-07,2470.710205078125,1129068483,2789601023180.1777,JR_East,9020.T,Stock
2023-11-08,2420.581787109375,1129068483,2733002606349.0107,JR_East,9020.T,Stock
2023-11-09,2442.19970703125,1129068483,2757410718400.818,JR_East,9020.T,Stock
2023-11-10,2456.298095703125,1129068483,2773328764711.3164,JR_East,9020.T,Stock
2023-11-13,2459.117919921875,1129068483,2776512539364.3066,JR_East,9020.T,Stock
2023-11-14,2479.16943359375,1129068483,2799152071487.6646,JR_East,9020.T,Stock
2023-11-15,2482.615234375,1129068483,2803042616548.4707,JR_East,9020.T,Stock
2023-11-16,2456.611572265625,1129068483,2773682701218.1943,JR_East,9020.T,Stock
2023-11-17,2496.71435546875,1129068483,2818961489813.4243,JR_East,9020.T,Stock
2023-11-20,2505.173583984375,1129068483,2828512538120.911,JR_East,9020.T,Stock
2023-11-21,2544.33642578125,1129068483,2872730068498.478,JR_East,9020.T,Stock
2023-11-22,2536.81689453125,1129068483,2864240002757.1694,JR_East,9020.T,Stock
2023-11-24,2502.6669921875,1129068483,2825682424323.3135,JR_East,9020.T,Stock
2023-11-27,2485.435546875,1129068483,2806226942504.4316,JR_East,9020.T,Stock
2023-11-28,2491.074951171875,1129068483,2812594216158.9277,JR_East,9020.T,Stock
2023-11-29,2478.855712890625,1129068483,2798797859329.302,JR_East,9020.T,Stock
2023-11-30,2504.860107421875,1129068483,2828158601614.033,JR_East,9020.T,Stock
2023-12-01,2497.654296875,1129068483,2820022748031.088,JR_East,9020.T,Stock
2023-12-04,2501.41357421875,1129068483,2824267229598.772,JR_East,9020.T,Stock
2023-12-05,2537.44384765625,1129068483,2864947875770.9253,JR_East,9020.T,Stock
2023-12-06,2547.156005859375,1129068483,2875913567499.9834,JR_East,9020.T,Stock
2023-12-07,2566.5810546875,1129068483,2897845777912.5557,JR_East,9020.T,Stock
2023-12-08,2536.50390625,1129068483,2863886617553.2617,JR_East,9020.T,Stock
2023-12-11,2565.64111328125,1129068483,2896784519694.892,JR_East,9020.T,Stock
2023-12-12,2557.495361328125,1129068483,2887587407894.283,JR_East,9020.T,Stock
2023-12-13,2588.198974609375,1129068483,2922253889964.3623,JR_East,9020.T,Stock
2023-12-14,2604.8037109375,1129068483,2941001774420.9736,JR_East,9020.T,Stock
2023-12-15,2576.920166015625,1129068483,2909519342655.37,JR_East,9020.T,Stock
2023-12-18,2549.662353515625,1129068483,2878743405646.0967,JR_East,9020.T,Stock
2023-12-19,2514.88623046875,1129068483,2839478781152.94,JR_East,9020.T,Stock
2023-12-20,2507.366455078125,1129068483,2830988439760.1465,JR_East,9020.T,Stock
2023-12-21,2523.031494140625,1129068483,2848675341650.579,JR_East,9020.T,Stock
2023-12-22,2531.177734375,1129068483,2857873004754.158,JR_East,9020.T,Stock
2023-12-25,2532.74462890625,1129068483,2859642135985.5776,JR_East,9020.T,Stock
2023-12-26,2514.88623046875,1129068483,2839478781152.94,JR_East,9020.T,Stock
2023-12-27,2544.963134765625,1129068483,2873437665860.749,JR_East,9020.T,Stock
2023-12-28,2542.45654296875,1129068483,2870607552063.151,JR_East,9020.T,Stock
2023-12-29,2546.843017578125,1129068483,2875560182296.076,JR_East,9020.T,Stock
2024-01-04,2582.24609375,1129068483,2915532679802.9883,JR_East,9020.T,Stock
2024-01-05,2605.430419921875,1129068483,2941709371783.244,JR_East,9020.T,Stock
2024-01-09,2599.477783203125,1129068483,2934988437273.3555,JR_East,9020.T,Stock
2024-01-10,2616.396240234375,1129068483,2954090533888.329,JR_East,9020.T,Stock
2024-01-11,2644.593505859375,1129068483,2985927177812.296,JR_East,9020.T,Stock
2024-01-12,2661.19873046875,1129068483,3004675613571.8774,JR_East,9020.T,Stock
2024-01-15,2648.353271484375,1129068483,2990172210682.95,JR_East,9020.T,Stock
2024-01-16,2664.331787109375,1129068483,3008213049080.2607,JR_East,9020.T,Stock
2024-01-17,2667.77783203125,1129068483,3012103869792.5522,JR_East,9020.T,Stock
2024-01-18,2627.362060546875,1129068483,2966471695993.414,JR_East,9020.T,Stock
2024-01-19,2601.6708984375,1129068483,2937464614564.075,JR_East,9020.T,Stock
2024-01-22,2652.11279296875,1129068483,2994416967902.1196,JR_East,9020.T,Stock
2024-01-23,2612.636962890625,1129068483,2949846052320.6455,JR_East,9020.T,Stock
2024-01-24,2584.439208984375,1129068483,2918008857093.708,JR_East,9020.T,Stock
2024-01-25,2639.894287109375,1129068483,2980621438026.948,JR_East,9020.T,Stock
2024-01-26,2604.8037109375,1129068483,2941001774420.9736,JR_East,9020.T,Stock
2024-01-29,2628.302001953125,1129068483,2967532954211.078,JR_East,9020.T,Stock
2024-01-30,2612.949951171875,1129068483,2950199437524.5527,JR_East,9020.T,Stock
2024-01-31,2644.593505859375,1129068483,2985927177812.296,JR_East,9020.T,Stock
2024-02-01,2756.12939453125,1129068483,3111858834435.107,JR_East,9020.T,Stock
2024-02-02,2803.125,1129068483,3164920091409.375,JR_East,9020.T,Stock
2024-02-05,2809.390869140625,1129068483,3171994686774.657,JR_East,9020.T,Stock
2024-02-06,2866.0986328125,1129068483,3236021635477.9834,JR_East,9020.T,Stock
2024-02-07,2819.72998046875,1129068483,3183668251517.471,JR_East,9020.T,Stock
2024-02-08,2799.991943359375,1129068483,3161382655900.991,JR_East,9020.T,Stock
2024-02-09,2805.631591796875,1129068483,3167750205206.9727,JR_East,9020.T,Stock
2024-02-13,2838.215087890625,1129068483,3204539203712.38,JR_East,9020.T,Stock
2024-02-14,2788.08642578125,1129068483,3147940511229.728,JR_East,9020.T,Stock
2024-02-15,2762.708984375,1129068483,3119287641958.752,JR_East,9020.T,Stock
2024-02-16,2789.0263671875,1129068483,3149001769447.3916,JR_East,9020.T,Stock
2024-02-19,2835.70849609375,1129068483,3201709089914.7817,JR_East,9020.T,Stock
2024-02-20,2803.751708984375,1129068483,3165627688771.6455,JR_East,9020.T,Stock
2024-02-21,2805.631591796875,1129068483,3167750205206.9727,JR_East,9020.T,Stock
2024-02-22,2825.99658203125,1129068483,3190743673837.2085,JR_East,9020.T,Stock
2024-02-26,2833.201904296875,1129068483,3198878976117.1836,JR_East,9020.T,Stock
2024-02-27,2792.159423828125,1129068483,3152539204955.7754,JR_East,9020.T,Stock
2024-02-28,2772.73486328125,1129068483,3130607545846.1733,JR_East,9020.T,Stock
2024-02-29,2777.433837890625,1129068483,3135913009980.036,JR_East,9020.T,Stock
2024-03-01,2792.785888671875,1129068483,3153246526666.5605,JR_East,9020.T,Stock
2024-03-04,2752.056640625,1129068483,3107260416360.545,JR_East,9020.T,Stock
2024-03-05,2753.309814453125,1129068483,3108675335433.6016,JR_East,9020.T,Stock
2024-03-06,2754.876220703125,1129068483,3110443915362.051,JR_East,9020.T,Stock
2024-03-07,2792.159423828125,1129068483,3152539204955.7754,JR_East,9020.T,Stock
2024-03-08,2739.211181640625,1129068483,3092757013471.618,JR_East,9020.T,Stock
2024-03-11,2745.7900390625,1129068483,3100184994040.8076,JR_East,9020.T,Stock
2024-03-12,2736.3916015625,1129068483,3089573514470.1123,JR_East,9020.T,Stock
2024-03-13,2746.10400390625,1129068483,3100539481850.656,JR_East,9020.T,Stock
2024-03-14,2783.699951171875,1129068483,3142987880996.8027,JR_East,9020.T,Stock
2024-03-15,2785.893310546875,1129068483,3145464333939.008,JR_East,9020.T,Stock
2024-03-18,2805.318359375,1129068483,3167396544351.58,JR_East,9020.T,Stock
2024-03-19,2843.227783203125,1129068483,3210198880004.6055,JR_East,9020.T,Stock
2024-03-21,2816.59716796875,1129068483,3180131091660.5728,JR_East,9020.T,Stock
2024-03-22,2827.24951171875,1129068483,3192158317258.78,JR_East,9020.T,Stock
2024-03-25,2850.747314453125,1129068483,3218688945745.914,JR_East,9020.T,Stock
2024-03-26,2828.189208984375,1129068483,3193219299824.958,JR_East,9020.T,Stock
2024-03-27,2838.5283203125,1129068483,3204892864567.7725,JR_East,9020.T,Stock
2024-03-28,2751.079345703125,1129068483,3106156983465.66,JR_East,9020.T,Stock
2024-03-29,2771.478759765625,1129068483,3129189318955.296,JR_East,9020.T,Stock
2024-04-01,2743.489013671875,1129068483,3097586978793.67,JR_East,9020.T,Stock
2024-04-02,2707.43408203125,1129068483,3056878491821.521,JR_East,9020.T,Stock
2024-04-03,2750.605224609375,1129068483,3105621668281.581,JR_East,9020.T,Stock
2024-04-04,2739.21923828125,1129068483,3092766109970.6265,JR_East,9020.T,Stock
2024-04-05,2748.707275390625,1129068483,3103478753636.3564,JR_East,9020.T,Stock
2024-04-08,2748.233154296875,1129068483,3102943438452.2773,JR_East,9020.T,Stock
2024-04-09,2768.158203125,1129068483,3125440183106.3496,JR_East,9020.T,Stock
2024-04-10,2766.26025390625,1129068483,3123297268461.1245,JR_East,9020.T,Stock
2024-04-11,2770.5302734375,1129068483,3128118412935.6533,JR_East,9020.T,Stock
2024-04-12,2777.646240234375,1129068483,3136152826772.079,JR_East,9020.T,Stock
2024-04-15,2815.124267578125,1129068483,3178468086250.92,JR_East,9020.T,Stock
2024-04-16,2746.33544921875,1129068483,3100800799458.5376,JR_East,9020.T,Stock
2024-04-17,2742.065673828125,1129068483,3095979930635.494,JR_East,9020.T,Stock
2024-04-18,2763.413818359375,1129068483,3120083447796.257,JR_East,9020.T,Stock
2024-04-19,2711.70361328125,1129068483,3061699084993.0796,JR_East,9020.T,Stock
2024-04-22,2770.0556640625,1129068483,3127582546448.6045,JR_East,9020.T,Stock
2024-04-23,2774.3251953125,1129068483,3132403139620.163,JR_East,9020.T,Stock
2024-04-24,2772.427734375,1129068483,3130260776277.908,JR_East,9020.T,Stock
2024-04-25,2733.0517578125,1129068483,3085802602153.843,JR_East,9020.T,Stock
2024-04-26,2730.679931640625,1129068483,3083124647976.0244,JR_East,9020.T,Stock
2024-04-30,2744.912353515625,1129068483,3099194026951.8467,JR_East,9020.T,Stock
2024-05-01,2841.21630859375,1129068483,3207927787418.805,JR_East,9020.T,Stock
2024-05-02,2860.667236328125,1129068483,3229889216888.799,JR_East,9020.T,Stock
2024-05-07,2836.947021484375,1129068483,3203107469898.7314,JR_East,9020.T,Stock
2024-05-08,2736.372802734375,1129068483,3089552289305.759,JR_East,9020.T,Stock
2024-05-09,2719.768798828125,1129068483,3070805231803.6035,JR_East,9020.T,Stock
2024-05-10,2733.526611328125,1129068483,3086338744292.377,JR_East,9020.T,Stock
2024-05-13,2733.526611328125,1129068483,3086338744292.377,JR_East,9020.T,Stock
2024-05-14,2774.7998046875,1129068483,3132939006107.212,JR_East,9020.T,Stock
2024-05-15,2726.410400390625,1129068483,3078304054804.466,JR_East,9020.T,Stock
2024-05-16,2675.174560546875,1129068483,3020455282836.8516,JR_East,9020.T,Stock
2024-05-17,2668.532958984375,1129068483,3012956459835.9893,JR_East,9020.T,Stock
2024-05-20,2697.4716796875,1129068483,3045630257320.2275,JR_East,9020.T,Stock
2024-05-21,2683.7138671875,1129068483,3030096744831.454,JR_East,9020.T,Stock
2024-05-22,2653.826416015625,1129068483,2996351765676.089,JR_East,9020.T,Stock
2024-05-23,2683.2392578125,1129068483,3029560878344.4053,JR_East,9020.T,Stock
2024-05-24,2695.57373046875,1129068483,3043487342675.0024,JR_East,9020.T,Stock
2024-05-27,2730.679931640625,1129068483,3083124647976.0244,JR_East,9020.T,Stock
2024-05-28,2721.666259765625,1129068483,3072947595145.8584,JR_East,9020.T,Stock
2024-05-29,2653.3515625,1129068483,2995815623537.5547,JR_East,9020.T,Stock
2024-05-30,2614.450439453125,1129068483,2951893591552.0234,JR_East,9020.T,Stock
2024-05-31,2589.781494140625,1129068483,2924040662890.829,JR_East,9020.T,Stock
2024-06-03,2617.771240234375,1129068483,2955643003052.454,JR_East,9020.T,Stock
2024-06-04,2605.9111328125,1129068483,2942252129557.421,JR_East,9020.T,Stock
2024-06-05,2632.952392578125,1129068483,2972783563699.4043,JR_East,9020.T,Stock
2024-06-06,2609.232177734375,1129068483,2946001816709.337,JR_East,9020.T,Stock
2024-06-07,2574.1259765625,1129068483,2906364511408.3154,JR_East,9020.T,Stock
2024-06-10,2595.948486328125,1129068483,2931003619404.6426,JR_East,9020.T,Stock
2024-06-11,2561.79150390625,1129068483,2892438047077.7183,JR_East,9020.T,Stock
2024-06-12,2485.88671875,1129068483,2806736346448.91,JR_East,9020.T,Stock
2024-06-13,2429.4326171875,1129068483,2742995799638.6104,JR_East,9020.T,Stock
2024-06-14,2432.27880859375,1129068483,2746209344651.9927,JR_East,9020.T,Stock
2024-06-17,2377.247802734375,1129068483,2684075570348.384,JR_East,9020.T,Stock
2024-06-18,2385.3125,1129068483,2693181165855.9375,JR_East,9020.T,Stock
2024-06-19,2454.575927734375,1129068483,2771384319135.368,JR_East,9020.T,Stock
2024-06-20,2425.162841796875,1129068483,2738174930815.5664,JR_East,9020.T,Stock
2024-06-21,2454.10107421875,1129068483,2770848176996.8345,JR_East,9020.T,Stock
2024-06-24,2472.603271484375,1129068483,2791738424795.7,JR_East,9020.T,Stock
2024-06-25,2516.24853515625,1129068483,2841016916439.8394,JR_East,9020.T,Stock
2024-06-26,2509.132568359375,1129068483,2832982502603.413,JR_East,9020.T,Stock
2024-06-27,2502.965576171875,1129068483,2826019546089.5996,JR_East,9020.T,Stock
2024-06-28,2528.108642578125,1129068483,2854407789934.873,JR_East,9020.T,Stock
2024-07-01,2473.55224609375,1129068483,2792809882118.313,JR_East,9020.T,Stock
2024-07-02,2476.3984375,1129068483,2796023427131.6953,JR_East,9020.T,Stock
2024-07-03,2470.705810546875,1129068483,2789596061453.4453,JR_East,9020.T,Stock
2024-07-04,2492.053955078125,1129068483,2813699578614.209,JR_East,9020.T,Stock
2024-07-05,2498.6953125,1129068483,2821198125963.586,JR_East,9020.T,Stock
2024-07-08,2465.961669921875,1129068483,2784239601794.838,JR_East,9020.T,Stock
2024-07-09,2481.61669921875,1129068483,2801915201974.3813,JR_East,9020.T,Stock
2024-07-10,2511.50439453125,1129068483,2835660456781.232,JR_East,9020.T,Stock
2024-07-11,2571.754150390625,1129068483,2903686557230.497,JR_East,9020.T,Stock
2024-07-12,2563.68896484375,1129068483,2894580410419.973,JR_East,9020.T,Stock
2024-07-16,2548.982666015625,1129068483,2877975991911.5576,JR_East,9020.T,Stock
2024-07-17,2566.53564453125,1129068483,2897794506736.3257,JR_East,9020.T,Stock
2024-07-18,2554.200927734375,1129068483,2883867766754.243,JR_East,9020.T,Stock
2024-07-19,2561.79150390625,1129068483,2892438047077.7183,JR_East,9020.T,Stock
2024-07-22,2637.221923828125,1129068483,2977604156870.963,JR_East,9020.T,Stock
2024-07-23,2650.979736328125,1129068483,2993137669359.7363,JR_East,9020.T,Stock
2024-07-24,2590.73046875,1129068483,2925112120213.4414,JR_East,9020.T,Stock
2024-07-25,2598.32080078125,1129068483,2933682124885.431,JR_East,9020.T,Stock
2024-07-26,2571.754150390625,1129068483,2903686557230.497,JR_East,9020.T,Stock
2024-07-29,2621.566650390625,1129068483,2959928281039.9346,JR_East,9020.T,Stock
2024-07-30,2629.1572265625,1129068483,2968498561363.409,JR_East,9020.T,Stock
2024-07-31,2680.39306640625,1129068483,3026347333331.023,JR_East,9020.T,Stock
2024-08-01,2595.000244140625,1129068483,2929932989036.4854,JR_East,9020.T,Stock
2024-08-02,2503.9140625,1129068483,2827090452109.242,JR_East,9020.T,Stock
2024-08-05,2316.04931640625,1129068483,2614978288227.9917,JR_East,9020.T,Stock
2024-08-06,2488.2587890625,1129068483,2809414576278.214,JR_East,9020.T,Stock
2024-08-07,2454.10107421875,1129068483,2770848176996.8345,JR_East,9020.T,Stock
2024-08-08,2461.69189453125,1129068483,2779418732971.7944,JR_East,9020.T,Stock
2024-08-09,2440.343505859375,1129068483,2755314940159.546,JR_East,9020.T,Stock
2024-08-13,2437.497314453125,1129068483,2752101395146.164,JR_East,9020.T,Stock
2024-08-14,2506.2861328125,1129068483,2829768681938.546,JR_East,9020.T,Stock
2024-08-15,2480.193603515625,1129068483,2800308429467.6904,JR_East,9020.T,Stock
2024-08-16,2520.51806640625,1129068483,2845837509611.398,JR_East,9020.T,Stock
2024-08-19,2552.77783203125,1129068483,2882260994247.5522,JR_East,9020.T,Stock
2024-08-20,2598.795166015625,1129068483,2934217715720.995,JR_East,9020.T,Stock
2024-08-21,2610.18115234375,1129068483,2947073274031.9497,JR_East,9020.T,Stock
2024-08-22,2606.3857421875,1129068483,2942787996044.4697,JR_East,9020.T,Stock
2024-08-23,2645.286865234375,1129068483,2986710028030.001,JR_East,9020.T,Stock
2024-08-26,2694.625,1129068483,3042416161003.875,JR_East,9020.T,Stock
2024-08-27,2694.15087890625,1129068483,3041880845819.7964,JR_East,9020.T,Stock
2024-08-28,2689.88134765625,1129068483,3037060252648.238,JR_East,9020.T,Stock
2024-08-29,2653.826416015625,1129068483,2996351765676.089,JR_East,9020.T,Stock
2024-08-30,2658.095703125,1129068483,3001172083196.162,JR_East,9020.T,Stock
2024-09-02,2617.771240234375,1129068483,2955643003052.454,JR_East,9020.T,Stock
2024-09-03,2673.27685546875,1129068483,3018312643843.112,JR_East,9020.T,Stock
2024-09-04,2659.044677734375,1129068483,3002243540518.7744,JR_East,9020.T,Stock
2024-09-05,2706.4853515625,1129068483,3055807310150.3936,JR_East,9020.T,Stock
2024-09-06,2705.53662109375,1129068483,3054736128479.266,JR_East,9020.T,Stock
2024-09-09,2686.086181640625,1129068483,3032775250312.243,JR_East,9020.T,Stock
2024-09-10,2726.884765625,1129068483,3078839645640.0293,JR_East,9020.T,Stock
2024-09-11,2674.2255859375,1129068483,3019383825514.2393,JR_East,9020.T,Stock
2024-09-12,2713.126953125,1129068483,3063306133151.256,JR_East,9020.T,Stock
2024-09-13,2679.918701171875,1129068483,3025811742495.459,JR_East,9020.T,Stock
2024-09-17,2742.065673828125,1129068483,3095979930635.494,JR_East,9020.T,Stock
2024-09-18,2724.0380859375,1129068483,3075625549323.677,JR_East,9020.T,Stock
2024-09-19,2779.5439453125,1129068483,3138295465765.8193,JR_East,9020.T,Stock
2024-09-20,2814.649658203125,1129068483,3177932219763.871,JR_East,9020.T,Stock
2024-09-24,2729.2568359375,1129068483,3081517875469.333,JR_East,9020.T,Stock
2024-09-25,2735.8984375,1129068483,3089016698470.1953,JR_East,9020.T,Stock
2024-09-26,2745.386474609375,1129068483,3099729342135.925,JR_East,9020.T,Stock
2024-09-27,2792.778564453125,1129068483,3153238257122.008,JR_East,9020.T,Stock
2024-09-30,2727.195556640625,1129068483,3079190549980.5713,JR_East,9020.T,Stock
2024-10-01,2743.950439453125,1129068483,3098107960100.5234,JR_East,9020.T,Stock
2024-10-02,2694.6435546875,1129068483,3042437110516.743,JR_East,9020.T,Stock
2024-10-03,2742.03564453125,1129068483,3095946025502.8257,JR_East,9020.T,Stock
2024-10-04,2781.768310546875,1129068483,3140806926446.633,JR_East,9020.T,Stock
2024-10-07,2792.778564453125,1129068483,3153238257122.008,JR_East,9020.T,Stock
2024-10-08,2803.31005859375,1129068483,3165129035235.0864,JR_East,9020.T,Stock
2024-10-09,2785.119140625,1129068483,3144590243079.7324,JR_East,9020.T,Stock
2024-10-10,2824.37353515625,1129068483,3188911142764.2144,JR_East,9020.T,Stock
2024-10-11,2809.533447265625,1129068483,3172155667241.96,JR_East,9020.T,Stock
2024-10-15,2846.393798828125,1129068483,3213773528463.4785,JR_East,9020.T,Stock
2024-10-16,2847.35107421875,1129068483,3214854357936.5845,JR_East,9020.T,Stock
2024-10-17,2869.371826171875,1129068483,3239717294938.8184,JR_East,9020.T,Stock
2024-10-18,2858.83984375,1129068483,3227825965522.7695,JR_East,9020.T,Stock
2024-10-21,2882.775390625,1129068483,3254850837122.701,JR_East,9020.T,Stock
2024-10-22,2886.605224609375,1129068483,3259174981969.581,JR_East,9020.T,Stock
2024-10-23,2871.76513671875,1129068483,3242419506447.3267,JR_East,9020.T,Stock
2024-10-24,2862.191162109375,1129068483,3231609833458.839,JR_East,9020.T,Stock
2024-10-25,2836.3408203125,1129068483,3202423027261.21,JR_East,9020.T,Stock
2024-10-28,2877.988525390625,1129068483,3249446138454.2,JR_East,9020.T,Stock
2024-10-29,2926.816650390625,1129068483,3304576435475.6846,JR_East,9020.T,Stock
2024-10-30,2934.47607421875,1129068483,3313224449517.9595,JR_East,9020.T,Stock
2024-10-31,2939.2626953125,1129068483,3318628872534.9756,JR_East,9020.T,Stock
2024-11-01,2915.32763671875,1129068483,3291604552238.014,JR_East,9020.T,Stock
2024-11-05,2927.774169921875,1129068483,3305657540600.2754,JR_East,9020.T,Stock
2024-11-06,2927.774169921875,1129068483,3305657540600.2754,JR_East,9020.T,Stock
2024-11-07,2876.073486328125,1129068483,3247283928205.0176,JR_East,9020.T,Stock
2024-11-08,2872.244140625,1129068483,3242960334661.1074,JR_East,9020.T,Stock
2024-11-11,2882.775390625,1129068483,3254850837122.701,JR_East,9020.T,Stock
2024-11-12,2886.605224609375,1129068483,3259174981969.581,JR_East,9020.T,Stock
2024-11-13,2817.67138671875,1129068483,3181343958195.0454,JR_East,9020.T,Stock
2024-11-14,2766.44970703125,1129068483,3123511174013.568,JR_East,9020.T,Stock
2024-11-15,2772.672607421875,1129068483,3130537254717.4707,JR_East,9020.T,Stock
2024-11-18,2787.5126953125,1129068483,3147292730239.7256,JR_East,9020.T,Stock
2024-11-19,2815.27783203125,1129068483,3178641471035.0522,JR_East,9020.T,Stock
2024-11-20,2750.652099609375,1129068483,3105674593366.7217,JR_East,9020.T,Stock
2024-11-21,2660.655517578125,1129068483,3004062289017.5137,JR_East,9020.T,Stock
2024-11-22,2661.613037109375,1129068483,3005143394142.1045,JR_East,9020.T,Stock
2024-11-25,2721.451171875,1129068483,3072704746187.4785,JR_East,9020.T,Stock
2024-11-26,2709.9619140625,1129068483,3059732587298.323,JR_East,9020.T,Stock
2024-11-27,2719.057373046875,1129068483,3070001983376.0,JR_East,9020.T,Stock
2024-11-28,2795.65087890625,1129068483,3156481296844.2964,JR_East,9020.T,Stock
2024-11-29,2795.65087890625,1129068483,3156481296844.2964,JR_East,9020.T,Stock
2024-12-02,2810.490966796875,1129068483,3173236772366.551,JR_East,9020.T,Stock
2024-12-03,2864.106201171875,1129068483,3233772043708.0215,JR_East,9020.T,Stock
2024-12-04,2807.139892578125,1129068483,3169453180081.967,JR_East,9020.T,Stock
2024-12-05,2760.705078125,1129068483,3117025094568.99,JR_East,9020.T,Stock
2024-12-06,2756.396728515625,1129068483,3112160672811.3,JR_East,9020.T,Stock
2024-12-09,2707.568603515625,1129068483,3057030375789.8154,JR_East,9020.T,Stock
2024-12-10,2674.05908203125,1129068483,3019195831201.396,JR_East,9020.T,Stock
2024-12-11,2681.718505859375,1129068483,3027843845243.671,JR_East,9020.T,Stock
2024-12-12,2728.153076171875,1129068483,3080271655105.162,JR_East,9020.T,Stock
2024-12-13,2708.04736328125,1129068483,3057570928352.111,JR_East,9020.T,Stock
2024-12-16,2645.8154296875,1129068483,2987306813495.259,JR_East,9020.T,Stock
2024-12-17,2642.46435546875,1129068483,2983523221210.6743,JR_East,9020.T,Stock
2024-12-18,2659.21923828125,1129068483,3002440631330.6265,JR_East,9020.T,Stock
2024-12-19,2639.592041015625,1129068483,2980280181488.3857,JR_East,9020.T,Stock
2024-12-20,2623.316162109375,1129068483,2961903599582.214,JR_East,9020.T,Stock
2024-12-23,2635.28369140625,1129068483,2975415759730.695,JR_East,9020.T,Stock
2024-12-24,2641.5068359375,1129068483,2982442116086.083,JR_East,9020.T,Stock
2024-12-25,2630.01806640625,1129068483,2969470508499.898,JR_East,9020.T,Stock
2024-12-26,2660.655517578125,1129068483,3004062289017.5137,JR_East,9020.T,Stock
2024-12-27,2682.676025390625,1129068483,3028924950368.2627,JR_East,9020.T,Stock
2024-12-30,2675.973876953125,1129068483,3021357765799.0938,JR_East,9020.T,Stock
2025-01-06,2649.16650390625,1129068483,2991090405779.8433,JR_East,9020.T,Stock
2025-01-07,2636.2412109375,1129068483,2976496864855.286,JR_East,9020.T,Stock
2025-01-08,2602.731689453125,1129068483,2938662320266.867,JR_East,9020.T,Stock
2025-01-09,2587.4130859375,1129068483,2921366567833.802,JR_East,9020.T,Stock
2025-01-10,2577.360107421875,1129068483,2910016066631.533,JR_East,9020.T,Stock
2025-01-14,2560.605712890625,1129068483,2891099207814.552,JR_East,9020.T,Stock
2025-01-15,2575.924072265625,1129068483,2908394684596.132,JR_East,9020.T,Stock
2025-01-16,2544.80810546875,1129068483,2873262627167.7056,JR_East,9020.T,Stock
2025-01-17,2517.52197265625,1129068483,2842454714586.1597,JR_East,9020.T,Stock
2025-01-20,2532.361572265625,1129068483,2859209638805.4443,JR_East,9020.T,Stock
2025-01-21,2553.425048828125,1129068483,2882991746334.5723,JR_East,9020.T,Stock
2025-01-22,2560.12646484375,1129068483,2890558103949.2856,JR_East,9020.T,Stock
2025-01-23,2587.891845703125,1129068483,2921907120396.0977,JR_East,9020.T,Stock
2025-01-24,2565.87109375,1129068483,2897044183393.8633,JR_East,9020.T,Stock
2025-01-27,2620.44384765625,1129068483,2958660559859.9253,JR_East,9020.T,Stock
2025-01-28,2651.081298828125,1129068483,2993252340377.541,JR_East,9020.T,Stock
2025-01-29,2646.2939453125,1129068483,2987847090406.0693,JR_East,9020.T,Stock
2025-01-30,2657.782958984375,1129068483,3000818973643.7393,JR_East,9020.T,Stock
2025-01-31,2656.346923828125,1129068483,2999197591608.338,JR_East,9020.T,Stock
2025-02-03,2616.135498046875,1129068483,2953796138102.2344,JR_East,9020.T,Stock
2025-02-04,2581.668701171875,1129068483,2914880764040.709,JR_East,9020.T,Stock
2025-02-05,2570.179443359375,1129068483,2901908605151.5537,JR_East,9020.T,Stock
2025-02-06,2612.78466796875,1129068483,2950012821469.1353,JR_East,9020.T,Stock
2025-02-07,2614.69921875,1129068483,2952174480415.3477,JR_East,9020.T,Stock
2025-02-10,2620.44384765625,1129068483,2958660559859.9253,JR_East,9020.T,Stock
2025-02-12,2623.794677734375,1129068483,2962443876493.0244,JR_East,9020.T,Stock
2025-02-13,2651.559814453125,1129068483,2993792617288.3516,JR_East,9020.T,Stock
2025-02-14,2645.336669921875,1129068483,2986766260932.963,JR_East,9020.T,Stock
2025-02-17,2657.782958984375,1129068483,3000818973643.7393,JR_East,9020.T,Stock
2025-02-18,2698.951904296875,1129068483,3047301532274.4336,JR_East,9020.T,Stock
2025-02-19,2700.86669921875,1129068483,3049463466872.1313,JR_East,9020.T,Stock
2025-02-20,2718.5791015625,1129068483,3069461982116.675,JR_East,9020.T,Stock
2025-02-21,2743.950439453125,1129068483,3098107960100.5234,JR_East,9020.T,Stock
2025-02-25,2771.715576171875,1129068483,3129456700895.8496,JR_East,9020.T,Stock
2025-02-26,2834.90478515625,1129068483,3200801645225.808,JR_East,9020.T,Stock
2025-02-27,2851.659423828125,1129068483,3219718779694.2754,JR_East,9020.T,Stock
2025-02-28,2841.606689453125,1129068483,3208368554143.492,JR_East,9020.T,Stock
2025-03-03,2893.30712890625,1129068483,3266741890887.265,JR_East,9020.T,Stock
2025-03-04,2908.62548828125,1129068483,3284037367668.845,JR_East,9020.T,Stock
2025-03-05,2919.1572265625,1129068483,3295928421433.409,JR_East,9020.T,Stock
2025-03-06,2879.9033203125,1129068483,3251608073051.8975,JR_East,9020.T,Stock
2025-03-07,2877.988525390625,1129068483,3249446138454.2,JR_East,9020.T,Stock
2025-03-10,2870.807861328125,1129068483,3241338676974.2207,JR_East,9020.T,Stock
2025-03-11,2864.106201171875,1129068483,3233772043708.0215,JR_East,9020.T,Stock
2025-03-12,2843.521484375,1129068483,3210530488741.1895,JR_East,9020.T,Stock
2025-03-13,2927.774169921875,1129068483,3305657540600.2754,JR_East,9020.T,Stock
2025-03-14,2900.966552734375,1129068483,3275389904929.54,JR_East,9020.T,Stock
2025-03-17,2943.092529296875,1129068483,3322953017381.8555,JR_East,9020.T,Stock
2025-03-18,2913.41259765625,1129068483,3289442341988.8315,JR_East,9020.T,Stock
2025-03-19,2913.41259765625,1129068483,3289442341988.8315,JR_East,9020.T,Stock
2025-03-21,2891.39208984375,1129068483,3264579680638.0825,JR_East,9020.T,Stock
2025-03-24,2908.62548828125,1129068483,3284037367668.845,JR_East,9020.T,Stock
2025-03-25,2900.00927734375,1129068483,3274309075456.434,JR_East,9020.T,Stock
2025-03-26,2922.029541015625,1129068483,3299171461155.698,JR_East,9020.T,Stock
2025-03-27,2952.6669921875,1129068483,3333763241673.3135,JR_East,9020.T,Stock
2025-03-28,2918.783935546875,1129068483,3295506950312.6797,JR_East,9020.T,Stock
2025-03-31,2857.794189453125,1129068483,3226645350212.0547,JR_East,9020.T,Stock
2025-04-01,2873.767822265625,1129068483,3244680675579.663,JR_East,9020.T,Stock
2025-04-02,2845.209228515625,1129068483,3212436067457.7373,JR_East,9020.T,Stock
2025-04-03,2885.86865234375,1129068483,3258343341439.012,JR_East,9020.T,Stock
2025-04-04,2987.51806640625,1129068483,3373112491172.398,JR_East,9020.T,Stock
2025-04-07,2847.62939453125,1129068483,3215168600629.607,JR_East,9020.T,Stock
2025-04-08,2845.209228515625,1129068483,3212436067457.7373,JR_East,9020.T,Stock
2025-04-09,2860.698486328125,1129068483,3229924500278.8926,JR_East,9020.T,Stock
2025-04-10,3003.9755859375,1129068483,3391694157783.4893,JR_East,9020.T,Stock
2025-04-11,2950.730712890625,1129068483,3331577049744.927,JR_East,9020.T,Stock
2025-04-14,3010.752197265625,1129068483,3399345416055.616,JR_East,9020.T,Stock
2025-04-15,2969.124267578125,1129068483,3352344632632.92,JR_East,9020.T,Stock
2025-04-16,3007.84765625,1129068483,3396065990337.293,JR_East,9020.T,Stock
2025-04-17,3040.7626953125,1129068483,3433229323559.4756,JR_East,9020.T,Stock
2025-04-18,3084.326904296875,1129068483,3482416298910.5586,JR_East,9020.T,Stock
2025-04-21,3124.018310546875,1129068483,3527230614753.383,JR_East,9020.T,Stock
2025-04-22,3153.06103515625,1129068483,3560021839770.277,JR_East,9020.T,Stock
2025-04-23,3156.93310546875,1129068483,3564393672324.0806,JR_East,9020.T,Stock
2025-04-24,2976.868896484375,1129068483,3361088849043.497,JR_East,9020.T,Stock
2025-04-25,2979.773193359375,1129068483,3364367999110.335,JR_East,9020.T,Stock
2025-04-28,3009.783935546875,1129068483,3398252182265.6797,JR_East,9020.T,Stock
2025-04-30,2997.198974609375,1129068483,3384042899511.3623,JR_East,9020.T,Stock
2025-05-01,3118.2099609375,1129068483,3520672590271.1924,JR_East,9020.T,Stock
2025-05-02,3152.0927734375,1129068483,3558928605980.341,JR_East,9020.T,Stock
2025-05-07,3120.14599609375,1129068483,3522858506548.094,JR_East,9020.T,Stock
2025-05-08,3121.114013671875,1129068483,3523951464686.545,JR_East,9020.T,Stock
2025-05-09,3127.890869140625,1129068483,3531602998610.157,JR_East,9020.T,Stock
2025-05-12,3077.550048828125,1129068483,3474764764986.9473,JR_East,9020.T,Stock
2025-05-13,3036.890625,1129068483,3428857491005.672,JR_East,9020.T,Stock
2025-05-14,2987.51806640625,1129068483,3373112491172.398,JR_East,9020.T,Stock
2025-05-15,3024.305419921875,1129068483,3414647932599.869,JR_East,9020.T,Stock
2025-05-16,3030.114013671875,1129068483,3421206232733.545,JR_East,9020.T,Stock
2025-05-19,3029.145751953125,1129068483,3420112998943.6094,JR_East,9020.T,Stock
2025-05-20,2990.42236328125,1129068483,3376391641239.236,JR_East,9020.T,Stock
2025-05-21,2977.837158203125,1129068483,3362182082833.4336,JR_East,9020.T,Stock
2025-05-22,2959.443359375,1129068483,3341414224293.955,JR_East,9020.T,Stock
2025-05-23,2965.251953125,1129068483,3347972524427.631,JR_East,9020.T,Stock
2025-05-26,2976.868896484375,1129068483,3361088849043.497,JR_East,9020.T,Stock
2025-05-27,2964.283935546875,1129068483,3346879566289.1797,JR_East,9020.T,Stock
2025-05-28,2948.79443359375,1129068483,3329390857816.5396,JR_East,9020.T,Stock
2025-05-29,2921.68798828125,1129068483,3298785824728.0327,JR_East,9020.T,Stock
2025-05-30,2933.30517578125,1129068483,3311902424995.3843,JR_East,9020.T,Stock
2025-06-02,2884.900634765625,1129068483,3257250383300.5615,JR_East,9020.T,Stock
2025-06-03,2879.576171875,1129068483,3251238700061.8535,JR_East,9020.T,Stock
2025-06-04,2874.251953125,1129068483,3245227292474.631,JR_East,9020.T,Stock
2025-06-05,2879.576171875,1129068483,3251238700061.8535,JR_East,9020.T,Stock
2025-06-06,2912.97509765625,1129068483,3288948374527.519,JR_East,9020.T,Stock
2025-06-09,2917.8154296875,1129068483,3294413440871.259,JR_East,9020.T,Stock
2025-06-10,2917.8154296875,1129068483,3294413440871.259,JR_East,9020.T,Stock
2025-06-11,2911.0390625,1129068483,3286762458250.617,JR_East,9020.T,Stock
2025-06-12,2901.358154296875,1129068483,3275832049911.6523,JR_East,9020.T,Stock
2025-06-13,2914.911376953125,1129068483,3291134566455.9062,JR_East,9020.T,Stock
2025-06-16,2944.922119140625,1129068483,3325018749611.251,JR_East,9020.T,Stock
2025-06-17,2954.60302734375,1129068483,3335949157950.2153,JR_East,9020.T,Stock
2025-06-18,2969.124267578125,1129068483,3352344632632.92,JR_East,9020.T,Stock
2025-06-19,3004.943603515625,1129068483,3392787115921.9404,JR_East,9020.T,Stock
2025-06-20,2952.6669921875,1129068483,3333763241673.3135,JR_East,9020.T,Stock
2025-06-23,2964.283935546875,1129068483,3346879566289.1797,JR_East,9020.T,Stock
2025-06-24,2984.61376953125,1129068483,3369833341105.56,JR_East,9020.T,Stock
2025-06-25,2943.953857421875,1129068483,3323925515821.3145,JR_East,9020.T,Stock
2025-06-26,2953.634765625,1129068483,3334855924160.2793,JR_East,9020.T,Stock
2025-06-27,2995.2626953125,1129068483,3381856707582.9756,JR_East,9020.T,Stock
2025-06-30,3008.81591796875,1129068483,3397159224127.229,JR_East,9020.T,Stock
2025-07-01,3030.114013671875,1129068483,3421206232733.545,JR_East,9020.T,Stock
2025-07-02,3093.039306640625,1129068483,3492253197808.1025,JR_East,9020.T,Stock
2025-07-03,3068.83740234375,1129068483,3464927590437.9185,JR_East,9020.T,Stock
2025-07-04,3045.60302734375,1129068483,3438694389903.2153,JR_East,9020.T,Stock
2025-07-07,3070.7734375,1129068483,3467113506714.8203,JR_East,9020.T,Stock
2025-07-08,3056.252197265625,1129068483,3450718032032.116,JR_East,9020.T,Stock
2025-07-09,3097.8798828125,1129068483,3497718539803.327,JR_East,9020.T,Stock
2025-07-10,3123.05029296875,1129068483,3526137656614.932,JR_East,9020.T,Stock
2025-07-11,3120.14599609375,1129068483,3522858506548.094,JR_East,9020.T,Stock
2025-07-14,3099.816162109375,1129068483,3499904731731.714,JR_East,9020.T,Stock
2025-07-15,3056.252197265625,1129068483,3450718032032.116,JR_East,9020.T,Stock
2025-07-16,3040.7626953125,1129068483,3433229323559.4756,JR_East,9020.T,Stock
2025-07-17,3065.93310546875,1129068483,3461648440371.0806,JR_East,9020.T,Stock
2025-07-18,3046.571533203125,1129068483,3439787899344.6367,JR_East,9020.T,Stock
2025-07-22,3047.539306640625,1129068483,3440880581831.6025,JR_East,9020.T,Stock
2025-07-23,3088.198974609375,1129068483,3486788131464.3623,JR_East,9020.T,Stock
2025-07-24,3099.816162109375,1129068483,3499904731731.714,JR_East,9020.T,Stock
2025-07-25,3087.23095703125,1129068483,3485695173325.9116,JR_East,9020.T,Stock
2025-07-28,3076.58203125,1129068483,3473671806848.496,JR_East,9020.T,Stock
2025-07-29,3050.443603515625,1129068483,3444159731898.4404,JR_East,9020.T,Stock
2025-07-30,3103.6884765625,1129068483,3504276839937.003,JR_East,9020.T,Stock
2025-07-31,3115.305419921875,1129068483,3517393164552.869,JR_East,9020.T,Stock
2025-08-01,3237.284423828125,1129068483,3655115813451.1504,JR_East,9020.T,Stock
2025-08-04,3199.529052734375,1129068483,3612487413885.2275,JR_East,9020.T,Stock
2025-08-05,3260.5185546875,1129068483,3681348738334.368,JR_East,9020.T,Stock
2025-08-06,3344.7421875,1129068483,3776442987666.7266,JR_East,9020.T,Stock
2025-08-07,3357.327392578125,1129068483,3790652546072.5293,JR_East,9020.T,Stock
2025-08-08,3403.795654296875,1129068483,3843118395838.965,JR_East,9020.T,Stock
2025-08-12,3430.90185546875,1129068483,3873723153275.987,JR_East,9020.T,Stock
2025-08-13,3409.604248046875,1129068483,3849676695972.6406,JR_East,9020.T,Stock
2025-08-14,3391.210205078125,1129068483,3828908561781.6777,JR_East,9020.T,Stock
2025-08-15,3453.168212890625,1129068483,3898863395672.2393,JR_East,9020.T,Stock
2025-08-18,3468.657470703125,1129068483,3916351828493.3945,JR_East,9020.T,Stock
2025-08-19,3505.445068359375,1129068483,3957887545572.3506,JR_East,9020.T,Stock
2025-08-20,3533.51953125,1129068483,3989585536799.3086,JR_East,9020.T,Stock
2025-08-21,3485.114990234375,1129068483,3934933495104.4854,JR_East,9020.T,Stock
2025-08-22,3534.4873046875,1129068483,3990678219286.2744,JR_East,9020.T,Stock
2025-08-25,3478.33837890625,1129068483,3927282236832.359,JR_East,9020.T,Stock
2025-08-26,3420.253173828125,1129068483,3861700062450.0566,JR_East,9020.T,Stock
2025-08-27,3448.32763671875,1129068483,3893398053677.014,JR_East,9020.T,Stock
2025-08-28,3528.6787109375,1129068483,3984119919152.5986,JR_East,9020.T,Stock
2025-08-29,3498.668212890625,1129068483,3950236011648.7393,JR_East,9020.T,Stock
2025-09-01,3557.7216796875,1129068483,4016911419820.9775,JR_East,9020.T,Stock
2025-09-02,3571.274658203125,1129068483,4032213660713.746,JR_East,9020.T,Stock
2025-09-03,3600.3173828125,1129068483,4065004885730.6396,JR_East,9020.T,Stock
2025-09-04,3615.806640625,1129068483,4082493318551.795,JR_East,9020.T,Stock
2025-09-05,3629.360107421875,1129068483,4097796110747.533,JR_East,9020.T,Stock
2025-09-08,3673.89208984375,1129068483,4148075768585.5825,JR_East,9020.T,Stock
2025-09-09,3629.360107421875,1129068483,4097796110747.533,JR_East,9020.T,Stock
2025-09-10,3608.06201171875,1129068483,4073749102141.2173,JR_East,9020.T,Stock
2025-09-11,3578.05126953125,1129068483,4039864918985.8726,JR_East,9020.T,Stock
2025-09-12,3562.56201171875,1129068483,4022376486164.7173,JR_East,9020.T,Stock
2025-09-16,3576.115234375,1129068483,4037679002708.9707,JR_East,9020.T,Stock
2025-09-17,3565.46630859375,1129068483,4025655636231.555,JR_East,9020.T,Stock
2025-09-18,3544.168212890625,1129068483,4001608627625.2393,JR_East,9020.T,Stock
2025-09-19,3521.90234375,1129068483,3976468936531.957,JR_East,9020.T,Stock
2025-09-22,3513.189697265625,1129068483,3966631761982.9287,JR_East,9020.T,Stock
2025-09-24,3597.413330078125,1129068483,4061726011315.287,JR_East,9020.T,Stock
2025-09-25,3574.178955078125,1129068483,4035492810780.584,JR_East,9020.T,Stock
2025-09-26,3608.06201171875,1129068483,4073749102141.2173,JR_East,9020.T,Stock
2025-09-29,3551.380859375,1129068483,4009752199449.7676,JR_East,9020.T,Stock
2025-09-30,3537.698974609375,1129068483,3994304414572.8623,JR_East,9020.T,Stock
2025-10-01,3518.15380859375,1129068483,3972236583629.6177,JR_East,9020.T,Stock
2025-10-02,3448.767822265625,1129068483,3893895053304.663,JR_East,9020.T,Stock
2025-10-03,3513.267333984375,1129068483,3966719419155.1924,JR_East,9020.T,Stock
2025-10-06,3538.676513671875,1129068483,3995408123119.2324,JR_East,9020.T,Stock
2025-10-07,3509.3583984375,1129068483,3962305963227.1377,JR_East,9020.T,Stock
2025-10-08,3515.221923828125,1129068483,3968926284944.963,JR_East,9020.T,Stock
2025-10-09,3502.517578125,1129068483,3954582208614.4277,JR_East,9020.T,Stock
2025-10-10,3480.04052734375,1129068483,3929204078986.528,JR_East,9020.T,Stock
2025-10-14,3524.99462890625,1129068483,3979960338242.3276,JR_East,9020.T,Stock
2025-10-15,3530.858154296875,1129068483,3986580659960.1523,JR_East,9020.T,Stock
2025-10-16,3516.19921875,1129068483,3970029717839.8477,JR_East,9020.T,Stock
2025-10-17,3513.267333984375,1129068483,3966719419155.1924,JR_East,9020.T,Stock
2025-10-20,3551.380859375,1129068483,4009752199449.7676,JR_East,9020.T,Stock
2025-10-21,3557.244384765625,1129068483,4016372521167.593,JR_East,9020.T,Stock
2025-10-22,3609.03955078125,1129068483,4074852810687.5874,JR_East,9020.T,Stock
2025-10-23,3608.06201171875,1129068483,4073749102141.2173,JR_East,9020.T,Stock
2025-10-24,3588.516845703125,1129068483,4051681271197.9727,JR_East,9020.T,Stock
2025-10-27,3603.17578125,1129068483,4068232213318.2773,JR_East,9020.T,Stock
2025-10-28,3578.744384765625,1129068483,4040647493552.093,JR_East,9020.T,Stock
2025-10-29,3547.4716796875,1129068483,4005338467870.2275,JR_East,9020.T,Stock
2025-10-30,3514.244873046875,1129068483,3967823127701.5625,JR_East,9020.T,Stock
2025-10-31,3670.60693359375,1129068483,4144366602201.977,JR_East,9020.T,Stock
2025-11-04,3589.494140625,1129068483,4052784704092.8574,JR_East,9020.T,Stock
2025-11-05,3682.334228515625,1129068483,4157607521289.1123,JR_East,9020.T,Stock
2025-11-06,3696.9931640625,1129068483,4174158463409.417,JR_East,9020.T,Stock
2025-11-07,3770.2880859375,1129068483,4256913449662.427,JR_East,9020.T,Stock
2025-11-10,3789.833251953125,1129068483,4278981280605.672,JR_East,9020.T,Stock
2025-11-11,3707.7431640625,1129068483,4186295949601.667,JR_East,9020.T,Stock
2025-11-12,3677.447998046875,1129068483,4152090632466.172,JR_East,9020.T,Stock
2025-11-13,3716.53857421875,1129068483,4196226570004.147,JR_East,9020.T,Stock
2025-11-14,3717.515625,1129068483,4197329727247.547,JR_East,9020.T,Stock
2025-11-17,3682.334228515625,1129068483,4157607521289.1123,JR_East,9020.T,Stock
2025-11-18,3713.606689453125,1129068483,4192916271319.492,JR_East,9020.T,Stock
2025-11-19,3725.333740234375,1129068483,4206156914755.1416,JR_East,9020.T,Stock
2025-11-20,3731.197509765625,1129068483,4212777512124.452,JR_East,9020.T,Stock
2025-11-21,3871.923583984375,1129068483,4371666887261.161,JR_East,9020.T,Stock
2025-11-25,3909.0595703125,1129068483,4413595959009.366,JR_East,9020.T,Stock
2025-11-26,3949.12744140625,1129068483,4458835329442.227,JR_East,9020.T,Stock
2025-11-27,3984.30908203125,1129068483,4498557811052.146,JR_East,9020.T,Stock
2025-11-28,3954.013916015625,1129068483,4464352493916.651,JR_East,9020.T,Stock
2025-12-01,3911.01416015625,1129068483,4415802824799.137,JR_East,9020.T,Stock
2025-12-02,3945.218505859375,1129068483,4454421873514.171,JR_East,9020.T,Stock
2025-12-03,3849.446533203125,1129068483,4346288757633.2617,JR_East,9020.T,Stock
2025-12-04,3861.173828125,1129068483,4359529676720.3965,JR_East,9020.T,Stock
2025-12-05,3773.219970703125,1129068483,4260223748347.082,JR_East,9020.T,Stock
2025-12-08,3849.446533203125,1129068483,4346288757633.2617,JR_East,9020.T,Stock
2025-12-09,3859.21923828125,1129068483,4357322810930.6265,JR_East,9020.T,Stock
2025-12-10,3886.58251953125,1129068483,4388217829381.4663,JR_East,9020.T,Stock
2025-12-11,3831.855712890625,1129068483,4326427516828.302,JR_East,9020.T,Stock
2025-12-12,3914.92333984375,1129068483,4420216556378.676,JR_East,9020.T,Stock
2025-12-15,4104.5126953125,1129068483,4634275922350.726,JR_East,9020.T,Stock
2025-12-16,4044.899658203125,1129068483,4566968720974.621,JR_East,9020.T,Stock
2025-12-17,3951.08203125,1129068483,4461042195231.996,JR_East,9020.T,Stock
2025-12-18,4006.7861328125,1129068483,4523935940680.046,JR_East,9020.T,Stock
2025-12-19,4022.422607421875,1129068483,4541590591346.721,JR_East,9020.T,Stock
2025-12-22,3928.60498046875,1129068483,4435664065604.096,JR_East,9020.T,Stock
2025-12-23,3987.240966796875,1129068483,4501868109736.801,JR_East,9020.T,Stock
2025-12-24,4035.126953125,1129068483,4555934667677.256,JR_East,9020.T,Stock
2025-12-25,4054.67236328125,1129068483,4578002774271.986,JR_East,9020.T,Stock
2025-12-26,4064.44482421875,1129068483,4589036551917.865,JR_East,9020.T,Stock
2025-12-29,4057.604248046875,1129068483,4581313072956.641,JR_East,9020.T,Stock
2025-12-30,4038.05859375,1129068483,4559244690710.426,JR_East,9020.T,Stock
2026-01-05,4062.490478515625,1129068483,4586829961779.581,JR_East,9020.T,Stock
2026-01-06,4089.85400390625,1129068483,4617725255881.906,JR_East,9020.T,Stock
2026-01-07,4027.308837890625,1129068483,4547107480169.661,JR_East,9020.T,Stock
2026-01-08,4039.035888671875,1129068483,4560348123605.311,JR_East,9020.T,Stock
2026-01-09,4051.740234375,1129068483,4574692199935.846,JR_East,9020.T,Stock
2026-01-13,4098.6494140625,1129068483,4627655876284.386,JR_East,9020.T,Stock
2026-01-14,4042.945068359375,1129068483,4564761855184.851,JR_East,9020.T,Stock
2026-01-15,3977.46826171875,1129068483,4490834056439.436,JR_East,9020.T,Stock
2026-01-16,3869.96923828125,1129068483,4369460297122.8765,JR_East,9020.T,Stock
2026-01-19,3839.673828125,1129068483,4335254704335.8965,JR_East,9020.T,Stock
2026-01-20,3917.855224609375,1129068483,4423526855063.331,JR_East,9020.T,Stock
2026-01-21,3900.264404296875,1129068483,4403665614258.371,JR_East,9020.T,Stock
2026-01-22,3877.787353515625,1129068483,4378287484630.4717,JR_East,9020.T,Stock
2026-01-23,3870.946533203125,1129068483,4370563730017.7617,JR_East,9020.T,Stock
2026-01-26,3877.787353515625,1129068483,4378287484630.4717,JR_East,9020.T,Stock
2026-01-27,3832.833251953125,1129068483,4327531225374.672,JR_East,9020.T,Stock
2026-01-28,3719.47021484375,1129068483,4199536593037.317,JR_East,9020.T,Stock
2026-01-29,3750.742919921875,1129068483,4234845618719.1816,JR_East,9020.T,Stock
2026-01-30,3804.492431640625,1129068483,4295532498377.462,JR_East,9020.T,Stock
2026-02-02,3709.69775390625,1129068483,4188502815391.437,JR_East,9020.T,Stock
2026-02-03,3656.92529296875,1129068483,4128919092976.557,JR_East,9020.T,Stock
2026-02-04,3678.42529296875,1129068483,4153194065361.057,JR_East,9020.T,Stock
2026-02-05,3772.24267578125,1129068483,4259120315452.197,JR_East,9020.T,Stock
2026-02-06,3887.56005859375,1129068483,4389321537927.8364,JR_East,9020.T,Stock
2026-02-09,3837.719482421875,1129068483,4333048114197.6113,JR_East,9020.T,Stock
2026-02-10,3798.62890625,1129068483,4288912176659.6367,JR_East,9020.T,Stock
2026-02-12,3686.243408203125,1129068483,4162021252868.6523,JR_East,9020.T,Stock
2026-02-13,3723.37939453125,1129068483,4203950324616.857,JR_East,9020.T,Stock
2026-02-16,3702.856689453125,1129068483,4180778785127.242,JR_East,9020.T,Stock
2026-02-17,3675.493408203125,1129068483,4149883766676.4023,JR_East,9020.T,Stock
2026-02-18,3748.788330078125,1129068483,4232638752929.412,JR_East,9020.T,Stock
2026-02-19,3746.833740234375,1129068483,4230431887139.6416,JR_East,9020.T,Stock
2026-02-20,3727.288330078125,1129068483,4208363780544.912,JR_East,9020.T,Stock
2026-02-24,3740.97021484375,1129068483,4223811565421.817,JR_East,9020.T,Stock
2026-02-25,3732.1748046875,1129068483,4213880945019.337,JR_East,9020.T,Stock
2026-02-26,3756.6064453125,1129068483,4241465940437.007,JR_East,9020.T,Stock
2026-02-27,3772.24267578125,1129068483,4259120315452.197,JR_East,9020.T,Stock
2026-03-02,3791.787841796875,1129068483,4281188146395.4414,JR_East,9020.T,Stock
2026-03-03,3682.334228515625,1129068483,4157607521289.1123,JR_East,9020.T,Stock
2026-03-04,3620.766357421875,1129068483,4088093178471.752,JR_East,9020.T,Stock
2026-03-05,3645.1982421875,1129068483,4115678449540.907,JR_East,9020.T,Stock
2026-03-06,3624.675537109375,1129068483,4092506910051.292,JR_East,9020.T,Stock
2026-03-09,3702.856689453125,1129068483,4180778785127.242,JR_East,9020.T,Stock
2026-03-10,3668.652587890625,1129068483,4142160012063.6924,JR_East,9020.T,Stock
2026-03-11,3730.22021484375,1129068483,4211674079229.567,JR_East,9020.T,Stock
2026-03-12,3676.470703125,1129068483,4150987199571.287,JR_East,9020.T,Stock
2026-03-13,3636.40283203125,1129068483,4105747829138.4272,JR_East,9020.T,Stock
2026-03-16,3636.40283203125,1129068483,4105747829138.4272,JR_East,9020.T,Stock
2026-03-17,3670.60693359375,1129068483,4144366602201.977,JR_East,9020.T,Stock
2026-03-18,3617.834716796875,1129068483,4084783155438.582,JR_East,9020.T,Stock
2026-03-19,3528.90380859375,1129068483,3984374069821.8677,JR_East,9020.T,Stock
2026-03-23,3476.13134765625,1129068483,3924790347406.988,JR_East,9020.T,Stock
2026-03-24,3507.40380859375,1129068483,3960099097437.3677,JR_East,9020.T,Stock
2026-03-25,3552.35791015625,1129068483,4010855356693.1675,JR_East,9020.T,Stock
2026-03-26,3564.085205078125,1129068483,4024096275780.3027,JR_East,9020.T,Stock
2026-03-27,3587.53955078125,1129068483,4050577838303.0874,JR_East,9020.T,Stock
2026-03-30,3575.6865234375,1129068483,4037194958701.122,JR_East,9020.T,Stock
2026-03-31,3580.625244140625,1129068483,4042771112593.3604,JR_East,9020.T,Stock
2026-04-01,3638.903076171875,1129068483,4108570775997.412,JR_East,9020.T,Stock
2026-04-02,3630.01318359375,1129068483,4098533478470.196,JR_East,9020.T,Stock
2026-04-03,3595.441650390625,1129068483,4059499849921.5596,JR_East,9020.T,Stock
2026-04-06,3532.22509765625,1129068483,3988124032625.269,JR_East,9020.T,Stock
2026-04-07,3530.24951171875,1129068483,3985893460807.78,JR_East,9020.T,Stock
2026-04-08,3563.83349609375,1129068483,4023812079099.1567,JR_East,9020.T,Stock
2026-04-09,3535.1884765625,1129068483,3991469890351.503,JR_East,9020.T,Stock
2026-04-10,3515.43310546875,1129068483,3969164723479.5806,JR_East,9020.T,Stock
2026-04-13,3557.90673828125,1129068483,4017120363646.689,JR_East,9020.T,Stock
2026-04-14,3470.984130859375,1129068483,3918978787146.468,JR_East,9020.T,Stock
2026-04-15,3538.151611328125,1129068483,3994815472426.252,JR_East,9020.T,Stock
2026-04-16,3481.849365234375,1129068483,3931246380839.6885,JR_East,9020.T,Stock
2026-04-17,3435.4248046875,1129068483,3878829872689.087,JR_East,9020.T,Stock
2026-04-20,3473.947265625,1129068483,3922324369221.217,JR_East,9020.T,Stock
2026-04-21,3500.61669921875,1129068483,3952435986151.3813,JR_East,9020.T,Stock
2026-04-22,3478.88623046875,1129068483,3927900798764.94,JR_East,9020.T,Stock
2026-04-23,3458.143310546875,1129068483,3904480621635.758,JR_East,9020.T,Stock
2026-04-24,3418.6328125,1129068483,3859870563543.3984,JR_East,9020.T,Stock
2026-04-27,3385.049072265625,1129068483,3821952220903.507,JR_East,9020.T,Stock
2026-04-28,3408.75537109375,1129068483,3848718255758.9224,JR_East,9020.T,Stock
2026-04-30,3346.5263671875,1129068483,3778457448719.8916,JR_East,9020.T,Stock
2026-05-01,3654.707275390625,1129068483,4126414799234.3564,JR_East,9020.T,Stock
2026-05-07,3565.808837890625,1129068483,4026042375265.161,JR_East,9020.T,Stock
2026-05-08,3600.38037109375,1129068483,4065076003813.7974,JR_East,9020.T,Stock
2026-05-11,3594.453857421875,1129068483,4058384564012.8145,JR_East,9020.T,Stock
2026-05-12,3647.79296875,1129068483,4118608073524.629,JR_East,9020.T,Stock
2026-05-13,3717.923828125,1129068483,4197790616530.6465,JR_East,9020.T,Stock
2026-05-14,3634.951904296875,1129068483,4104109632362.4336,JR_East,9020.T,Stock
2026-05-15,3719.899169921875,1129068483,4200020912696.6504,JR_East,9020.T,Stock
2026-05-18,3636.927490234375,1129068483,4106340204179.923,JR_East,9020.T,Stock
2026-05-19,3741.6298828125,1129068483,4224556375734.577,JR_East,9020.T,Stock
2026-05-20,3728.7890625,1129068483,4210058210223.867,JR_East,9020.T,Stock
2026-05-21,3646.80517578125,1129068483,4117492787615.8843,JR_East,9020.T,Stock
2026-05-22,3561.85791015625,1129068483,4021581507281.6675,JR_East,9020.T,Stock
2026-05-25,3526.298583984375,1129068483,3981432592824.286,JR_East,9020.T,Stock
2026-05-26,3507.53125,1129068483,3960242987512.5938,JR_East,9020.T,Stock
2026-05-27,3484.812744140625,1129068483,3934592238565.923,JR_East,9020.T,Stock
2026-05-28,3401.841064453125,1129068483,3840911530049.1953,JR_East,9020.T,Stock
2026-05-29,3370.232666015625,1129068483,3805223483575.3076,JR_East,9020.T,Stock
2026-06-01,3312.942626953125,1129068483,3740539106080.0,JR_East,9020.T,Stock
2026-06-02,3304.052734375,1129068483,3730501808552.783,JR_East,9020.T,Stock
2026-06-03,3272.444580078125,1129068483,3694814037730.381,JR_East,9020.T,Stock
2026-06-04,3239.8486328125,1129068483,3658010980999.2334,JR_East,9020.T,Stock
2026-06-05,3324.795654296875,1129068483,3753921985681.965,JR_East,9020.T,Stock
2026-06-08,3338.62451171875,1129068483,3769535712752.905,JR_East,9020.T,Stock
2026-06-09,3341.587646484375,1129068483,3772881294827.6533,JR_East,9020.T,Stock
2026-06-10,3417.64501953125,1129068483,3858755277634.654,JR_East,9020.T,Stock
2026-06-11,3417.64501953125,1129068483,3858755277634.654,JR_East,9020.T,Stock
2026-06-12,3362.33056640625,1129068483,3796301471956.8354,JR_East,9020.T,Stock
2026-06-15,3335.6611328125,1129068483,3766189855026.671,JR_East,9020.T,Stock
2026-06-16,3356.404052734375,1129068483,3789610032155.8525,JR_East,9020.T,Stock
2026-06-17,3304.052734375,1129068483,3730501808552.783,JR_East,9020.T,Stock
2026-06-18,3351.46533203125,1129068483,3784033878263.6147,JR_East,9020.T,Stock
2026-06-19,3373.196044921875,1129068483,3808569341301.541,JR_East,9020.T,Stock
2026-06-22,3283.309814453125,1129068483,3707081631423.6016,JR_East,9020.T,Stock
2026-06-23,3309.9794921875,1129068483,3737193524005.251,JR_East,9020.T,Stock
2026-06-24,3321.83251953125,1129068483,3750576403607.2163,JR_East,9020.T,Stock
2026-06-25,3302.077392578125,1129068483,3728271512386.7793,JR_East,9020.T,Stock
2026-06-26,3344.551025390625,1129068483,3776227152553.8877,JR_East,9020.T,Stock
2026-06-29,3409.742919921875,1129068483,3849833266016.1816,JR_East,9020.T,Stock
2026-06-30,3366.28173828125,1129068483,3800762615591.814,JR_East,9020.T,Stock
2026-07-01,3254.664794921875,1129068483,3674739442675.9473,JR_East,9020.T,Stock
2026-07-02,3368.257080078125,1129068483,3802992911757.8184,JR_East,9020.T,Stock
2026-07-03,3416.6572265625,1129068483,3857639991725.909,JR_East,9020.T,Stock
2026-07-06,3459.130859375,1129068483,3905595631893.0176,JR_East,9020.T,Stock
2026-07-07,3510.494384765625,1129068483,3963588569587.343,JR_East,9020.T,Stock
2026-07-08,3497.653564453125,1129068483,3949090404076.633,JR_East,9020.T,Stock
2026-07-09,3473.947265625,1129068483,3922324369221.217,JR_East,9020.T,Stock
2026-07-10,3435.4248046875,1129068483,3878829872689.087,JR_East,9020.T,Stock
2026-07-13,3487.77587890625,1129068483,3937937820640.6714,JR_East,9020.T,Stock
2026-07-14,3520.3720703125,1129068483,3974741153023.3037,JR_East,9020.T,Stock
2026-07-15,3536.176025390625,1129068483,3992584900608.7627,JR_East,9020.T,Stock
2026-07-16,3556.9189453125,1129068483,4016005077737.9443,JR_East,9020.T,Stock
2026-07-17,3579.637451171875,1129068483,4041655826684.615,JR_East,9020.T,Stock
2026-07-21,3605.3193359375,1129068483,4070652433357.5205,JR_East,9020.T,Stock
2026-07-22,3572.72314453125,1129068483,4033849100974.888,JR_East,9020.T,Stock
2026-07-23,3522.347412109375,1129068483,3976971449189.3076,JR_East,9020.T,Stock
2026-07-24,3587.53955078125,1129068483,4050577838303.0874,JR_East,9020.T,Stock
2026-07-27,3710.021728515625,1129068483,4188868604912.175,JR_East,9020.T,Stock
2026-07-28,3782.1279296875,1129068483,4270281444084.1963,JR_East,9020.T,Stock
2026-07-29,3886.83056640625,1129068483,4388497891290.3354,JR_East,9020.T,Stock
2026-07-30,3773.23828125,1129068483,4260244422208.465,JR_East,9020.T,Stock
2026-07-31,3631.0009765625,1129068483,4099648764378.9404,JR_East,9020.T,Stock
2026-08-03,3380.1103515625,1129068483,3816376067011.2686,JR_East,9020.T,Stock
2026-08-04,3366.28173828125,1129068483,3800762615591.814,JR_East,9020.T,Stock
2026-08-05,3327.759033203125,1129068483,3757267843408.199,JR_East,9020.T,Stock
2026-08-06,3386.036865234375,1129068483,3823067506812.251,JR_East,9020.T,Stock
2026-08-07,3418.6328125,1129068483,3859870563543.3984,JR_East,9020.T,Stock
2026-08-10,3410.730712890625,1129068483,3850948551924.927,JR_East,9020.T,Stock
2026-08-12,3411.718505859375,1129068483,3852063837833.671,JR_East,9020.T,Stock
2026-08-13,3427.522705078125,1129068483,3869907861070.615,JR_East,9020.T,Stock
2026-08-14,3468.020751953125,1129068483,3915632929420.2344,JR_East,9020.T,Stock
2026-08-17,3417.64501953125,1129068483,3858755277634.654,JR_East,9020.T,Stock
2026-08-18,3410.730712890625,1129068483,3850948551924.927,JR_East,9020.T,Stock
2026-08-19,3358.379638671875,1129068483,3791840603973.342,JR_East,9020.T,Stock
2026-08-20,3460.11865234375,1129068483,3906710917801.762,JR_East,9020.T,Stock
2026-08-21,3495.677978515625,1129068483,3946859832259.1436,JR_East,9020.T,Stock
2026-08-24,3493.702392578125,1129068483,3944629260441.6543,JR_East,9020.T,Stock
2026-08-25,3580.625244140625,1129068483,4042771112593.3604,JR_East,9020.T,Stock
2026-08-26,3540.127197265625,1129068483,3997046044243.741,JR_East,9020.T,Stock
2026-08-27,3559.88232421875,1129068483,4019350935464.178,JR_East,9020.T,Stock
2026-08-28,3534.20068359375,1129068483,3990354604442.7583,JR_East,9020.T,Stock
2026-08-31,3537.163818359375,1129068483,3993700186517.507,JR_East,9020.T,Stock
2026-09-01,3562.845703125,1129068483,4022696793190.412,JR_East,9020.T,Stock
2026-09-02,3501.6044921875,1129068483,3953551272060.126,JR_East,9020.T,Stock
2026-09-03,3511.482177734375,1129068483,3964703855496.087,JR_East,9020.T,Stock
2026-09-04,3476.91064453125,1129068483,3925670226947.4507,JR_East,9020.T,Stock
2026-09-07,3435.4248046875,1129068483,3878829872689.087,JR_East,9020.T,Stock
2026-09-08,3474.93505859375,1129068483,3923439655129.9614,JR_East,9020.T,Stock
2026-09-09,3494.690185546875,1129068483,3945744546350.3984,JR_East,9020.T,Stock
2026-09-10,3487.77587890625,1129068483,3937937820640.6714,JR_East,9020.T,Stock
2026-09-11,3450.2412109375,1129068483,3895558610017.286,JR_East,9020.T,Stock
2026-09-14,3545.06591796875,1129068483,4002622198135.979,JR_East,9020.T,Stock
2026-09-15,3484.812744140625,1129068483,3934592238565.923,JR_East,9020.T,Stock
2026-09-16,3456.167724609375,1129068483,3902250049818.2686,JR_East,9020.T,Stock
2026-09-17,3517.40869140625,1129068483,3971395295297.07,JR_East,9020.T,Stock
2026-09-18,3417.64501953125,1129068483,3858755277634.654,JR_East,9020.T,Stock
2026-09-24,3420.6083984375,1129068483,3862101135360.8877,JR_East,9020.T,Stock
2026-09-25,3417.64501953125,1129068483,3858755277634.654,JR_East,9020.T,Stock
2026-09-28,3389.0,1129068483,3826413088887.0,JR_East,9020.T,Stock
2026-09-29,3337.0,1129068483,3767701527771.0,JR_East,9020.T,Stock
2026-09-30,3350.0,1129068483,3782379418050.0,JR_East,9020.T,Stock
2021-09-30,2478.5966796875,455083814,1127969230359.9238,JR_West,9021.T,Stock
2021-10-01,2434.68896484375,455083814,1107987540024.8057,JR_West,9021.T,Stock
2021-10-04,2508.014404296875,455083814,1141356760674.3599,JR_West,9021.T,Stock
2021-10-05,2481.669921875,455083814,1129367813135.957,JR_West,9021.T,Stock
2021-10-06,2417.564697265625,455083814,1100194563023.396,JR_West,9021.T,Stock
2021-10-07,2346.873046875,455083814,1068023937145.6758,JR_West,9021.T,Stock
2021-10-08,2376.291259765625,455083814,1081411689669.0054,JR_West,9021.T,Stock
2021-10-11,2438.201171875,455083814,1109585888596.1445,JR_West,9021.T,Stock
2021-10-12,2409.22216796875,455083814,1096398012972.5674,JR_West,9021.T,Stock
2021-10-13,2383.755859375,455083814,1084808708129.2227,JR_West,9021.T,Stock
2021-10-14,2369.705078125,455083814,1078414425008.293,JR_West,9021.T,Stock
2021-10-15,2357.85009765625,455083814,1073019415281.6787,JR_West,9021.T,Stock
2021-10-18,2340.725830078125,455083814,1065226438280.269,JR_West,9021.T,Stock
2021-10-19,2302.0869140625,455083814,1047642493011.0527,JR_West,9021.T,Stock
2021-10-20,2357.41064453125,455083814,1072819427277.4795,JR_West,9021.T,Stock
2021-10-21,2351.263671875,455083814,1070022039516.5195,JR_West,9021.T,Stock
2021-10-22,2337.21337890625,455083814,1063627978604.4834,JR_West,9021.T,Stock
2021-10-25,2337.21337890625,455083814,1063627978604.4834,JR_West,9021.T,Stock
2021-10-26,2354.776123046875,455083814,1071620499192.3052,JR_West,9021.T,Stock
2021-10-27,2332.383544921875,455083814,1061429999333.8872,JR_West,9021.T,Stock
2021-10-28,2354.337646484375,455083814,1071420955605.8931,JR_West,9021.T,Stock
2021-10-29,2354.776123046875,455083814,1071620499192.3052,JR_West,9021.T,Stock
2021-11-01,2366.192138671875,455083814,1076815743123.6138,JR_West,9021.T,Stock
2021-11-02,2371.900390625,455083814,1079413476193.7148,JR_West,9021.T,Stock
2021-11-04,2441.2744140625,455083814,1110984471372.1777,JR_West,9021.T,Stock
2021-11-05,2439.079833984375,455083814,1109985753500.0962,JR_West,9021.T,Stock
2021-11-08,2467.619873046875,455083814,1122973863328.3677,JR_West,9021.T,Stock
2021-11-09,2412.29541015625,455083814,1097796595748.6006,JR_West,9021.T,Stock
2021-11-10,2362.6796875,455083814,1075217283447.8281,JR_West,9021.T,Stock
2021-11-11,2361.3623046875,455083814,1074617763853.0176,JR_West,9021.T,Stock
2021-11-12,2370.14404296875,455083814,1078614190803.5986,JR_West,9021.T,Stock
2021-11-15,2357.85009765625,455083814,1073019415281.6787,JR_West,9021.T,Stock
2021-11-16,2324.47998046875,455083814,1057833215078.3643,JR_West,9021.T,Stock
2021-11-17,2288.03662109375,455083814,1041248432099.0166,JR_West,9021.T,Stock
2021-11-18,2292.86669921875,455083814,1043446522474.0596,JR_West,9021.T,Stock
2021-11-19,2283.645751953125,455083814,1039250218623.7261,JR_West,9021.T,Stock
2021-11-22,2290.671142578125,455083814,1042447360184.1909,JR_West,9021.T,Stock
2021-11-24,2260.8134765625,455083814,1028859619656.6621,JR_West,9021.T,Stock
2021-11-25,2289.79296875,455083814,1042047717489.1328,JR_West,9021.T,Stock
2021-11-26,2215.5888671875,455083814,1008278631935.627,JR_West,9021.T,Stock
2021-11-29,2146.653076171875,455083814,976907069239.1294,JR_West,9021.T,Stock
2021-11-30,2150.60498046875,455083814,978705516919.1143,JR_West,9021.T,Stock
2021-12-01,2132.6025390625,455083814,970512897222.6465,JR_West,9021.T,Stock
2021-12-02,2078.59619140625,455083814,945935482551.0303,JR_West,9021.T,Stock
2021-12-03,2138.310546875,455083814,973110519188.3008,JR_West,9021.T,Stock
2021-12-06,2147.092529296875,455083814,977107057243.3286,JR_West,9021.T,Stock
2021-12-07,2253.788330078125,455083814,1025662589200.644,JR_West,9021.T,Stock
2021-12-08,2248.080078125,455083814,1023064856130.543,JR_West,9021.T,Stock
2021-12-09,2246.763427734375,455083814,1022465669849.0728,JR_West,9021.T,Stock
2021-12-10,2217.783935546875,455083814,1009277572016.602,JR_West,9021.T,Stock
2021-12-13,2210.759033203125,455083814,1006080652665.0308,JR_West,9021.T,Stock
2021-12-14,2171.24169921875,455083814,988096953596.3096,JR_West,9021.T,Stock
2021-12-15,2183.535888671875,455083814,993691840222.6763,JR_West,9021.T,Stock
2021-12-16,2225.687255859375,455083814,1012874245167.6782,JR_West,9021.T,Stock
2021-12-17,2183.0966796875,455083814,993491963322.9238,JR_West,9021.T,Stock
2021-12-20,2128.651123046875,455083814,968714671751.5552,JR_West,9021.T,Stock
2021-12-21,2142.701416015625,455083814,975108732663.5913,JR_West,9021.T,Stock
2021-12-22,2147.092529296875,455083814,977107057243.3286,JR_West,9021.T,Stock
2021-12-23,2158.947265625,455083814,982501955865.4961,JR_West,9021.T,Stock
2021-12-24,2135.6767578125,455083814,971911924416.4668,JR_West,9021.T,Stock
2021-12-27,2115.917724609375,455083814,962919908225.436,JR_West,9021.T,Stock
2021-12-28,2119.869140625,455083814,964718133696.5273,JR_West,9021.T,Stock
2021-12-29,2141.384521484375,455083814,974509435277.6743,JR_West,9021.T,Stock
2021-12-30,2111.966064453125,455083814,961121571649.898,JR_West,9021.T,Stock
2022-01-04,2119.869140625,455083814,964718133696.5273,JR_West,9021.T,Stock
2022-01-05,2158.0693359375,455083814,982102424274.8848,JR_West,9021.T,Stock
2022-01-06,2122.06494140625,455083814,965717407090.8428,JR_West,9021.T,Stock
2022-01-07,2097.4765625,455083814,954527633838.1094,JR_West,9021.T,Stock
2022-01-11,2090.89013671875,455083814,951530258072.9502,JR_West,9021.T,Stock
2022-01-12,2143.579833984375,455083814,975508486463.0962,JR_West,9021.T,Stock
2022-01-13,2084.303955078125,455083814,948532993412.2378,JR_West,9021.T,Stock
2022-01-14,2058.837646484375,455083814,936943688568.8931,JR_West,9021.T,Stock
2022-01-17,2072.010498046875,455083814,942938440099.2114,JR_West,9021.T,Stock
2022-01-18,2121.625732421875,455083814,965517530191.0903,JR_West,9021.T,Stock
2022-01-19,2108.45361328125,455083814,959523111974.1123,JR_West,9021.T,Stock
2022-01-20,2106.697509765625,455083814,958723937688.4429,JR_West,9021.T,Stock
2022-01-21,2164.655517578125,455083814,985099688935.5972,JR_West,9021.T,Stock
2022-01-24,2136.115478515625,455083814,972111579107.3257,JR_West,9021.T,Stock
2022-01-25,2129.08984375,455083814,968914326442.4141,JR_West,9021.T,Stock
2022-01-26,2111.087890625,455083814,960721928954.8398,JR_West,9021.T,Stock
2022-01-27,2079.035400390625,455083814,946135359450.7827,JR_West,9021.T,Stock
2022-01-28,2128.651123046875,455083814,968714671751.5552,JR_West,9021.T,Stock
2022-01-31,2102.74560546875,455083814,956925490008.458,JR_West,9021.T,Stock
2022-02-01,2138.75,455083814,973310507192.5,JR_West,9021.T,Stock
2022-02-02,2167.2900390625,455083814,986298617020.7715,JR_West,9021.T,Stock
2022-02-03,2144.4580078125,455083814,975908129158.1543,JR_West,9021.T,Stock
2022-02-04,2201.97705078125,455083814,1002084114610.0029,JR_West,9021.T,Stock
2022-02-07,2168.16796875,455083814,986698148611.3828,JR_West,9021.T,Stock
2022-02-08,2258.618408203125,455083814,1027860679575.687,JR_West,9021.T,Stock
2022-02-09,2241.494384765625,455083814,1020067813678.7241,JR_West,9021.T,Stock
2022-02-10,2256.86181640625,455083814,1027061283081.124,JR_West,9021.T,Stock
2022-02-14,2238.4208984375,455083814,1018669119798.2441,JR_West,9021.T,Stock
2022-02-15,2233.151611328125,455083814,1016271152523.4487,JR_West,9021.T,Stock
2022-02-16,2266.082275390625,455083814,1031257364722.564,JR_West,9021.T,Stock
2022-02-17,2286.2802734375,455083814,1040449146708.9004,JR_West,9021.T,Stock
2022-02-18,2276.62060546875,455083814,1036053188167.708,JR_West,9021.T,Stock
2022-02-21,2235.34716796875,455083814,1017270314813.3174,JR_West,9021.T,Stock
2022-02-22,2168.607421875,455083814,986898136615.582,JR_West,9021.T,Stock
2022-02-24,2104.501708984375,455083814,957724664294.1274,JR_West,9021.T,Stock
2022-02-25,2169.046142578125,455083814,987097791306.4409,JR_West,9021.T,Stock
2022-02-28,2174.3154296875,455083814,989495758581.2363,JR_West,9021.T,Stock
2022-03-01,2151.483154296875,455083814,979105159614.1724,JR_West,9021.T,Stock
2022-03-02,2115.03955078125,455083814,962520265530.3779,JR_West,9021.T,Stock
2022-03-03,2143.579833984375,455083814,975508486463.0962,JR_West,9021.T,Stock
2022-03-04,2109.7705078125,455083814,960122409360.0293,JR_West,9021.T,Stock
2022-03-07,2072.88818359375,455083814,943337860585.376,JR_West,9021.T,Stock
2022-03-08,2041.2745361328125,455083814,928951001324.4011,JR_West,9021.T,Stock
2022-03-09,2033.37109375,455083814,925354272621.1016,JR_West,9021.T,Stock
2022-03-10,2093.9638671875,455083814,952929063057.877,JR_West,9021.T,Stock
2022-03-11,2119.4306640625,455083814,964518590110.1152,JR_West,9021.T,Stock
2022-03-14,2221.73583984375,455083814,1011076019696.5869,JR_West,9021.T,Stock
2022-03-15,2239.73828125,455083814,1019268639393.0547,JR_West,9021.T,Stock
2022-03-16,2248.958984375,455083814,1023464832138.9414,JR_West,9021.T,Stock
2022-03-17,2257.740234375,455083814,1027461036880.6289,JR_West,9021.T,Stock
2022-03-18,2255.983642578125,455083814,1026661640386.0659,JR_West,9021.T,Stock
2022-03-22,2249.39697265625,455083814,1023664153516.46,JR_West,9021.T,Stock
2022-03-23,2294.18359375,455083814,1044045819859.9766,JR_West,9021.T,Stock
2022-03-24,2318.3330078125,455083814,1055035827317.4043,JR_West,9021.T,Stock
2022-03-25,2296.37890625,455083814,1045044871045.3984,JR_West,9021.T,Stock
2022-03-28,2291.548828125,455083814,1042846780670.3555,JR_West,9021.T,Stock
2022-03-29,2242.3720703125,455083814,1020467234164.8887,JR_West,9021.T,Stock
2022-03-30,2268.091064453125,455083814,1032171532110.648,JR_West,9021.T,Stock
2022-03-31,2257.44873046875,455083814,1027328378171.1768,JR_West,9021.T,Stock
2022-04-01,2240.1552734375,455083814,1019458405788.1504,JR_West,9021.T,Stock
2022-04-04,2195.369873046875,455083814,999077294966.8677,JR_West,9021.T,Stock
2022-04-05,2233.50439453125,455083814,1016431698449.042,JR_West,9021.T,Stock
2022-04-06,2242.81591796875,455083814,1020669222049.1299,JR_West,9021.T,Stock
2022-04-07,2190.935791015625,455083814,997059416004.4976,JR_West,9021.T,Stock
2022-04-08,2191.37939453125,455083814,997261292784.292,JR_West,9021.T,Stock
2022-04-11,2188.275634765625,455083814,995848821952.4116,JR_West,9021.T,Stock
2022-04-12,2157.235595703125,455083814,981723002589.1401,JR_West,9021.T,Stock
2022-04-13,2170.98193359375,455083814,987978738464.9385,JR_West,9021.T,Stock
2022-04-14,2226.852783203125,455083814,1013404657796.5933,JR_West,9021.T,Stock
2022-04-15,2211.3330078125,455083814,1006341859219.4043,JR_West,9021.T,Stock
2022-04-18,2202.907958984375,455083814,1002507755865.565,JR_West,9021.T,Stock
2022-04-19,2198.91748046875,455083814,1000691753682.9893,JR_West,9021.T,Stock
2022-04-20,2222.862060546875,455083814,1011588544509.5708,JR_West,9021.T,Stock
2022-04-21,2216.21044921875,455083814,1008561503857.1221,JR_West,9021.T,Stock
2022-04-22,2200.247802734375,455083814,1001297161813.479,JR_West,9021.T,Stock
2022-04-25,2166.1044921875,455083814,985759093827.2207,JR_West,9021.T,Stock
2022-04-26,2211.3330078125,455083814,1006341859219.4043,JR_West,9021.T,Stock
2022-04-27,2197.5869140625,455083814,1000086234448.0527,JR_West,9021.T,Stock
2022-04-28,2147.924072265625,455083814,977485478989.0522,JR_West,9021.T,Stock
2022-05-02,2159.453125,455083814,982732164279.2188,JR_West,9021.T,Stock
2022-05-06,2224.1923828125,455083814,1012193952640.0605,JR_West,9021.T,Stock
2022-05-09,2158.566162109375,455083814,982328521824.0767,JR_West,9021.T,Stock
2022-05-10,2115.111083984375,455083814,962552819133.2837,JR_West,9021.T,Stock
2022-05-11,2096.4873046875,455083814,954077438619.7676,JR_West,9021.T,Stock
2022-05-12,2100.034912109375,455083814,955691897335.8892,JR_West,9021.T,Stock
2022-05-13,2155.90576171875,455083814,981117816667.544,JR_West,9021.T,Stock
2022-05-16,2143.046630859375,455083814,975265834351.3345,JR_West,9021.T,Stock
2022-05-17,2133.291259765625,455083814,970826322867.0054,JR_West,9021.T,Stock
2022-05-18,2156.792236328125,455083814,981521236913.7925,JR_West,9021.T,Stock
2022-05-19,2134.177978515625,455083814,971229854217.7007,JR_West,9021.T,Stock
2022-05-20,2133.734619140625,455083814,971028088542.353,JR_West,9021.T,Stock
2022-05-23,2137.28173828125,455083814,972642325049.581,JR_West,9021.T,Stock
2022-05-24,2107.129638671875,455083814,958920592559.2388,JR_West,9021.T,Stock
2022-05-25,2102.695556640625,455083814,956902713596.8687,JR_West,9021.T,Stock
2022-05-26,2129.30029296875,455083814,969010098475.5361,JR_West,9021.T,Stock
2022-05-27,2127.97021484375,455083814,968404801449.4932,JR_West,9021.T,Stock
2022-05-30,2130.630615234375,455083814,969615506606.0259,JR_West,9021.T,Stock
2022-05-31,2108.45947265625,455083814,959525778480.835,JR_West,9021.T,Stock
2022-06-01,2169.208251953125,455083814,987171564659.1011,JR_West,9021.T,Stock
2022-06-02,2169.208251953125,455083814,987171564659.1011,JR_West,9021.T,Stock
2022-06-03,2155.01904296875,455083814,980714285316.8486,JR_West,9021.T,Stock
2022-06-06,2253.4580078125,455083814,1025512264884.1543,JR_West,9021.T,Stock
2022-06-07,2228.62646484375,455083814,1014211831602.4307,JR_West,9021.T,Stock
2022-06-08,2237.938232421875,455083814,1018449466306.9653,JR_West,9021.T,Stock
2022-06-09,2232.173828125,455083814,1015826179214.1055,JR_West,9021.T,Stock
2022-06-10,2231.730224609375,455083814,1015624302434.311,JR_West,9021.T,Stock
2022-06-13,2200.690673828125,455083814,1001498705279.9331,JR_West,9021.T,Stock
2022-06-14,2150.58447265625,455083814,978696184145.585,JR_West,9021.T,Stock
2022-06-15,2115.55419921875,455083814,962754473704.1846,JR_West,9021.T,Stock
2022-06-16,2107.129638671875,455083814,958920592559.2388,JR_West,9021.T,Stock
2022-06-17,2099.148193359375,455083814,955288365985.1938,JR_West,9021.T,Stock
2022-06-20,2100.477783203125,455083814,955893440802.3433,JR_West,9021.T,Stock
2022-06-21,2181.623779296875,455083814,992821670195.5161,JR_West,9021.T,Stock
2022-06-22,2167.877685546875,455083814,986566045424.1646,JR_West,9021.T,Stock
2022-06-23,2207.78564453125,455083814,1004727511607.7295,JR_West,9021.T,Stock
2022-06-24,2208.673095703125,455083814,1005131376271.7651,JR_West,9021.T,Stock
2022-06-27,2194.03955078125,455083814,998471886836.3779,JR_West,9021.T,Stock
2022-06-28,2225.965576171875,455083814,1013000904237.0044,JR_West,9021.T,Stock
2022-06-29,2234.390625,455083814,1016835007590.8438,JR_West,9021.T,Stock
2022-06-30,2213.106689453125,455083814,1007149033025.2417,JR_West,9021.T,Stock
2022-07-01,2174.97265625,455083814,989794851751.9609,JR_West,9021.T,Stock
2022-07-04,2179.40673828125,455083814,991812730714.331,JR_West,9021.T,Stock
2022-07-05,2147.924072265625,455083814,977485478989.0522,JR_West,9021.T,Stock
2022-07-06,2105.355712890625,455083814,958113307648.9546,JR_West,9021.T,Stock
2022-07-07,2073.4296875,455083814,943584290248.3281,JR_West,9021.T,Stock
2022-07-08,2078.750732421875,455083814,946005811665.8403,JR_West,9021.T,Stock
2022-07-11,2124.4228515625,455083814,966790453837.8184,JR_West,9021.T,Stock
2022-07-12,2104.912109375,455083814,957911430869.1602,JR_West,9021.T,Stock
2022-07-13,2106.24267578125,455083814,958516950104.0967,JR_West,9021.T,Stock
2022-07-14,2095.156982421875,455083814,953472030489.2778,JR_West,9021.T,Stock
2022-07-15,2095.156982421875,455083814,953472030489.2778,JR_West,9021.T,Stock
2022-07-19,2103.138671875,455083814,957104368167.7695,JR_West,9021.T,Stock
2022-07-20,2126.639892578125,455083814,967799393319.0034,JR_West,9021.T,Stock
2022-07-21,2110.23291015625,455083814,960332841182.2256,JR_West,9021.T,Stock
2022-07-22,2095.156982421875,455083814,953472030489.2778,JR_West,9021.T,Stock
2022-07-25,2141.716064453125,455083814,974660315116.398,JR_West,9021.T,Stock
2022-07-26,2132.847412109375,455083814,970624334982.7642,JR_West,9021.T,Stock
2022-07-27,2164.77392578125,455083814,985153574592.2842,JR_West,9021.T,Stock
2022-07-28,2139.942626953125,455083814,973853252415.0073,JR_West,9021.T,Stock
2022-07-29,2160.340087890625,455083814,983135806734.3608,JR_West,9021.T,Stock
2022-08-01,2196.7001953125,455083814,999682703097.3574,JR_West,9021.T,Stock
2022-08-02,2198.473876953125,455083814,1000489876903.1948,JR_West,9021.T,Stock
2022-08-03,2274.7421875,455083814,1035198350554.2031,JR_West,9021.T,Stock
2022-08-04,2260.10888671875,455083814,1028538972223.2627,JR_West,9021.T,Stock
2022-08-05,2289.375,455083814,1041857506676.25,JR_West,9021.T,Stock
2022-08-08,2295.58251953125,455083814,1044682448340.0107,JR_West,9021.T,Stock
2022-08-09,2294.25244140625,455083814,1044077151313.9678,JR_West,9021.T,Stock
2022-08-10,2300.46044921875,455083814,1046902315186.6221,JR_West,9021.T,Stock
2022-08-12,2336.377197265625,455083814,1063247445874.271,JR_West,9021.T,Stock
2022-08-15,2334.16015625,455083814,1062238506393.0859,JR_West,9021.T,Stock
2022-08-16,2315.53662109375,455083814,1053763236984.0166,JR_West,9021.T,Stock
2022-08-17,2311.1025390625,455083814,1051745358021.6465,JR_West,9021.T,Stock
2022-08-18,2304.008056640625,455083814,1048516773902.7437,JR_West,9021.T,Stock
2022-08-19,2300.90380859375,455083814,1047104080861.9697,JR_West,9021.T,Stock
2022-08-22,2303.564208984375,455083814,1048314786018.5024,JR_West,9021.T,Stock
2022-08-23,2325.292236328125,455083814,1058202859572.7925,JR_West,9021.T,Stock
2022-08-24,2331.94287109375,455083814,1061229455807.4541,JR_West,9021.T,Stock
2022-08-25,2323.51806640625,455083814,1057395463558.0615,JR_West,9021.T,Stock
2022-08-26,2327.508544921875,455083814,1059211465740.6372,JR_West,9021.T,Stock
2022-08-29,2311.1025390625,455083814,1051745358021.6465,JR_West,9021.T,Stock
2022-08-30,2364.75634765625,455083814,1076162337872.1162,JR_West,9021.T,Stock
2022-08-31,2408.654541015625,455083814,1096139695133.81,JR_West,9021.T,Stock
2022-09-01,2389.143798828125,455083814,1087260672165.1519,JR_West,9021.T,Stock
2022-09-02,2378.502197265625,455083814,1082417851539.021,JR_West,9021.T,Stock
2022-09-05,2346.576171875,455083814,1067888834138.3945,JR_West,9021.T,Stock
2022-09-06,2339.03759765625,455083814,1064458151030.8037,JR_West,9021.T,Stock
2022-09-07,2344.359375,455083814,1066880005761.6562,JR_West,9021.T,Stock
2022-09-08,2380.27587890625,455083814,1083225025344.8584,JR_West,9021.T,Stock
2022-09-09,2370.963623046875,455083814,1078987168431.4302,JR_West,9021.T,Stock
2022-09-12,2450.779541015625,455083814,1115310100798.56,JR_West,9021.T,Stock
2022-09-13,2513.3017578125,455083814,1143762949678.2168,JR_West,9021.T,Stock
2022-09-14,2515.075439453125,455083814,1144570123484.0542,JR_West,9021.T,Stock
2022-09-15,2548.33154296875,455083814,1159704437910.7236,JR_West,9021.T,Stock
2022-09-16,2538.57666015625,455083814,1155265148635.288,JR_West,9021.T,Stock
2022-09-20,2534.142333984375,455083814,1153247158568.4712,JR_West,9021.T,Stock
2022-09-21,2487.14013671875,455083814,1131857219370.4502,JR_West,9021.T,Stock
2022-09-22,2519.952880859375,455083814,1146789768121.772,JR_West,9021.T,Stock
2022-09-26,2502.659912109375,455083814,1138920017947.6392,JR_West,9021.T,Stock
2022-09-27,2505.3203125,455083814,1140130723104.1719,JR_West,9021.T,Stock
2022-09-28,2456.5439453125,455083814,1117933387891.42,JR_West,9021.T,Stock
2022-09-29,2514.7138671875,455083814,1144405577798.377,JR_West,9021.T,Stock
2022-09-30,2478.916748046875,455083814,1128114888289.649,JR_West,9021.T,Stock
2022-10-03,2439.98828125,455083814,1110399173146.5547,JR_West,9021.T,Stock
2022-10-04,2497.710205078125,455083814,1136667486393.6753,JR_West,9021.T,Stock
2022-10-05,2488.760986328125,455083814,1132594841792.605,JR_West,9021.T,Stock
2022-10-06,2492.341064453125,455083814,1134224077400.148,JR_West,9021.T,Stock
2022-10-07,2537.533935546875,455083814,1154790621543.102,JR_West,9021.T,Stock
2022-10-11,2566.17138671875,455083814,1167823062045.6377,JR_West,9021.T,Stock
2022-10-12,2635.079833984375,455083814,1199182181044.0962,JR_West,9021.T,Stock
2022-10-13,2586.306884765625,455083814,1176986401293.599,JR_West,9021.T,Stock
2022-10-14,2597.045654296875,455083814,1181873441489.5474,JR_West,9021.T,Stock
2022-10-17,2624.340576171875,455083814,1194294918639.2544,JR_West,9021.T,Stock
2022-10-18,2673.56103515625,455083814,1216694352840.6943,JR_West,9021.T,Stock
2022-10-19,2684.74755859375,455083814,1221785158592.0322,JR_West,9021.T,Stock
2022-10-20,2696.828857421875,455083814,1227283162140.809,JR_West,9021.T,Stock
2022-10-21,2619.865966796875,455083814,1192258596338.7192,JR_West,9021.T,Stock
2022-10-24,2563.486572265625,455083814,1166601246444.4272,JR_West,9021.T,Stock
2022-10-25,2573.778076171875,455083814,1171284743293.8794,JR_West,9021.T,Stock
2022-10-26,2552.30029296875,455083814,1161510551797.5361,JR_West,9021.T,Stock
2022-10-27,2564.828857421875,455083814,1167212098692.809,JR_West,9021.T,Stock
2022-10-28,2583.1748046875,455083814,1175561042345.8926,JR_West,9021.T,Stock
2022-10-31,2640.449462890625,455083814,1201625812246.517,JR_West,9021.T,Stock
2022-11-01,2633.289794921875,455083814,1198367563240.3247,JR_West,9021.T,Stock
2022-11-02,2590.781494140625,455083814,1179022723594.1343,JR_West,9021.T,Stock
2022-11-04,2602.415283203125,455083814,1184317072691.9683,JR_West,9021.T,Stock
2022-11-07,2619.418701171875,455083814,1192055052992.2231,JR_West,9021.T,Stock
2022-11-08,2598.83544921875,455083814,1182687948188.872,JR_West,9021.T,Stock
2022-11-09,2535.744140625,455083814,1153976114843.7773,JR_West,9021.T,Stock
2022-11-10,2535.296630859375,455083814,1153772460392.8345,JR_West,9021.T,Stock
2022-11-11,2492.788330078125,455083814,1134427620746.644,JR_West,9021.T,Stock
2022-11-14,2486.523681640625,455083814,1131576680642.3374,JR_West,9021.T,Stock
2022-11-15,2475.784912109375,455083814,1126689640446.3892,JR_West,9021.T,Stock
2022-11-16,2446.69970703125,455083814,1113453434388.4639,JR_West,9021.T,Stock
2022-11-17,2541.113525390625,455083814,1156419634941.7515,JR_West,9021.T,Stock
2022-11-18,2529.47998046875,455083814,1151125396948.3643,JR_West,9021.T,Stock
2022-11-21,2529.032470703125,455083814,1150921742497.4214,JR_West,9021.T,Stock
2022-11-22,2544.693359375,455083814,1158048759444.8477,JR_West,9021.T,Stock
2022-11-24,2529.47998046875,455083814,1151125396948.3643,JR_West,9021.T,Stock
2022-11-25,2553.642578125,455083814,1162121404045.918,JR_West,9021.T,Stock
2022-11-28,2559.011962890625,455083814,1164564924143.892,JR_West,9021.T,Stock
2022-11-29,2613.154541015625,455083814,1189204335096.81,JR_West,9021.T,Stock
2022-11-30,2611.364501953125,455083814,1188389717293.0386,JR_West,9021.T,Stock
2022-12-01,2575.567626953125,455083814,1172099138888.7573,JR_West,9021.T,Stock
2022-12-02,2534.849365234375,455083814,1153568917046.3384,JR_West,9021.T,Stock
2022-12-05,2518.74072265625,455083814,1146238134543.5225,JR_West,9021.T,Stock
2022-12-06,2508.44921875,455083814,1141554637694.0703,JR_West,9021.T,Stock
2022-12-07,2549.615234375,455083814,1160288625091.879,JR_West,9021.T,Stock
2022-12-08,2561.249267578125,455083814,1165583085294.1597,JR_West,9021.T,Stock
2022-12-09,2554.089599609375,455083814,1162324836287.9673,JR_West,9021.T,Stock
2022-12-12,2569.3037109375,455083814,1169248532097.791,JR_West,9021.T,Stock
2022-12-13,2581.384521484375,455083814,1174746313437.6743,JR_West,9021.T,Stock
2022-12-14,2558.1171875,455083814,1164157726346.4531,JR_West,9021.T,Stock
2022-12-15,2612.70654296875,455083814,1189000458436.9736,JR_West,9021.T,Stock
2022-12-16,2621.20849609375,455083814,1192869559691.5479,JR_West,9021.T,Stock
2022-12-19,2570.645751953125,455083814,1169859273241.726,JR_West,9021.T,Stock
2022-12-20,2526.794921875,455083814,1149903470242.707,JR_West,9021.T,Stock
2022-12-21,2488.760986328125,455083814,1132594841792.605,JR_West,9021.T,Stock
2022-12-22,2489.656005859375,455083814,1133002150694.4907,JR_West,9021.T,Stock
2022-12-23,2473.10009765625,455083814,1125467824845.1787,JR_West,9021.T,Stock
2022-12-26,2515.160888671875,455083814,1144609010040.4263,JR_West,9021.T,Stock
2022-12-27,2576.463134765625,455083814,1172506669999.5366,JR_West,9021.T,Stock
2022-12-28,2565.276123046875,455083814,1167415642039.3052,JR_West,9021.T,Stock
2022-12-29,2547.8251953125,455083814,1159474007288.1074,JR_West,9021.T,Stock
2022-12-30,2563.486572265625,455083814,1166601246444.4272,JR_West,9021.T,Stock
2023-01-04,2509.791748046875,455083814,1142165601046.899,JR_West,9021.T,Stock
2023-01-05,2474.8896484375,455083814,1126282220440.0566,JR_West,9021.T,Stock
2023-01-06,2469.07275390625,455083814,1123635045891.1396,JR_West,9021.T,Stock
2023-01-10,2454.306640625,455083814,1116915226741.1523,JR_West,9021.T,Stock
2023-01-11,2434.17138671875,455083814,1107751998597.6377,JR_West,9021.T,Stock
2023-01-12,2384.055908203125,455083814,1084945255494.312,JR_West,9021.T,Stock
2023-01-13,2388.977783203125,455083814,1087185121141.3433,JR_West,9021.T,Stock
2023-01-16,2391.215087890625,455083814,1088203282291.6108,JR_West,9021.T,Stock
2023-01-17,2373.316650390625,455083814,1080057993089.4702,JR_West,9021.T,Stock
2023-01-18,2422.537353515625,455083814,1102457538395.357,JR_West,9021.T,Stock
2023-01-19,2433.723388671875,455083814,1107548121937.8013,JR_West,9021.T,Stock
2023-01-20,2459.67626953125,455083814,1119358857943.5732,JR_West,9021.T,Stock
2023-01-23,2472.652587890625,455083814,1125264170394.2358,JR_West,9021.T,Stock
2023-01-24,2486.076416015625,455083814,1131373137295.8413,JR_West,9021.T,Stock
2023-01-25,2500.39501953125,455083814,1137889301994.8857,JR_West,9021.T,Stock
2023-01-26,2487.418701171875,455083814,1131983989544.2231,JR_West,9021.T,Stock
2023-01-27,2463.255859375,455083814,1120987871342.2227,JR_West,9021.T,Stock
2023-01-30,2423.87939453125,455083814,1103068279539.292,JR_West,9021.T,Stock
2023-01-31,2431.933837890625,455083814,1106733726342.9233,JR_West,9021.T,Stock
2023-02-01,2351.839111328125,455083814,1070283912697.5737,JR_West,9021.T,Stock
2023-02-02,2379.134033203125,455083814,1082705389847.2808,JR_West,9021.T,Stock
2023-02-03,2367.052490234375,455083814,1077207275194.0571,JR_West,9021.T,Stock
2023-02-06,2378.68603515625,455083814,1082501513187.4443,JR_West,9021.T,Stock
2023-02-07,2357.65576171875,455083814,1072930976142.044,JR_West,9021.T,Stock
2023-02-08,2357.65576171875,455083814,1072930976142.044,JR_West,9021.T,Stock
2023-02-09,2341.547607421875,455083814,1065600415848.1216,JR_West,9021.T,Stock
2023-02-10,2319.174072265625,455083814,1055418582136.5522,JR_West,9021.T,Stock
2023-02-13,2332.150634765625,455083814,1061324005691.6616,JR_West,9021.T,Stock
2023-02-14,2325.4384765625,455083814,1058269411136.4121,JR_West,9021.T,Stock
2023-02-15,2338.415283203125,455083814,1064174945795.9683,JR_West,9021.T,Stock
2023-02-16,2350.048828125,455083814,1069469183789.3555,JR_West,9021.T,Stock
2023-02-17,2334.38818359375,455083814,1062342277946.376,JR_West,9021.T,Stock
2023-02-20,2362.57763671875,455083814,1075170841789.0752,JR_West,9021.T,Stock
2023-02-21,2319.621826171875,455083814,1055622347691.9419,JR_West,9021.T,Stock
2023-02-22,2293.2216796875,455083814,1043608068339.6738,JR_West,9021.T,Stock
2023-02-24,2341.547607421875,455083814,1065600415848.1216,JR_West,9021.T,Stock
2023-02-27,2363.025390625,455083814,1075374607344.4648,JR_West,9021.T,Stock
2023-02-28,2364.36767578125,455083814,1075985459592.8467,JR_West,9021.T,Stock
2023-03-01,2338.415283203125,455083814,1064174945795.9683,JR_West,9021.T,Stock
2023-03-02,2346.916748046875,455083814,1068043824841.6489,JR_West,9021.T,Stock
2023-03-03,2357.20849609375,455083814,1072727432795.5479,JR_West,9021.T,Stock
2023-03-06,2357.65576171875,455083814,1072930976142.044,JR_West,9021.T,Stock
2023-03-07,2377.79150390625,455083814,1082094426494.4521,JR_West,9021.T,Stock
2023-03-08,2441.77783203125,455083814,1111213568741.4326,JR_West,9021.T,Stock
2023-03-09,2462.808349609375,455083814,1120784216891.2798,JR_West,9021.T,Stock
2023-03-10,2418.510009765625,455083814,1100624759441.3179,JR_West,9021.T,Stock
2023-03-13,2423.432373046875,455083814,1102864847297.2427,JR_West,9021.T,Stock
2023-03-14,2427.45947265625,455083814,1104697515146.835,JR_West,9021.T,Stock
2023-03-15,2395.242431640625,455083814,1090036061245.6499,JR_West,9021.T,Stock
2023-03-16,2344.232177734375,455083814,1066822120344.8853,JR_West,9021.T,Stock
2023-03-17,2404.638671875,455083814,1094312138088.7695,JR_West,9021.T,Stock
2023-03-20,2351.839111328125,455083814,1070283912697.5737,JR_West,9021.T,Stock
2023-03-22,2374.211669921875,455083814,1080465301991.356,JR_West,9021.T,Stock
2023-03-23,2375.106689453125,455083814,1080872610893.2417,JR_West,9021.T,Stock
2023-03-24,2371.07958984375,455083814,1079039943043.6494,JR_West,9021.T,Stock
2023-03-27,2433.2763671875,455083814,1107344689695.752,JR_West,9021.T,Stock
2023-03-28,2420.299560546875,455083814,1101439155036.1958,JR_West,9021.T,Stock
2023-03-29,2456.543701171875,455083814,1117933276786.9731,JR_West,9021.T,Stock
2023-03-30,2476.95849609375,455083814,1127223719522.0479,JR_West,9021.T,Stock
2023-03-31,2475.59765625,455083814,1126604423335.711,JR_West,9021.T,Stock
2023-04-03,2517.787353515625,455083814,1145804271678.857,JR_West,9021.T,Stock
2023-04-04,2539.563232421875,455083814,1155714121704.7153,JR_West,9021.T,Stock
2023-04-05,2520.962646484375,455083814,1147249296113.643,JR_West,9021.T,Stock
2023-04-06,2514.158447265625,455083814,1144152815181.9585,JR_West,9021.T,Stock
2023-04-07,2511.436279296875,455083814,1142914000600.391,JR_West,9021.T,Stock
2023-04-10,2549.996826171875,455083814,1160462281342.192,JR_West,9021.T,Stock
2023-04-11,2544.55322265625,455083814,1157984985492.3975,JR_West,9021.T,Stock
2023-04-12,2559.0703125,455083814,1164591478106.6719,JR_West,9021.T,Stock
2023-04-13,2563.153076171875,455083814,1166449477770.1294,JR_West,9021.T,Stock
2023-04-14,2567.689453125,455083814,1168513909495.6992,JR_West,9021.T,Stock
2023-04-17,2583.56787109375,455083814,1175739920505.204,JR_West,9021.T,Stock
2023-04-18,2618.045654296875,455083814,1191430201583.5474,JR_West,9021.T,Stock
2023-04-19,2653.43017578125,455083814,1207533124577.2217,JR_West,9021.T,Stock
2023-04-20,2632.1083984375,455083814,1197829928822.3691,JR_West,9021.T,Stock
2023-04-21,2639.366943359375,455083814,1201133175129.5063,JR_West,9021.T,Stock
2023-04-24,2697.43505859375,455083814,1227559034482.1572,JR_West,9021.T,Stock
2023-04-25,2698.34228515625,455083814,1227971898606.3818,JR_West,9021.T,Stock
2023-04-26,2698.796142578125,455083814,1228178441772.941,JR_West,9021.T,Stock
2023-04-27,2659.781494140625,455083814,1210423506760.1343,JR_West,9021.T,Stock
2023-04-28,2672.48388671875,455083814,1216204160021.5127,JR_West,9021.T,Stock
2023-05-01,2716.942138671875,455083814,1236436390884.1138,JR_West,9021.T,Stock
2023-05-02,2698.34228515625,455083814,1227971898606.3818,JR_West,9021.T,Stock
2023-05-08,2740.532470703125,455083814,1247171969158.4214,JR_West,9021.T,Stock
2023-05-09,2731.005615234375,455083814,1242836451436.276,JR_West,9021.T,Stock
2023-05-10,2725.108154296875,455083814,1240152612419.9224,JR_West,9021.T,Stock
2023-05-11,2739.625244140625,455083814,1246759105034.1968,JR_West,9021.T,Stock
2023-05-12,2781.361083984375,455083814,1265752410210.7837,JR_West,9021.T,Stock
2023-05-15,2779.09326171875,455083814,1264720361004.669,JR_West,9021.T,Stock
2023-05-16,2808.580810546875,455083814,1278139667190.8833,JR_West,9021.T,Stock
2023-05-17,2864.833984375,455083814,1303739576086.1914,JR_West,9021.T,Stock
2023-05-18,2818.560791015625,455083814,1282681394766.2476,JR_West,9021.T,Stock
2023-05-19,2755.503173828125,455083814,1253984893834.808,JR_West,9021.T,Stock
2023-05-22,2822.643798828125,455083814,1284539505534.1519,JR_West,9021.T,Stock
2023-05-23,2767.75146484375,455083814,1259558892825.1807,JR_West,9021.T,Stock
2023-05-24,2694.25927734375,455083814,1226113787838.4775,JR_West,9021.T,Stock
2023-05-25,2656.606201171875,455083814,1208978482325.3481,JR_West,9021.T,Stock
2023-05-26,2714.22021484375,455083814,1235197687406.9932,JR_West,9021.T,Stock
2023-05-29,2703.7861328125,455083814,1230449305560.623,JR_West,9021.T,Stock
2023-05-30,2675.65966796875,455083814,1217649406665.1924,JR_West,9021.T,Stock
2023-05-31,2649.80126953125,455083814,1205881668080.3232,JR_West,9021.T,Stock
2023-06-01,2640.274169921875,455083814,1201546039253.731,JR_West,9021.T,Stock
2023-06-02,2652.97705078125,455083814,1207326914724.003,JR_West,9021.T,Stock
2023-06-05,2676.113525390625,455083814,1217855949831.7515,JR_West,9021.T,Stock
2023-06-06,2702.42529296875,455083814,1229830009374.2861,JR_West,9021.T,Stock
2023-06-07,2688.815185546875,455083814,1223636269779.7896,JR_West,9021.T,Stock
2023-06-08,2716.03515625,455083814,1236023637864.336,JR_West,9021.T,Stock
2023-06-09,2716.03515625,455083814,1236023637864.336,JR_West,9021.T,Stock
2023-06-12,2719.6640625,455083814,1237675094361.2344,JR_West,9021.T,Stock
2023-06-13,2705.6005859375,455083814,1231275033809.0723,JR_West,9021.T,Stock
2023-06-14,2730.098388671875,455083814,1242423587312.0513,JR_West,9021.T,Stock
2023-06-15,2709.22998046875,455083814,1232926712514.8643,JR_West,9021.T,Stock
2023-06-16,2700.610595703125,455083814,1229004170021.3901,JR_West,9021.T,Stock
2023-06-19,2698.34228515625,455083814,1227971898606.3818,JR_West,9021.T,Stock
2023-06-20,2682.010986328125,455083814,1220539788848.105,JR_West,9021.T,Stock
2023-06-21,2740.986083984375,455083814,1247378401220.5337,JR_West,9021.T,Stock
2023-06-22,2745.06884765625,455083814,1249236400883.9912,JR_West,9021.T,Stock
2023-06-23,2750.512939453125,455083814,1251713918942.6792,JR_West,9021.T,Stock
2023-06-26,2716.942138671875,455083814,1236436390884.1138,JR_West,9021.T,Stock
2023-06-27,2734.634765625,455083814,1244488019037.621,JR_West,9021.T,Stock
2023-06-28,2753.688232421875,455083814,1253158943377.4653,JR_West,9021.T,Stock
2023-06-29,2743.7080078125,455083814,1248617104697.6543,JR_West,9021.T,Stock
2023-06-30,2717.395751953125,455083814,1236642822946.226,JR_West,9021.T,Stock
2023-07-03,2724.654296875,455083814,1239946069253.3633,JR_West,9021.T,Stock
2023-07-04,2696.527587890625,455083814,1227146059253.4858,JR_West,9021.T,Stock
2023-07-05,2649.34765625,455083814,1205675236018.211,JR_West,9021.T,Stock
2023-07-06,2650.70849609375,455083814,1206294532204.5479,JR_West,9021.T,Stock
2023-07-07,2650.70849609375,455083814,1206294532204.5479,JR_West,9021.T,Stock
2023-07-10,2642.99609375,455083814,1202784742730.8516,JR_West,9021.T,Stock
2023-07-11,2647.079345703125,455083814,1204642964603.2026,JR_West,9021.T,Stock
2023-07-12,2653.43017578125,455083814,1207533124577.2217,JR_West,9021.T,Stock
2023-07-13,2643.449951171875,455083814,1202991285897.4106,JR_West,9021.T,Stock
2023-07-14,2603.5283203125,455083814,1184823597864.8262,JR_West,9021.T,Stock
2023-07-18,2566.328857421875,455083814,1167894724413.809,JR_West,9021.T,Stock
2023-07-19,2606.704345703125,455083814,1186268955612.9526,JR_West,9021.T,Stock
2023-07-20,2619.85986328125,455083814,1192255818727.5498,JR_West,9021.T,Stock
2023-07-21,2591.27978515625,455083814,1179249487770.0068,JR_West,9021.T,Stock
2023-07-24,2595.362548828125,455083814,1181107487433.4644,JR_West,9021.T,Stock
2023-07-25,2598.538330078125,455083814,1182552734077.144,JR_West,9021.T,Stock
2023-07-26,2598.538330078125,455083814,1182552734077.144,JR_West,9021.T,Stock
2023-07-27,2616.230712890625,455083814,1190604251126.2046,JR_West,9021.T,Stock
2023-07-28,2622.58203125,455083814,1193494633309.1172,JR_West,9021.T,Stock
2023-07-31,2650.70849609375,455083814,1206294532204.5479,JR_West,9021.T,Stock
2023-08-01,2676.113525390625,455083814,1217855949831.7515,JR_West,9021.T,Stock
2023-08-02,2687.454833984375,455083814,1223017195802.3462,JR_West,9021.T,Stock
2023-08-03,2647.079345703125,455083814,1204642964603.2026,JR_West,9021.T,Stock
2023-08-04,2647.986572265625,455083814,1205055828727.4272,JR_West,9021.T,Stock
2023-08-07,2658.420654296875,455083814,1209804210573.7974,JR_West,9021.T,Stock
2023-08-08,2710.591064453125,455083814,1233546119805.648,JR_West,9021.T,Stock
2023-08-09,2732.3662109375,455083814,1243455636518.166,JR_West,9021.T,Stock
2023-08-10,2796.33203125,455083814,1272565445991.6172,JR_West,9021.T,Stock
2023-08-14,2763.21484375,455083814,1257494349995.164,JR_West,9021.T,Stock
2023-08-15,2792.702392578125,455083814,1270913656181.3784,JR_West,9021.T,Stock
2023-08-16,2787.712158203125,455083814,1268642681289.2495,JR_West,9021.T,Stock
2023-08-17,2777.278564453125,455083814,1263894521651.773,JR_West,9021.T,Stock
2023-08-18,2744.615234375,455083814,1249029968821.879,JR_West,9021.T,Stock
2023-08-21,2762.307861328125,455083814,1257081596975.3862,JR_West,9021.T,Stock
2023-08-22,2751.87353515625,455083814,1252333104024.5693,JR_West,9021.T,Stock
2023-08-23,2770.4736328125,455083814,1260797707406.748,JR_West,9021.T,Stock
2023-08-24,2767.75146484375,455083814,1259558892825.1807,JR_West,9021.T,Stock
2023-08-25,2754.141845703125,455083814,1253365375439.5776,JR_West,9021.T,Stock
2023-08-28,2731.912841796875,455083814,1243249315560.5005,JR_West,9021.T,Stock
2023-08-29,2776.824462890625,455083814,1263687867380.767,JR_West,9021.T,Stock
2023-08-30,2785.4443359375,455083814,1267610632083.1348,JR_West,9021.T,Stock
2023-08-31,2859.84375,455083814,1301468601194.0625,JR_West,9021.T,Stock
2023-09-01,2886.15576171875,455083814,1313442771841.044,JR_West,9021.T,Stock
2023-09-04,2899.765380859375,455083814,1319636289226.647,JR_West,9021.T,Stock
2023-09-05,2921.087158203125,455083814,1329339484981.4995,JR_West,9021.T,Stock
2023-09-06,2908.384765625,455083814,1323558831720.121,JR_West,9021.T,Stock
2023-09-07,2951.93603515625,455083814,1343378309562.9443,JR_West,9021.T,Stock
2023-09-08,2898.858154296875,455083814,1319223425102.4224,JR_West,9021.T,Stock
2023-09-11,2877.989990234375,455083814,1309726661409.6821,JR_West,9021.T,Stock
2023-09-12,2893.414306640625,455083814,1316746018148.1812,JR_West,9021.T,Stock
2023-09-13,2949.2138671875,455083814,1342139494981.377,JR_West,9021.T,Stock
2023-09-14,2965.54541015625,455083814,1349571715844.1006,JR_West,9021.T,Stock
2023-09-15,2996.39404296875,455083814,1363610429321.0986,JR_West,9021.T,Stock
2023-09-19,2980.51611328125,455083814,1356384640520.4873,JR_West,9021.T,Stock
2023-09-20,2990.042724609375,455083814,1360720047138.186,JR_West,9021.T,Stock
2023-09-21,2956.92626953125,455083814,1345649284455.0732,JR_West,9021.T,Stock
2023-09-22,2947.3994140625,455083814,1341313766732.9277,JR_West,9021.T,Stock
2023-09-25,2952.84326171875,455083814,1343791173687.169,JR_West,9021.T,Stock
2023-09-26,2961.916259765625,455083814,1347920148242.7554,JR_West,9021.T,Stock
2023-09-27,2958.740478515625,455083814,1346474901599.0757,JR_West,9021.T,Stock
2023-09-28,2880.24658203125,455083814,1310753599811.245,JR_West,9021.T,Stock
2023-09-29,2830.81591796875,455083814,1288258504681.13,JR_West,9021.T,Stock
2023-10-02,2798.31982421875,455083814,1273470058397.2783,JR_West,9021.T,Stock
2023-10-03,2716.85107421875,455083814,1236394948925.4658,JR_West,9021.T,Stock
2023-10-04,2655.5205078125,455083814,1208484400850.5293,JR_West,9021.T,Stock
2023-10-05,2680.693603515625,455083814,1219940269253.2944,JR_West,9021.T,Stock
2023-10-06,2657.80908203125,455083814,1209525893934.62,JR_West,9021.T,Stock
2023-10-10,2663.30126953125,455083814,1212025299569.3232,JR_West,9021.T,Stock
2023-10-11,2634.009033203125,455083814,1198694876940.5308,JR_West,9021.T,Stock
2023-10-12,2609.751220703125,455083814,1187655539108.734,JR_West,9021.T,Stock
2023-10-13,2577.713134765625,455083814,1173075524767.0366,JR_West,9021.T,Stock
2023-10-16,2520.044189453125,455083814,1146831321184.8667,JR_West,9021.T,Stock
2023-10-17,2504.025146484375,455083814,1139541314014.018,JR_West,9021.T,Stock
2023-10-18,2577.255126953125,455083814,1172867092824.8823,JR_West,9021.T,Stock
2023-10-19,2608.378173828125,455083814,1187030687700.058,JR_West,9021.T,Stock
2023-10-20,2579.086181640625,455083814,1173700376175.7124,JR_West,9021.T,Stock
2023-10-23,2552.5400390625,455083814,1161619656364.2715,JR_West,9021.T,Stock
2023-10-24,2584.578369140625,455083814,1176199781810.4155,JR_West,9021.T,Stock
2023-10-25,2576.798095703125,455083814,1172659105300.5151,JR_West,9021.T,Stock
2023-10-26,2588.239990234375,455083814,1177866126303.1821,JR_West,9021.T,Stock
2023-10-27,2624.85546875,455083814,1194529237917.5078,JR_West,9021.T,Stock
2023-10-30,2586.866943359375,455083814,1177241274894.5063,JR_West,9021.T,Stock
2023-10-31,2629.889892578125,455083814,1196820322714.5034,JR_West,9021.T,Stock
2023-11-01,2776.350830078125,455083814,1263472324754.019,JR_West,9021.T,Stock
2023-11-02,2794.20068359375,455083814,1271595504171.251,JR_West,9021.T,Stock
2023-11-06,2776.350830078125,455083814,1263472324754.019,JR_West,9021.T,Stock
2023-11-07,2689.847412109375,455083814,1224106019380.7642,JR_West,9021.T,Stock
2023-11-08,2639.043701171875,455083814,1200986072841.9731,JR_West,9021.T,Stock
2023-11-09,2674.743408203125,455083814,1217232431676.437,JR_West,9021.T,Stock
2023-11-10,2696.712646484375,455083814,1227230276424.143,JR_West,9021.T,Stock
2023-11-13,2689.3896484375,455083814,1223897698543.0566,JR_West,9021.T,Stock
2023-11-14,2679.3203125,455083814,1219315306740.1719,JR_West,9021.T,Stock
2023-11-15,2691.220458984375,455083814,1224730870789.44,JR_West,9021.T,Stock
2023-11-16,2655.978515625,455083814,1208692832792.6836,JR_West,9021.T,Stock
2023-11-17,2722.801025390625,455083814,1239102675397.8765,JR_West,9021.T,Stock
2023-11-20,2692.1357421875,455083814,1225147401360.4082,JR_West,9021.T,Stock
2023-11-21,2739.7353515625,455083814,1246809213139.6934,JR_West,9021.T,Stock
2023-11-22,2742.02392578125,455083814,1247850706223.7842,JR_West,9021.T,Stock
2023-11-24,2702.205322265625,455083814,1229729904267.7397,JR_West,9021.T,Stock
2023-11-27,2681.1513671875,455083814,1220148590091.002,JR_West,9021.T,Stock
2023-11-28,2676.57421875,455083814,1218065603922.8203,JR_West,9021.T,Stock
2023-11-29,2647.281982421875,455083814,1204735181294.0278,JR_West,9021.T,Stock
2023-11-30,2676.116455078125,455083814,1217857283085.1128,JR_West,9021.T,Stock
2023-12-01,2668.793701171875,455083814,1214524816308.4731,JR_West,9021.T,Stock
2023-12-04,2654.1474609375,455083814,1207859549441.8535,JR_West,9021.T,Stock
2023-12-05,2676.116455078125,455083814,1217857283085.1128,JR_West,9021.T,Stock
2023-12-06,2685.72802734375,455083814,1222231354050.29,JR_West,9021.T,Stock
2023-12-07,2705.86669921875,455083814,1231396137656.0596,JR_West,9021.T,Stock
2023-12-08,2684.81298828125,455083814,1221814934583.7686,JR_West,9021.T,Stock
2023-12-11,2713.189453125,455083814,1234728604432.6992,JR_West,9021.T,Stock
2023-12-12,2711.3583984375,455083814,1233895321081.8691,JR_West,9021.T,Stock
2023-12-13,2715.020263671875,455083814,1235561776679.0825,JR_West,9021.T,Stock
2023-12-14,2720.969970703125,455083814,1238269392047.0464,JR_West,9021.T,Stock
2023-12-15,2706.32421875,455083814,1231604347389.3203,JR_West,9021.T,Stock
2023-12-18,2677.0322265625,455083814,1218274035864.9746,JR_West,9021.T,Stock
2023-12-19,2642.24755859375,455083814,1202444096497.0322,JR_West,9021.T,Stock
2023-12-20,2629.889892578125,455083814,1196820322714.5034,JR_West,9021.T,Stock
2023-12-21,2643.1630859375,455083814,1202860738172.4473,JR_West,9021.T,Stock
2023-12-22,2649.570556640625,455083814,1205776674378.1187,JR_West,9021.T,Stock
2023-12-25,2653.23193359375,455083814,1207442907766.4385,JR_West,9021.T,Stock
2023-12-26,2634.924560546875,455083814,1199111518615.9458,JR_West,9021.T,Stock
2023-12-27,2668.3359375,455083814,1214316495470.7656,JR_West,9021.T,Stock
2023-12-28,2669.251220703125,455083814,1214733026041.734,JR_West,9021.T,Stock
2023-12-29,2691.677978515625,455083814,1224939080522.7007,JR_West,9021.T,Stock
2024-01-04,2720.054931640625,455083814,1237852972580.525,JR_West,9021.T,Stock
2024-01-05,2768.1123046875,455083814,1259723105197.5176,JR_West,9021.T,Stock
2024-01-09,2765.823974609375,455083814,1258681723217.8735,JR_West,9021.T,Stock
2024-01-10,2782.75830078125,455083814,1266388260959.6904,JR_West,9021.T,Stock
2024-01-11,2796.031494140625,455083814,1272428676417.6343,JR_West,9021.T,Stock
2024-01-12,2808.389404296875,455083814,1278052561304.6099,JR_West,9021.T,Stock
2024-01-15,2815.254638671875,455083814,1281176818347.9888,JR_West,9021.T,Stock
2024-01-16,2829.44287109375,455083814,1287633653272.454,JR_West,9021.T,Stock
2024-01-17,2845.919921875,455083814,1295132092385.457,JR_West,9021.T,Stock
2024-01-18,2779.5546875,455083814,1264930348409.0781,JR_West,9021.T,Stock
2024-01-19,2773.14697265625,455083814,1262014301098.96,JR_West,9021.T,Stock
2024-01-22,2819.83154296875,455083814,1283259693411.7236,JR_West,9021.T,Stock
2024-01-23,2795.57373046875,455083814,1272220355579.9268,JR_West,9021.T,Stock
2024-01-24,2771.316162109375,455083814,1261181128852.5767,JR_West,9021.T,Stock
2024-01-25,2783.21630859375,455083814,1266596692901.8447,JR_West,9021.T,Stock
2024-01-26,2760.789306640625,455083814,1256390527316.4312,JR_West,9021.T,Stock
2024-01-29,2800.150634765625,455083814,1274303230643.6616,JR_West,9021.T,Stock
2024-01-30,2788.25048828125,455083814,1268887666594.3936,JR_West,9021.T,Stock
2024-01-31,2814.796630859375,455083814,1280968386405.8345,JR_West,9021.T,Stock
2024-02-01,2890.7734375,455083814,1315544201347.3906,JR_West,9021.T,Stock
2024-02-02,2962.17333984375,455083814,1348037141225.212,JR_West,9021.T,Stock
2024-02-05,2929.2197265625,455083814,1333040485208.0996,JR_West,9021.T,Stock
2024-02-06,2904.504150390625,455083814,1321792826538.5952,JR_West,9021.T,Stock
2024-02-07,2936.084716796875,455083814,1336164631147.0317,JR_West,9021.T,Stock
2024-02-08,2897.638671875,455083814,1318668458390.7695,JR_West,9021.T,Stock
2024-02-09,2878.873779296875,455083814,1310128859507.016,JR_West,9021.T,Stock
2024-02-13,2886.19677734375,455083814,1313461437388.1025,JR_West,9021.T,Stock
2024-02-14,2830.81591796875,455083814,1288258504681.13,JR_West,9021.T,Stock
2024-02-15,2812.966064453125,455083814,1280135325263.898,JR_West,9021.T,Stock
2024-02-16,2828.985107421875,455083814,1287425332434.7466,JR_West,9021.T,Stock
2024-02-19,2875.669677734375,455083814,1308670724747.5103,JR_West,9021.T,Stock
2024-02-20,2844.546630859375,455083814,1294507129872.3345,JR_West,9021.T,Stock
2024-02-21,2842.258544921875,455083814,1293465858997.1372,JR_West,9021.T,Stock
2024-02-22,2841.800537109375,455083814,1293257427054.983,JR_West,9021.T,Stock
2024-02-26,2866.05810546875,455083814,1304296653782.333,JR_West,9021.T,Stock
2024-02-27,2826.696533203125,455083814,1286383839350.6558,JR_West,9021.T,Stock
2024-02-28,2830.81591796875,455083814,1288258504681.13,JR_West,9021.T,Stock
2024-02-29,2851.869873046875,455083814,1297839818857.8677,JR_West,9021.T,Stock
2024-03-01,2861.4814453125,455083814,1302213889823.045,JR_West,9021.T,Stock
2024-03-04,2832.646728515625,455083814,1289091676927.5132,JR_West,9021.T,Stock
2024-03-05,2843.631591796875,455083814,1294090710405.813,JR_West,9021.T,Stock
2024-03-06,2826.2392578125,455083814,1286175740721.8418,JR_West,9021.T,Stock
2024-03-07,2872.008056640625,455083814,1307004380254.7437,JR_West,9021.T,Stock
2024-03-08,2845.462158203125,455083814,1294923771547.7495,JR_West,9021.T,Stock
2024-03-11,2833.1044921875,455083814,1289299997765.2207,JR_West,9021.T,Stock
2024-03-12,2831.7314453125,455083814,1288675146356.545,JR_West,9021.T,Stock
2024-03-13,2870.177490234375,455083814,1306171319112.8071,JR_West,9021.T,Stock
2024-03-14,2905.419921875,455083814,1322209579318.457,JR_West,9021.T,Stock
2024-03-15,2926.931396484375,455083814,1331999103228.4556,JR_West,9021.T,Stock
2024-03-18,2924.642333984375,455083814,1330957387935.4712,JR_West,9021.T,Stock
2024-03-19,2990.09228515625,455083814,1360742601340.8818,JR_West,9021.T,Stock
2024-03-21,2980.938720703125,455083814,1356576962317.859,JR_West,9021.T,Stock
2024-03-22,3000.161376953125,455083814,1365324882039.3198,JR_West,9021.T,Stock
2024-03-25,3001.9921875,455083814,1366158054285.7031,JR_West,9021.T,Stock
2024-03-26,2968.580810546875,455083814,1350953077430.8833,JR_West,9021.T,Stock
2024-03-27,2984.14208984375,455083814,1358034763764.0244,JR_West,9021.T,Stock
2024-03-28,2921.310791015625,455083814,1329441256654.7476,JR_West,9021.T,Stock
2024-03-29,2909.254638671875,455083814,1323954696863.9888,JR_West,9021.T,Stock
2024-04-01,2876.7958984375,455083814,1309183249560.4941,JR_West,9021.T,Stock
2024-04-02,2827.6435546875,455083814,1286814813499.705,JR_West,9021.T,Stock
2024-04-03,2833.2080078125,455083814,1289347106050.6543,JR_West,9021.T,Stock
2024-04-04,2828.571044921875,455083814,1287236899293.0122,JR_West,9021.T,Stock
2024-04-05,2840.627197265625,455083814,1292723459083.771,JR_West,9021.T,Stock
2024-04-08,2861.030029296875,455083814,1302008457700.9536,JR_West,9021.T,Stock
2024-04-09,2854.538330078125,455083814,1299054190461.144,JR_West,9021.T,Stock
2024-04-10,2838.7724609375,455083814,1291879398601.6035,JR_West,9021.T,Stock
2024-04-11,2835.989990234375,455083814,1290613141221.6821,JR_West,9021.T,Stock
2024-04-12,2864.739501953125,455083814,1303696578665.2886,JR_West,9021.T,Stock
2024-04-15,2888.85205078125,455083814,1314669809351.253,JR_West,9021.T,Stock
2024-04-16,2853.611083984375,455083814,1298632215772.2837,JR_West,9021.T,Stock
2024-04-17,2755.306396484375,455083814,1253895343650.7056,JR_West,9021.T,Stock
2024-04-18,2798.894287109375,455083814,1273731487160.5454,JR_West,9021.T,Stock
2024-04-19,2746.032470703125,455083814,1249674930135.4214,JR_West,9021.T,Stock
2024-04-22,2831.353271484375,455083814,1288503045568.4868,JR_West,9021.T,Stock
2024-04-23,2832.28076171875,455083814,1288925131361.794,JR_West,9021.T,Stock
2024-04-24,2797.039306640625,455083814,1272887315573.9312,JR_West,9021.T,Stock
2024-04-25,2759.01611328125,455083814,1255583575719.4873,JR_West,9021.T,Stock
2024-04-26,2748.35107421875,455083814,1250730089066.4658,JR_West,9021.T,Stock
2024-04-30,2776.636474609375,455083814,1263602316956.7485,JR_West,9021.T,Stock
2024-05-01,3014.051025390625,455083814,1371645836225.3765,JR_West,9021.T,Stock
2024-05-02,2974.172607421875,455083814,1353497813679.8716,JR_West,9021.T,Stock
2024-05-07,2944.495849609375,455083814,1339992401547.4048,JR_West,9021.T,Stock
2024-05-08,2912.036865234375,455083814,1325220843139.4634,JR_West,9021.T,Stock
2024-05-09,2919.4560546875,455083814,1328597196172.58,JR_West,9021.T,Stock
2024-05-10,2894.416259765625,455083814,1317201990797.7554,JR_West,9021.T,Stock
2024-05-13,2901.835693359375,455083814,1320578454935.3188,JR_West,9021.T,Stock
2024-05-14,2918.528564453125,455083814,1328175110379.273,JR_West,9021.T,Stock
2024-05-15,2893.4892578125,455083814,1316780127213.3418,JR_West,9021.T,Stock
2024-05-16,2869.37646484375,455083814,1305806785422.9307,JR_West,9021.T,Stock
2024-05-17,2930.5849609375,455083814,1333661781274.4785,JR_West,9021.T,Stock
2024-05-20,2941.713623046875,455083814,1338726255271.9302,JR_West,9021.T,Stock
2024-05-21,2955.624755859375,455083814,1345056986649.3032,JR_West,9021.T,Stock
2024-05-22,2940.786376953125,455083814,1338304280583.0698,JR_West,9021.T,Stock
2024-05-23,2952.8427734375,455083814,1343790951478.2754,JR_West,9021.T,Stock
2024-05-24,2952.8427734375,455083814,1343790951478.2754,JR_West,9021.T,Stock
2024-05-27,3002.92236328125,455083814,1366581362227.9248,JR_West,9021.T,Stock
2024-05-28,2983.44677734375,455083814,1357718338299.6025,JR_West,9021.T,Stock
2024-05-29,2878.65087890625,455083814,1310027421147.1084,JR_West,9021.T,Stock
2024-05-30,2886.9970703125,455083814,1313825637764.6387,JR_West,9021.T,Stock
2024-05-31,2910.181884765625,455083814,1324376671552.849,JR_West,9021.T,Stock
2024-06-03,2909.254638671875,455083814,1323954696863.9888,JR_West,9021.T,Stock
2024-06-04,2925.9482421875,455083814,1331551685621.2832,JR_West,9021.T,Stock
2024-06-05,2915.746337890625,455083814,1326908964103.7983,JR_West,9021.T,Stock
2024-06-06,2931.5126953125,455083814,1334083978172.2324,JR_West,9021.T,Stock
2024-06-07,2924.093017578125,455083814,1330707402930.2222,JR_West,9021.T,Stock
2024-06-10,2926.875244140625,455083814,1331973549205.6968,JR_West,9021.T,Stock
2024-06-11,2888.85205078125,455083814,1314669809351.253,JR_West,9021.T,Stock
2024-06-12,2800.7490234375,455083814,1274575547642.713,JR_West,9021.T,Stock
2024-06-13,2711.71875,455083814,1234059311245.3125,JR_West,9021.T,Stock
2024-06-14,2690.85205078125,455083814,1224563214179.253,JR_West,9021.T,Stock
2024-06-17,2680.18701171875,455083814,1219709727526.2314,JR_West,9021.T,Stock
2024-06-18,2669.9853515625,455083814,1215067117113.1934,JR_West,9021.T,Stock
2024-06-19,2688.997314453125,455083814,1223719153697.0854,JR_West,9021.T,Stock
2024-06-20,2650.04638671875,455083814,1205993216944.8877,JR_West,9021.T,Stock
2024-06-21,2682.041748046875,455083814,1220553788008.399,JR_West,9021.T,Stock
2024-06-24,2707.081298828125,455083814,1231948882278.7769,JR_West,9021.T,Stock
2024-06-25,2740.004150390625,455083814,1246931539135.5952,JR_West,9021.T,Stock
2024-06-26,2741.3955078125,455083814,1247564723377.7793,JR_West,9021.T,Stock
2024-06-27,2753.91552734375,455083814,1253262381617.415,JR_West,9021.T,Stock
2024-06-28,2777.56396484375,455083814,1264024402750.0557,JR_West,9021.T,Stock
2024-07-01,2735.8310546875,455083814,1245032430826.83,JR_West,9021.T,Stock
2024-07-02,2727.947998046875,455083814,1241444979344.8364,JR_West,9021.T,Stock
2024-07-03,2733.97607421875,455083814,1244188259240.2158,JR_West,9021.T,Stock
2024-07-04,2731.65771484375,455083814,1243133211413.6182,JR_West,9021.T,Stock
2024-07-05,2718.67431640625,455083814,1237224676933.999,JR_West,9021.T,Stock
2024-07-08,2684.823974609375,455083814,1221819934283.8735,JR_West,9021.T,Stock
2024-07-09,2695.025146484375,455083814,1226462322488.018,JR_West,9021.T,Stock
2024-07-10,2701.05322265625,455083814,1229205602383.3975,JR_West,9021.T,Stock
2024-07-11,2718.67431640625,455083814,1237224676933.999,JR_West,9021.T,Stock
2024-07-12,2730.2666015625,455083814,1242500138275.8809,JR_West,9021.T,Stock
2024-07-16,2693.63427734375,455083814,1225829360454.7275,JR_West,9021.T,Stock
2024-07-17,2710.327392578125,455083814,1233426127003.1284,JR_West,9021.T,Stock
2024-07-18,2683.43310546875,455083814,1221186972250.583,JR_West,9021.T,Stock
2024-07-19,2688.533935546875,455083814,1223508277457.102,JR_West,9021.T,Stock
2024-07-22,2735.8310546875,455083814,1245032430826.83,JR_West,9021.T,Stock
2024-07-23,2745.568603515625,455083814,1249463831686.5444,JR_West,9021.T,Stock
2024-07-24,2669.9853515625,455083814,1215067117113.1934,JR_West,9021.T,Stock
2024-07-25,2653.756103515625,455083814,1207681449013.6694,JR_West,9021.T,Stock
2024-07-26,2649.582763671875,455083814,1205782229600.4575,JR_West,9021.T,Stock
2024-07-29,2703.3720703125,455083814,1230260872418.8887,JR_West,9021.T,Stock
2024-07-30,2716.355712890625,455083814,1236169518002.9546,JR_West,9021.T,Stock
2024-07-31,2741.3955078125,455083814,1247564723377.7793,JR_West,9021.T,Stock
2024-08-01,2653.292236328125,455083814,1207470350564.7925,JR_West,9021.T,Stock
2024-08-02,2458.074462890625,455083814,1118629901668.267,JR_West,9021.T,Stock
2024-08-05,2228.54296875,455083814,1014173833881.6328,JR_West,9021.T,Stock
2024-08-06,2383.418701171875,455083814,1084655272888.2231,JR_West,9021.T,Stock
2024-08-07,2433.96240234375,455083814,1107656893191.1963,JR_West,9021.T,Stock
2024-08-08,2471.05810546875,455083814,1124538547252.333,JR_West,9021.T,Stock
2024-08-09,2417.268798828125,455083814,1100059904433.9019,JR_West,9021.T,Stock
2024-08-13,2449.727783203125,455083814,1114831462841.8433,JR_West,9021.T,Stock
2024-08-14,2507.226806640625,455083814,1140998337729.0562,JR_West,9021.T,Stock
2024-08-15,2489.606201171875,455083814,1132979485387.3481,JR_West,9021.T,Stock
2024-08-16,2508.617919921875,455083814,1141631410866.7935,JR_West,9021.T,Stock
2024-08-19,2491.924560546875,455083814,1134034533213.9458,JR_West,9021.T,Stock
2024-08-20,2547.105224609375,455083814,1159146360274.561,JR_West,9021.T,Stock
2024-08-21,2538.294677734375,455083814,1155136822999.2603,JR_West,9021.T,Stock
2024-08-22,2541.076904296875,455083814,1156402969274.7349,JR_West,9021.T,Stock
2024-08-23,2583.737548828125,455083814,1175817138095.7144,JR_West,9021.T,Stock
2024-08-26,2594.865966796875,455083814,1180881500988.7192,JR_West,9021.T,Stock
2024-08-27,2584.200927734375,455083814,1176028014335.6978,JR_West,9021.T,Stock
2024-08-28,2586.055908203125,455083814,1176872185922.312,JR_West,9021.T,Stock
2024-08-29,2574.927001953125,455083814,1171807600820.4136,JR_West,9021.T,Stock
2024-08-30,2577.24560546875,455083814,1172862759751.458,JR_West,9021.T,Stock
2024-09-02,2535.512451171875,455083814,1153870676723.7856,JR_West,9021.T,Stock
2024-09-03,2554.524169921875,455083814,1162522602203.231,JR_West,9021.T,Stock
2024-09-04,2530.41162109375,455083814,1151549371517.2666,JR_West,9021.T,Stock
2024-09-05,2536.90380859375,455083814,1154503860965.9697,JR_West,9021.T,Stock
2024-09-06,2528.093505859375,455083814,1150494434795.1157,JR_West,9021.T,Stock
2024-09-09,2518.8193359375,455083814,1146273910175.3848,JR_West,9021.T,Stock
2024-09-10,2543.859130859375,455083814,1157669115550.2095,JR_West,9021.T,Stock
2024-09-11,2475.2314453125,455083814,1126437766665.545,JR_West,9021.T,Stock
2024-09-12,2506.29931640625,455083814,1140576251935.749,JR_West,9021.T,Stock
2024-09-13,2486.3603515625,455083814,1131502351767.4434,JR_West,9021.T,Stock
2024-09-17,2506.29931640625,455083814,1140576251935.749,JR_West,9021.T,Stock
2024-09-18,2468.27587890625,455083814,1123272400976.8584,JR_West,9021.T,Stock
2024-09-19,2494.706787109375,455083814,1135300679489.4204,JR_West,9021.T,Stock
2024-09-20,2504.908203125,455083814,1139943178798.0117,JR_West,9021.T,Stock
2024-09-24,2505.835693359375,455083814,1140365264591.3188,JR_West,9021.T,Stock
2024-09-25,2535.97607421875,455083814,1154081664068.2158,JR_West,9021.T,Stock
2024-09-26,2553.596923828125,455083814,1162100627514.3706,JR_West,9021.T,Stock
2024-09-27,2605.7685546875,455083814,1185843092268.455,JR_West,9021.T,Stock
2024-09-30,2560.647216796875,455083814,1165309101728.4067,JR_West,9021.T,Stock
2024-10-01,2579.91748046875,455083814,1174078686816.9893,JR_West,9021.T,Stock
2024-10-02,2547.0166015625,455083814,1159106029360.3809,JR_West,9021.T,Stock
2024-10-03,2602.9482421875,455083814,1184559613699.2832,JR_West,9021.T,Stock
2024-10-04,2621.749267578125,455083814,1193115656041.1597,JR_West,9021.T,Stock
2024-10-07,2650.89013671875,455083814,1206377193912.9502,JR_West,9021.T,Stock
2024-10-08,2629.269287109375,455083814,1196537895210.7954,JR_West,9021.T,Stock
2024-10-09,2617.989013671875,455083814,1191404425351.895,JR_West,9021.T,Stock
2024-10-10,2626.919189453125,455083814,1195468403806.1167,JR_West,9021.T,Stock
2024-10-11,2600.598388671875,455083814,1183490233399.0513,JR_West,9021.T,Stock
2024-10-15,2629.739501953125,455083814,1196751882375.2886,JR_West,9021.T,Stock
2024-10-16,2607.6484375,455083814,1186698596508.6406,JR_West,9021.T,Stock
2024-10-17,2600.12841796875,455083814,1183276357339.005,JR_West,9021.T,Stock
2024-10-18,2556.88671875,455083814,1163597759934.6953,JR_West,9021.T,Stock
2024-10-21,2555.4765625,455083814,1162956020650.1094,JR_West,9021.T,Stock
2024-10-22,2514.58544921875,455083814,1144347136859.372,JR_West,9021.T,Stock
2024-10-23,2504.244873046875,455083814,1139641308016.1177,JR_West,9021.T,Stock
2024-10-24,2482.154296875,455083814,1129588244358.3633,JR_West,9021.T,Stock
2024-10-25,2464.763671875,455083814,1121674052405.5195,JR_West,9021.T,Stock
2024-10-28,2504.244873046875,455083814,1139641308016.1177,JR_West,9021.T,Stock
2024-10-29,2528.685791015625,455083814,1150763974182.9976,JR_West,9021.T,Stock
2024-10-30,2521.16552734375,455083814,1147341623908.915,JR_West,9021.T,Stock
2024-10-31,2549.36669921875,455083814,1160175520765.0596,JR_West,9021.T,Stock
2024-11-01,2507.53515625,455083814,1141138662645.336,JR_West,9021.T,Stock
2024-11-05,2506.594970703125,455083814,1140710799420.7964,JR_West,9021.T,Stock
2024-11-06,2526.805908203125,455083814,1149908469942.812,JR_West,9021.T,Stock
2024-11-07,2540.906494140625,455083814,1156325418370.8843,JR_West,9021.T,Stock
2024-11-08,2546.07666015625,455083814,1158678277240.288,JR_West,9021.T,Stock
2024-11-11,2555.947021484375,455083814,1163170118919.0493,JR_West,9021.T,Stock
2024-11-12,2555.947021484375,455083814,1163170118919.0493,JR_West,9021.T,Stock
2024-11-13,2525.86572265625,455083814,1149480606718.2725,JR_West,9021.T,Stock
2024-11-14,2491.5546875,455083814,1133866209977.0781,JR_West,9021.T,Stock
2024-11-15,2511.29541015625,455083814,1142849893334.6006,JR_West,9021.T,Stock
2024-11-18,2567.227294921875,455083814,1168303588777.9497,JR_West,9021.T,Stock
2024-11-19,2631.619384765625,455083814,1197607386615.474,JR_West,9021.T,Stock
2024-11-20,2626.919189453125,455083814,1195468403806.1167,JR_West,9021.T,Stock
2024-11-21,2600.598388671875,455083814,1183490233399.0513,JR_West,9021.T,Stock
2024-11-22,2627.859130859375,455083814,1195896155926.2095,JR_West,9021.T,Stock
2024-11-25,2633.969482421875,455083814,1198676878020.1528,JR_West,9021.T,Stock
2024-11-26,2640.5498046875,455083814,1201671476174.1426,JR_West,9021.T,Stock
2024-11-27,2616.578857421875,455083814,1190762686067.309,JR_West,9021.T,Stock
2024-11-28,2657.940185546875,455083814,1209585557022.5396,JR_West,9021.T,Stock
2024-11-29,2646.659912109375,455083814,1204452087163.6392,JR_West,9021.T,Stock
2024-12-02,2671.571044921875,455083814,1215788740495.0122,JR_West,9021.T,Stock
2024-12-03,2695.541748046875,455083814,1226697419497.399,JR_West,9021.T,Stock
2024-12-04,2675.3310546875,455083814,1217499860079.83,JR_West,9021.T,Stock
2024-12-05,2642.89990234375,455083814,1202740967578.8213,JR_West,9021.T,Stock
2024-12-06,2653.7099609375,455083814,1207660450273.2285,JR_West,9021.T,Stock
2024-12-09,2646.659912109375,455083814,1204452087163.6392,JR_West,9021.T,Stock
2024-12-10,2625.979248046875,455083814,1195040651686.024,JR_West,9021.T,Stock
2024-12-11,2619.868896484375,455083814,1192259929592.0806,JR_West,9021.T,Stock
2024-12-12,2660.76025390625,455083814,1210868924487.2646,JR_West,9021.T,Stock
2024-12-13,2653.239990234375,455083814,1207446574213.1821,JR_West,9021.T,Stock
2024-12-16,2611.87890625,455083814,1188623814362.3984,JR_West,9021.T,Stock
2024-12-17,2612.81884765625,455083814,1189051566482.4912,JR_West,9021.T,Stock
2024-12-18,2585.087890625,455083814,1176431656790.8398,JR_West,9021.T,Stock
2024-12-19,2576.62744140625,455083814,1172581443292.2178,JR_West,9021.T,Stock
2024-12-20,2557.35693359375,455083814,1163811747099.1885,JR_West,9021.T,Stock
2024-12-23,2565.817138671875,455083814,1167661849493.3638,JR_West,9021.T,Stock
2024-12-24,2561.5869140625,455083814,1165736742744.0527,JR_West,9021.T,Stock
2024-12-25,2560.647216796875,455083814,1165309101728.4067,JR_West,9021.T,Stock
2024-12-26,2598.718505859375,455083814,1182634729158.8657,JR_West,9021.T,Stock
2024-12-27,2629.269287109375,455083814,1196537895210.7954,JR_West,9021.T,Stock
2024-12-30,2629.269287109375,455083814,1196537895210.7954,JR_West,9021.T,Stock
2025-01-06,2602.008544921875,455083814,1184131972683.6372,JR_West,9021.T,Stock
2025-01-07,2608.588623046875,455083814,1187126459733.1802,JR_West,9021.T,Stock
2025-01-08,2592.608154296875,455083814,1179854007064.9224,JR_West,9021.T,Stock
2025-01-09,2559.23681640625,455083814,1164667251339.374,JR_West,9021.T,Stock
2025-01-10,2553.126708984375,455083814,1161886640349.8774,JR_West,9021.T,Stock
2025-01-14,2515.99560546875,455083814,1144988876143.958,JR_West,9021.T,Stock
2025-01-15,2544.66650390625,455083814,1158036537955.7021,JR_West,9021.T,Stock
2025-01-16,2542.786376953125,455083814,1157180922611.0698,JR_West,9021.T,Stock
2025-01-17,2540.436279296875,455083814,1156111431206.391,JR_West,9021.T,Stock
2025-01-20,2541.846435546875,455083814,1156753170490.977,JR_West,9021.T,Stock
2025-01-21,2548.896484375,455083814,1159961533600.5664,JR_West,9021.T,Stock
2025-01-22,2550.77685546875,455083814,1160817260049.6455,JR_West,9021.T,Stock
2025-01-23,2561.5869140625,455083814,1165736742744.0527,JR_West,9021.T,Stock
2025-01-24,2570.987548828125,455083814,1170014819467.2144,JR_West,9021.T,Stock
2025-01-27,2619.868896484375,455083814,1192259929592.0806,JR_West,9021.T,Stock
2025-01-28,2668.28076171875,455083814,1214291385865.794,JR_West,9021.T,Stock
2025-01-29,2698.36181640625,455083814,1227980786962.124,JR_West,9021.T,Stock
2025-01-30,2709.171875,455083814,1232900269656.5312,JR_West,9021.T,Stock
2025-01-31,2691.3115234375,455083814,1224772312748.088,JR_West,9021.T,Stock
2025-02-03,2610.46875,455083814,1187982075077.8125,JR_West,9021.T,Stock
2025-02-04,2619.399169921875,455083814,1192046164636.481,JR_West,9021.T,Stock
2025-02-05,2579.91748046875,455083814,1174078686816.9893,JR_West,9021.T,Stock
2025-02-06,2577.567626953125,455083814,1173009306516.7573,JR_West,9021.T,Stock
2025-02-07,2587.90771484375,455083814,1177714913151.1182,JR_West,9021.T,Stock
2025-02-10,2617.51904296875,455083814,1191190549291.8486,JR_West,9021.T,Stock
2025-02-12,2639.1396484375,455083814,1201029736889.5566,JR_West,9021.T,Stock
2025-02-13,2682.381103515625,455083814,1220708223189.4194,JR_West,9021.T,Stock
2025-02-14,2670.160888671875,455083814,1215147001210.4263,JR_West,9021.T,Stock
2025-02-17,2678.62109375,455083814,1218997103604.6016,JR_West,9021.T,Stock
2025-02-18,2712.932373046875,455083814,1234611611450.2427,JR_West,9021.T,Stock
2025-02-19,2705.882080078125,455083814,1231403137236.2065,JR_West,9021.T,Stock
2025-02-20,2756.643798828125,455083814,1254503973810.1519,JR_West,9021.T,Stock
2025-02-21,2780.144287109375,455083814,1265198665648.0454,JR_West,9021.T,Stock
2025-02-25,2793.775146484375,455083814,1271401849120.518,JR_West,9021.T,Stock
2025-02-26,2809.285400390625,455083814,1278460314624.2827,JR_West,9021.T,Stock
2025-02-27,2830.436279296875,455083814,1288085737266.391,JR_West,9021.T,Stock
2025-02-28,2799.4150390625,455083814,1273968472945.5215,JR_West,9021.T,Stock
2025-03-03,2855.817138671875,455083814,1299636155553.3638,JR_West,9021.T,Stock
2025-03-04,2790.954833984375,455083814,1270118370551.3462,JR_West,9021.T,Stock
2025-03-05,2772.624267578125,455083814,1261776426478.4097,JR_West,9021.T,Stock
2025-03-06,2786.254638671875,455083814,1267979387741.9888,JR_West,9021.T,Stock
2025-03-07,2870.85791015625,455083814,1306480967205.9756,JR_West,9021.T,Stock
2025-03-10,2861.457275390625,455083814,1302202890482.814,JR_West,9021.T,Stock
2025-03-11,2869.917724609375,455083814,1306053103981.436,JR_West,9021.T,Stock
2025-03-12,2847.35693359375,455083814,1295786053159.1885,JR_West,9021.T,Stock
2025-03-13,2860.517333984375,455083814,1301775138362.7212,JR_West,9021.T,Stock
2025-03-14,2833.25634765625,455083814,1289369104731.1162,JR_West,9021.T,Stock
2025-03-17,2850.1767578125,455083814,1297069309519.4668,JR_West,9021.T,Stock
2025-03-18,2881.197998046875,455083814,1311186573840.3364,JR_West,9021.T,Stock
2025-03-19,2886.838134765625,455083814,1313753308769.7866,JR_West,9021.T,Stock
2025-03-21,2854.876953125,455083814,1299208292328.8242,JR_West,9021.T,Stock
2025-03-24,2844.53662109375,455083814,1294502574590.0166,JR_West,9021.T,Stock
2025-03-25,2836.076416015625,455083814,1290652472195.8413,JR_West,9021.T,Stock
2025-03-26,2852.996826171875,455083814,1298352676984.192,JR_West,9021.T,Stock
2025-03-27,2877.437744140625,455083814,1309475343151.0718,JR_West,9021.T,Stock
2025-03-28,2873.140869140625,455083814,1307519904887.7905,JR_West,9021.T,Stock
2025-03-31,2784.817626953125,455083814,1267325426968.2573,JR_West,9021.T,Stock
2025-04-01,2788.636962890625,455083814,1269063544933.642,JR_West,9021.T,Stock
2025-04-02,2749.0107421875,455083814,1251030293281.6582,JR_West,9021.T,Stock
2025-04-03,2762.85595703125,455083814,1257331026458.4014,JR_West,9021.T,Stock
2025-04-04,2829.6953125,455083814,1287748535270.4219,JR_West,9021.T,Stock
2025-04-07,2692.674560546875,455083814,1225392608874.4458,JR_West,9021.T,Stock
2025-04-08,2724.662109375,455083814,1239949624595.6602,JR_West,9021.T,Stock
2025-04-09,2773.8369140625,455083814,1262328282265.5527,JR_West,9021.T,Stock
2025-04-10,2896.057373046875,455083814,1317948834888.9927,JR_West,9021.T,Stock
2025-04-11,2882.689453125,455083814,1311865310905.6992,JR_West,9021.T,Stock
2025-04-14,2902.741455078125,455083814,1320990652432.8628,JR_West,9021.T,Stock
2025-04-15,2849.27001953125,455083814,1296656667604.1357,JR_West,9021.T,Stock
2025-04-16,2876.005859375,455083814,1308823715570.7227,JR_West,9021.T,Stock
2025-04-17,2901.78662109375,455083814,1320556122941.5166,JR_West,9021.T,Stock
2025-04-18,2918.01904296875,455083814,1327943235398.8486,JR_West,9021.T,Stock
2025-04-21,2950.48388671875,455083814,1342717460313.5127,JR_West,9021.T,Stock
2025-04-22,2988.677734375,455083814,1360098862176.254,JR_West,9021.T,Stock
2025-04-23,2986.76806640625,455083814,1359229803193.5615,JR_West,9021.T,Stock
2025-04-24,2867.412109375,455083814,1304912839044.1602,JR_West,9021.T,Stock
2025-04-25,2870.276611328125,455083814,1306216427518.1987,JR_West,9021.T,Stock
2025-04-28,2884.599365234375,455083814,1312734480992.8384,JR_West,9021.T,Stock
2025-04-30,2860.728271484375,455083814,1301871132604.7368,JR_West,9021.T,Stock
2025-05-01,2927.567626953125,455083814,1332288641416.7573,JR_West,9021.T,Stock
2025-05-02,2947.619384765625,455083814,1341413871839.474,JR_West,9021.T,Stock
2025-05-07,3046.92333984375,455083814,1386605494461.712,JR_West,9021.T,Stock
2025-05-08,3010.63916015625,455083814,1370093151581.663,JR_West,9021.T,Stock
2025-05-09,3005.865234375,455083814,1367920615229.379,JR_West,9021.T,Stock
2025-05-12,2998.226318359375,455083814,1364444268194.1626,JR_West,9021.T,Stock
2025-05-13,3009.684326171875,455083814,1369658622090.317,JR_West,9021.T,Stock
2025-05-14,3004.910400390625,455083814,1367486085738.0327,JR_West,9021.T,Stock
2025-05-15,3024.00732421875,455083814,1376176786669.4033,JR_West,9021.T,Stock
2025-05-16,3024.00732421875,455083814,1376176786669.4033,JR_West,9021.T,Stock
2025-05-19,3027.82666015625,455083814,1377914904634.788,JR_West,9021.T,Stock
2025-05-20,2970.535888671875,455083814,1351842801840.6763,JR_West,9021.T,Stock
2025-05-21,2956.212890625,455083814,1345324637261.5898,JR_West,9021.T,Stock
2025-05-22,2939.980712890625,455083814,1337937635908.7046,JR_West,9021.T,Stock
2025-05-23,2949.529052734375,455083814,1342282930822.1665,JR_West,9021.T,Stock
2025-05-26,2982.94873046875,455083814,1357491685228.1768,JR_West,9021.T,Stock
2025-05-27,2980.084228515625,455083814,1356188096754.1382,JR_West,9021.T,Stock
2025-05-28,2987.722900390625,455083814,1359664332684.9077,JR_West,9021.T,Stock
2025-05-29,2986.76806640625,455083814,1359229803193.5615,JR_West,9021.T,Stock
2025-05-30,2978.17431640625,455083814,1355318926666.999,JR_West,9021.T,Stock
2025-06-02,2964.806640625,455083814,1349235513788.1523,JR_West,9021.T,Stock
2025-06-03,2966.716064453125,455083814,1350104461666.398,JR_West,9021.T,Stock
2025-06-04,2968.6259765625,455083814,1350973631753.537,JR_West,9021.T,Stock
2025-06-05,2975.31005859375,455083814,1354015449297.4072,JR_West,9021.T,Stock
2025-06-06,3011.59423828125,455083814,1370527792177.456,JR_West,9021.T,Stock
2025-06-09,3029.736328125,455083814,1378783963617.4805,JR_West,9021.T,Stock
2025-06-10,3038.329833984375,455083814,1382694729039.5962,JR_West,9021.T,Stock
2025-06-11,3013.50390625,455083814,1371396851160.1484,JR_West,9021.T,Stock
2025-06-12,3006.820068359375,455083814,1368355144720.725,JR_West,9021.T,Stock
2025-06-13,3027.82666015625,455083814,1377914904634.788,JR_West,9021.T,Stock
2025-06-16,3066.020751953125,455083814,1395296417601.976,JR_West,9021.T,Stock
2025-06-17,3091.8017578125,455083814,1407028936077.2168,JR_West,9021.T,Stock
2025-06-18,3101.35009765625,455083814,1411374230990.6787,JR_West,9021.T,Stock
2025-06-19,3114.7177734375,455083814,1417457643869.5254,JR_West,9021.T,Stock
2025-06-20,3076.524169921875,455083814,1400076353111.231,JR_West,9021.T,Stock
2025-06-23,3052.652587890625,455083814,1389212782514.2358,JR_West,9021.T,Stock
2025-06-24,3062.201171875,455083814,1393558188532.1445,JR_West,9021.T,Stock
2025-06-25,3061.246337890625,455083814,1393123659040.7983,JR_West,9021.T,Stock
2025-06-26,3091.8017578125,455083814,1407028936077.2168,JR_West,9021.T,Stock
2025-06-27,3107.0791015625,455083814,1413981407938.7559,JR_West,9021.T,Stock
2025-06-30,3152.911865234375,455083814,1434839156836.7134,JR_West,9021.T,Stock
2025-07-01,3150.04736328125,455083814,1433535568362.6748,JR_West,9021.T,Stock
2025-07-02,3146.227783203125,455083814,1431797339292.8433,JR_West,9021.T,Stock
2025-07-03,3124.266357421875,455083814,1421803049887.434,JR_West,9021.T,Stock
2025-07-04,3088.936767578125,455083814,1405725125394.2847,JR_West,9021.T,Stock
2025-07-07,3113.76318359375,455083814,1417023225482.626,JR_West,9021.T,Stock
2025-07-08,3117.58251953125,455083814,1418761343448.0107,JR_West,9021.T,Stock
2025-07-09,3117.58251953125,455083814,1418761343448.0107,JR_West,9021.T,Stock
2025-07-10,3124.266357421875,455083814,1421803049887.434,JR_West,9021.T,Stock
2025-07-11,3140.498779296875,455083814,1429190162344.766,JR_West,9021.T,Stock
2025-07-14,3116.62744140625,455083814,1418326702852.2178,JR_West,9021.T,Stock
2025-07-15,3068.88525390625,455083814,1396600006076.0146,JR_West,9021.T,Stock
2025-07-16,3041.194580078125,455083814,1383998428618.0815,JR_West,9021.T,Stock
2025-07-17,3080.34326171875,455083814,1401814359972.169,JR_West,9021.T,Stock
2025-07-18,3058.3818359375,455083814,1391820070566.7598,JR_West,9021.T,Stock
2025-07-22,3066.020751953125,455083814,1395296417601.976,JR_West,9021.T,Stock
2025-07-23,3112.808349609375,455083814,1416588695991.2798,JR_West,9021.T,Stock
2025-07-24,3125.220947265625,455083814,1422237468274.3335,JR_West,9021.T,Stock
2025-07-25,3118.537353515625,455083814,1419195872939.357,JR_West,9021.T,Stock
2025-07-28,3094.666015625,455083814,1408332413446.8086,JR_West,9021.T,Stock
2025-07-29,3084.162841796875,455083814,1403552589042.0005,JR_West,9021.T,Stock
2025-07-30,3151.956787109375,455083814,1434404516240.9204,JR_West,9021.T,Stock
2025-07-31,3171.05419921875,455083814,1443095439381.1846,JR_West,9021.T,Stock
2025-08-01,3246.487060546875,455083814,1477423713615.3208,JR_West,9021.T,Stock
2025-08-04,3246.487060546875,455083814,1477423713615.3208,JR_West,9021.T,Stock
2025-08-05,3267.493896484375,455083814,1486983584633.8306,JR_West,9021.T,Stock
2025-08-06,3219.751220703125,455083814,1465256665648.734,JR_West,9021.T,Stock
2025-08-07,3256.03564453125,455083814,1481769119633.2295,JR_West,9021.T,Stock
2025-08-08,3256.99072265625,455083814,1482203760229.0225,JR_West,9021.T,Stock
2025-08-12,3242.667724609375,455083814,1475685595649.936,JR_West,9021.T,Stock
2025-08-13,3256.03564453125,455083814,1481769119633.2295,JR_West,9021.T,Stock
2025-08-14,3245.5322265625,455083814,1476989184123.9746,JR_West,9021.T,Stock
2025-08-15,3274.177734375,455083814,1490025291073.254,JR_West,9021.T,Stock
2025-08-18,3303.778076171875,455083814,1503495927513.8794,JR_West,9021.T,Stock
2025-08-19,3325.73974609375,455083814,1513490328023.7354,JR_West,9021.T,Stock
2025-08-20,3356.294677734375,455083814,1527395382851.2603,JR_West,9021.T,Stock
2025-08-21,3290.409912109375,455083814,1497412292426.1392,JR_West,9021.T,Stock
2025-08-22,3168.189208984375,455083814,1441791628698.2524,JR_West,9021.T,Stock
2025-08-25,3178.69287109375,455083814,1446571675311.954,JR_West,9021.T,Stock
2025-08-26,3165.324951171875,455083814,1440488151328.6606,JR_West,9021.T,Stock
2025-08-27,3174.873291015625,455083814,1444833446242.1226,JR_West,9021.T,Stock
2025-08-28,3178.69287109375,455083814,1446571675311.954,JR_West,9021.T,Stock
2025-08-29,3146.227783203125,455083814,1431797339292.8433,JR_West,9021.T,Stock
2025-09-01,3189.196044921875,455083814,1451351499716.7622,JR_West,9021.T,Stock
2025-09-02,3197.789794921875,455083814,1455262376243.3247,JR_West,9021.T,Stock
2025-09-03,3220.7060546875,455083814,1465691195140.08,JR_West,9021.T,Stock
2025-09-04,3224.525634765625,455083814,1467429424209.9116,JR_West,9021.T,Stock
2025-09-05,3207.33837890625,455083814,1459607782261.2334,JR_West,9021.T,Stock
2025-09-08,3219.751220703125,455083814,1465256665648.734,JR_West,9021.T,Stock
2025-09-09,3252.216064453125,455083814,1480030890563.398,JR_West,9021.T,Stock
2025-09-10,3262.71923828125,455083814,1484810714968.206,JR_West,9021.T,Stock
2025-09-11,3222.615966796875,455083814,1466560365227.2192,JR_West,9021.T,Stock
2025-09-12,3198.744873046875,455083814,1455697016839.1177,JR_West,9021.T,Stock
2025-09-16,3233.119140625,455083814,1471340189632.0273,JR_West,9021.T,Stock
2025-09-17,3248.396728515625,455083814,1478292772598.0132,JR_West,9021.T,Stock
2025-09-18,3207.33837890625,455083814,1459607782261.2334,JR_West,9021.T,Stock
2025-09-19,3214.0224609375,455083814,1462649599805.1035,JR_West,9021.T,Stock
2025-09-22,3186.33154296875,455083814,1450047911242.7236,JR_West,9021.T,Stock
2025-09-24,3182.51220703125,455083814,1448309793277.3389,JR_West,9021.T,Stock
2025-09-25,3177.738037109375,455083814,1446137145820.608,JR_West,9021.T,Stock
2025-09-26,3206.383544921875,455083814,1459173252769.8872,JR_West,9021.T,Stock
2025-09-29,3152.185546875,455083814,1434508621107.5508,JR_West,9021.T,Stock
2025-09-30,3138.63623046875,455083814,1428342546520.3018,JR_West,9021.T,Stock
2025-10-01,3103.794677734375,455083814,1412486719816.2603,JR_West,9021.T,Stock
2025-10-02,3013.78759765625,455083814,1371525954527.3037,JR_West,9021.T,Stock
2025-10-03,3076.69580078125,455083814,1400154459537.3154,JR_West,9021.T,Stock
2025-10-06,3083.470458984375,455083814,1403237496830.94,JR_West,9021.T,Stock
2025-10-07,3092.180908203125,455083814,1407201481283.062,JR_West,9021.T,Stock
2025-10-08,3078.63134765625,455083814,1401035295591.3662,JR_West,9021.T,Stock
2025-10-09,3071.856689453125,455083814,1397952258297.7417,JR_West,9021.T,Stock
2025-10-10,3007.012939453125,455083814,1368442917233.6792,JR_West,9021.T,Stock
2025-10-14,3032.17626953125,455083814,1379894341458.5732,JR_West,9021.T,Stock
2025-10-15,3015.72314453125,455083814,1372406790581.3545,JR_West,9021.T,Stock
2025-10-16,3065.08203125,455083814,1394869221004.1172,JR_West,9021.T,Stock
2025-10-17,3097.02001953125,455083814,1409403682522.6357,JR_West,9021.T,Stock
2025-10-20,3112.505126953125,455083814,1416450704268.3823,JR_West,9021.T,Stock
2025-10-21,3092.180908203125,455083814,1407201481283.062,JR_West,9021.T,Stock
2025-10-22,3140.57177734375,455083814,1429223382574.3525,JR_West,9021.T,Stock
2025-10-23,3151.2177734375,455083814,1434068203080.5254,JR_West,9021.T,Stock
2025-10-24,3117.34423828125,455083814,1418652905507.956,JR_West,9021.T,Stock
2025-10-27,3135.732666015625,455083814,1427021181334.7788,JR_West,9021.T,Stock
2025-10-28,3135.732666015625,455083814,1427021181334.7788,JR_West,9021.T,Stock
2025-10-29,3067.985595703125,455083814,1396190586189.6401,JR_West,9021.T,Stock
2025-10-30,3055.403564453125,455083814,1390464707420.523,JR_West,9021.T,Stock
2025-10-31,3059.27490234375,455083814,1392226490633.0713,JR_West,9021.T,Stock
2025-11-04,3057.33935546875,455083814,1391345654579.0205,JR_West,9021.T,Stock
2025-11-05,3023.4658203125,455083814,1375930357006.4512,JR_West,9021.T,Stock
2025-11-06,2944.1044921875,455083814,1339814301119.2207,JR_West,9021.T,Stock
2025-11-07,2992.49560546875,455083814,1361836313514.958,JR_West,9021.T,Stock
2025-11-10,2991.52783203125,455083814,1361395895487.9326,JR_West,9021.T,Stock
2025-11-11,2914.102294921875,455083814,1326160786759.1997,JR_West,9021.T,Stock
2025-11-12,2926.683837890625,455083814,1331886443319.4233,JR_West,9021.T,Stock
2025-11-13,2926.683837890625,455083814,1331886443319.4233,JR_West,9021.T,Stock
2025-11-14,2977.97802734375,455083814,1355229598691.79,JR_West,9021.T,Stock
2025-11-17,2942.1689453125,455083814,1338933465065.17,JR_West,9021.T,Stock
2025-11-18,2936.362060546875,455083814,1336290845798.5708,JR_West,9021.T,Stock
2025-11-19,2963.4609375,455083814,1348623106077.5156,JR_West,9021.T,Stock
2025-11-20,2977.010498046875,455083814,1354789291769.2114,JR_West,9021.T,Stock
2025-11-21,3029.272705078125,455083814,1378572976273.0503,JR_West,9021.T,Stock
2025-11-25,3059.27490234375,455083814,1392226490633.0713,JR_West,9021.T,Stock
2025-11-26,3067.985595703125,455083814,1396190586189.6401,JR_West,9021.T,Stock
2025-11-27,3015.72314453125,455083814,1372406790581.3545,JR_West,9021.T,Stock
2025-11-28,3007.980712890625,455083814,1368883335260.7046,JR_West,9021.T,Stock
2025-12-01,2995.399169921875,455083814,1363157678700.481,JR_West,9021.T,Stock
2025-12-02,3013.78759765625,455083814,1371525954527.3037,JR_West,9021.T,Stock
2025-12-03,2985.720703125,455083814,1358753165116.8867,JR_West,9021.T,Stock
2025-12-04,2997.33447265625,455083814,1364038403650.085,JR_West,9021.T,Stock
2025-12-05,2939.265625,455083814,1337612210984.0938,JR_West,9021.T,Stock
2025-12-08,2956.686279296875,455083814,1345540068783.891,JR_West,9021.T,Stock
2025-12-09,2955.718505859375,455083814,1345099650756.8657,JR_West,9021.T,Stock
2025-12-10,2965.396484375,455083814,1349503942131.5664,JR_West,9021.T,Stock
2025-12-11,2912.16650390625,455083814,1325279839600.7021,JR_West,9021.T,Stock
2025-12-12,2961.525146484375,455083814,1347742158919.018,JR_West,9021.T,Stock
2025-12-15,2996.36669921875,455083814,1363597985623.0596,JR_West,9021.T,Stock
2025-12-16,2961.525146484375,455083814,1347742158919.018,JR_West,9021.T,Stock
2025-12-17,2948.943603515625,455083814,1342016502358.7944,JR_West,9021.T,Stock
2025-12-18,2992.49560546875,455083814,1361836313514.958,JR_West,9021.T,Stock
2025-12-19,2997.33447265625,455083814,1364038403650.085,JR_West,9021.T,Stock
2025-12-22,2952.81494140625,455083814,1343778285571.3428,JR_West,9021.T,Stock
2025-12-23,2979.913818359375,455083814,1356110545850.2876,JR_West,9021.T,Stock
2025-12-24,3010.88427734375,455083814,1370204700446.2275,JR_West,9021.T,Stock
2025-12-25,3029.272705078125,455083814,1378572976273.0503,JR_West,9021.T,Stock
2025-12-26,3038.95068359375,455083814,1382977267647.751,JR_West,9021.T,Stock
2025-12-29,3046.693359375,455083814,1386500834072.8477,JR_West,9021.T,Stock
2025-12-30,3025.4013671875,455083814,1376811193060.502,JR_West,9021.T,Stock
2026-01-05,3001.205810546875,455083814,1365800186862.6333,JR_West,9021.T,Stock
2026-01-06,3021.530029296875,455083814,1375049409847.9536,JR_West,9021.T,Stock
2026-01-07,3013.78759765625,455083814,1371525954527.3037,JR_West,9021.T,Stock
2026-01-08,3012.81982421875,455083814,1371085536500.2783,JR_West,9021.T,Stock
2026-01-09,3017.65869140625,455083814,1373287626635.4053,JR_West,9021.T,Stock
2026-01-13,3023.4658203125,455083814,1375930357006.4512,JR_West,9021.T,Stock
2026-01-14,3029.272705078125,455083814,1378572976273.0503,JR_West,9021.T,Stock
2026-01-15,3029.272705078125,455083814,1378572976273.0503,JR_West,9021.T,Stock
2026-01-16,3032.17626953125,455083814,1379894341458.5732,JR_West,9021.T,Stock
2026-01-19,3042.822021484375,455083814,1384739050860.2993,JR_West,9021.T,Stock
2026-01-20,3076.69580078125,455083814,1400154459537.3154,JR_West,9021.T,Stock
2026-01-21,3058.30712890625,455083814,1391786072606.046,JR_West,9021.T,Stock
2026-01-22,3067.985595703125,455083814,1396190586189.6401,JR_West,9021.T,Stock
2026-01-23,3061.210693359375,455083814,1393107437791.5688,JR_West,9021.T,Stock
2026-01-26,3057.33935546875,455083814,1391345654579.0205,JR_West,9021.T,Stock
2026-01-27,3021.530029296875,455083814,1375049409847.9536,JR_West,9021.T,Stock
2026-01-28,3012.81982421875,455083814,1371085536500.2783,JR_West,9021.T,Stock
2026-01-29,3028.304931640625,455083814,1378132558246.025,JR_West,9021.T,Stock
2026-01-30,3057.33935546875,455083814,1391345654579.0205,JR_West,9021.T,Stock
2026-02-02,3041.854248046875,455083814,1384298632833.274,JR_West,9021.T,Stock
2026-02-03,3092.180908203125,455083814,1407201481283.062,JR_West,9021.T,Stock
2026-02-04,3289.615966796875,455083814,1497050980765.2192,JR_West,9021.T,Stock
2026-02-05,3368.97705078125,455083814,1533166925548.003,JR_West,9021.T,Stock
2026-02-06,3401.8828125,455083814,1548141805093.5469,JR_West,9021.T,Stock
2026-02-09,3396.075927734375,455083814,1545499185826.9478,JR_West,9021.T,Stock
2026-02-10,3331.23193359375,455083814,1515989733658.4385,JR_West,9021.T,Stock
2026-02-12,3303.165283203125,455083814,1503217055352.4683,JR_West,9021.T,Stock
2026-02-13,3259.613525390625,455083814,1483397355300.7515,JR_West,9021.T,Stock
2026-02-16,3201.544189453125,455083814,1456970940425.8667,JR_West,9021.T,Stock
2026-02-17,3211.22265625,455083814,1461375454009.461,JR_West,9021.T,Stock
2026-02-18,3278.001953125,455083814,1491765631127.5742,JR_West,9021.T,Stock
2026-02-19,3252.8388671875,455083814,1480314318007.127,JR_West,9021.T,Stock
2026-02-20,3173.477783203125,455083814,1444198373224.3433,JR_West,9021.T,Stock
2026-02-24,3199.608642578125,455083814,1456090104371.816,JR_West,9021.T,Stock
2026-02-25,3244.12841796875,455083814,1476350333555.005,JR_West,9021.T,Stock
2026-02-26,3251.87109375,455083814,1479873899980.1016,JR_West,9021.T,Stock
2026-02-27,3246.06396484375,455083814,1477231169609.0557,JR_West,9021.T,Stock
2026-03-02,3245.09619140625,455083814,1476790751582.0303,JR_West,9021.T,Stock
2026-03-03,3193.802001953125,455083814,1453447596209.6636,JR_West,9021.T,Stock
2026-03-04,3126.054443359375,455083814,1422616778855.6313,JR_West,9021.T,Stock
2026-03-05,3148.314208984375,455083814,1432746837895.0024,JR_West,9021.T,Stock
2026-03-06,3128.9580078125,455083814,1423938144041.1543,JR_West,9021.T,Stock
2026-03-09,3128.9580078125,455083814,1423938144041.1543,JR_West,9021.T,Stock
2026-03-10,3157.99267578125,455083814,1437151351478.5967,JR_West,9021.T,Stock
2026-03-11,3198.64111328125,455083814,1455649797449.2373,JR_West,9021.T,Stock
2026-03-12,3177.348876953125,455083814,1445960045332.4448,JR_West,9021.T,Stock
2026-03-13,3165.735107421875,455083814,1440674806799.2466,JR_West,9021.T,Stock
2026-03-16,3129.92578125,455083814,1424378562068.1797,JR_West,9021.T,Stock
2026-03-17,3126.054443359375,455083814,1422616778855.6313,JR_West,9021.T,Stock
2026-03-18,3147.346435546875,455083814,1432306419867.977,JR_West,9021.T,Stock
2026-03-19,3074.760009765625,455083814,1399273512378.8179,JR_West,9021.T,Stock
2026-03-23,3038.95068359375,455083814,1382977267647.751,JR_West,9021.T,Stock
2026-03-24,3071.856689453125,455083814,1397952258297.7417,JR_West,9021.T,Stock
2026-03-25,3109.6015625,455083814,1415129339082.8594,JR_West,9021.T,Stock
2026-03-26,3098.95556640625,455083814,1410284518576.6865,JR_West,9021.T,Stock
2026-03-27,3117.34423828125,455083814,1418652905507.956,JR_West,9021.T,Stock
2026-03-30,3082.41748046875,455083814,1402758303351.9893,JR_West,9021.T,Stock
2026-03-31,3077.498046875,455083814,1400519548749.4258,JR_West,9021.T,Stock
2026-04-01,3117.836181640625,455083814,1418876780968.2124,JR_West,9021.T,Stock
2026-04-02,3138.4970703125,455083814,1428279216985.6387,JR_West,9021.T,Stock
2026-04-03,3140.46484375,455083814,1429174718826.664,JR_West,9021.T,Stock
2026-04-06,3109.96533203125,455083814,1415294884708.5576,JR_West,9021.T,Stock
2026-04-07,3115.868408203125,455083814,1417981279127.187,JR_West,9021.T,Stock
2026-04-08,3139.48095703125,455083814,1428726967906.1514,JR_West,9021.T,Stock
2026-04-09,3106.02978515625,455083814,1413503881026.5068,JR_West,9021.T,Stock
2026-04-10,3074.546630859375,455083814,1399176407092.3345,JR_West,9021.T,Stock
2026-04-13,3091.27197265625,455083814,1406787839427.71,JR_West,9021.T,Stock
2026-04-14,2985.015625,455083814,1358432295474.5938,JR_West,9021.T,Stock
2026-04-15,3015.51513671875,455083814,1372312129592.7002,JR_West,9021.T,Stock
2026-04-16,2994.854248046875,455083814,1362909693575.274,JR_West,9021.T,Stock
2026-04-17,2980.096435546875,455083814,1356193651976.477,JR_West,9021.T,Stock
2026-04-20,3010.595947265625,455083814,1370073486094.5835,JR_West,9021.T,Stock
2026-04-21,2994.854248046875,455083814,1362909693575.274,JR_West,9021.T,Stock
2026-04-22,2946.153564453125,455083814,1340746800741.023,JR_West,9021.T,Stock
2026-04-23,2947.13720703125,455083814,1341194440557.0889,JR_West,9021.T,Stock
2026-04-24,2917.62158203125,455083814,1327762357359.495,JR_West,9021.T,Stock
2026-04-27,2897.45263671875,455083814,1318583796802.3252,JR_West,9021.T,Stock
2026-04-28,2915.654052734375,455083814,1326866966622.9165,JR_West,9021.T,Stock
2026-04-30,2785.78515625,455083814,1267765733890.836,JR_West,9021.T,Stock
2026-05-01,2810.87353515625,455083814,1279183049050.5693,JR_West,9021.T,Stock
2026-05-07,2839.897216796875,455083814,1292391256787.9067,JR_West,9021.T,Stock
2026-05-08,2737.576171875,455083814,1245826605412.3945,JR_West,9021.T,Stock
2026-05-11,2741.51171875,455083814,1247617609094.4453,JR_West,9021.T,Stock
2026-05-12,2670.18212890625,455083814,1215156667297.296,JR_West,9021.T,Stock
2026-05-13,2687.8916015625,455083814,1223215961657.6309,JR_West,9021.T,Stock
2026-05-14,2666.246826171875,455083814,1213365774719.692,JR_West,9021.T,Stock
2026-05-15,2686.90771484375,455083814,1222768210737.1182,JR_West,9021.T,Stock
2026-05-18,2691.3349609375,455083814,1224782978774.9785,JR_West,9021.T,Stock
2026-05-19,2711.99609375,455083814,1234185525896.8516,JR_West,9021.T,Stock
2026-05-20,2682.97216796875,455083814,1220977207055.0674,JR_West,9021.T,Stock
2026-05-21,2678.052978515625,455083814,1218738563556.9507,JR_West,9021.T,Stock
2026-05-22,2649.521240234375,455083814,1205754231279.8696,JR_West,9021.T,Stock
2026-05-25,2645.09375,455083814,1203739352137.5625,JR_West,9021.T,Stock
2026-05-26,2587.538330078125,455083814,1177546812123.144,JR_West,9021.T,Stock
2026-05-27,2573.764404296875,455083814,1171278521444.8599,JR_West,9021.T,Stock
2026-05-28,2577.69970703125,455083814,1173069414022.4639,JR_West,9021.T,Stock
2026-05-29,2586.0625,455083814,1176875185742.375,JR_West,9021.T,Stock
2026-06-01,2487.677001953125,455083814,1132101538048.9136,JR_West,9021.T,Stock
2026-06-02,2444.87939453125,455083814,1112625039633.292,JR_West,9021.T,Stock
2026-06-03,2455.701904296875,455083814,1117550188654.4849,JR_West,9021.T,Stock
2026-06-04,2429.629638671875,455083814,1105685122574.2388,JR_West,9021.T,Stock
2026-06-05,2468.0,455083814,1123146852952.0,JR_West,9021.T,Stock
2026-06-08,2505.87841796875,455083814,1140384707869.505,JR_West,9021.T,Stock
2026-06-09,2510.797607421875,455083814,1142623351367.6216,JR_West,9021.T,Stock
2026-06-10,2574.748291015625,455083814,1171726272365.3726,JR_West,9021.T,Stock
2026-06-11,2567.369384765625,455083814,1168368251565.974,JR_West,9021.T,Stock
2026-06-12,2535.885986328125,455083814,1154040666527.355,JR_West,9021.T,Stock
2026-06-15,2523.587890625,455083814,1148444002229.8398,JR_West,9021.T,Stock
2026-06-16,2528.01513671875,455083814,1150458770267.7002,JR_West,9021.T,Stock
2026-06-17,2531.950439453125,455083814,1152249662845.3042,JR_West,9021.T,Stock
2026-06-18,2577.207763671875,455083814,1172845538562.2075,JR_West,9021.T,Stock
2026-06-19,2551.627685546875,455083814,1161204459046.6646,JR_West,9021.T,Stock
2026-06-22,2568.353271484375,455083814,1168816002486.4868,JR_West,9021.T,Stock
2026-06-23,2587.04638671875,455083814,1177322936662.8877,JR_West,9021.T,Stock
2026-06-24,2596.885009765625,455083814,1181800334763.5679,JR_West,9021.T,Stock
2026-06-25,2594.917236328125,455083814,1180904832922.5425,JR_West,9021.T,Stock
2026-06-26,2633.28759765625,455083814,1198366563300.3037,JR_West,9021.T,Stock
2026-06-29,2700.189697265625,455083814,1228812625955.146,JR_West,9021.T,Stock
2026-06-30,2681.004638671875,455083814,1220081816318.4888,JR_West,9021.T,Stock
2026-07-01,2608.19921875,455083814,1186949248140.5703,JR_West,9021.T,Stock
2026-07-02,2656.408203125,455083814,1208888376619.0117,JR_West,9021.T,Stock
2026-07-03,2751.35009765625,455083814,1252094896090.6787,JR_West,9021.T,Stock
2026-07-06,2823.171630859375,455083814,1284779713348.0845,JR_West,9021.T,Stock
2026-07-07,2864.9853515625,455083814,1303808460843.1934,JR_West,9021.T,Stock
2026-07-08,2876.791748046875,455083814,1309181360784.899,JR_West,9021.T,Stock
2026-07-09,2859.082275390625,455083814,1301122066424.564,JR_West,9021.T,Stock
2026-07-10,2839.897216796875,455083814,1292391256787.9067,JR_West,9021.T,Stock
2026-07-13,2914.17822265625,455083814,1326195340242.1475,JR_West,9021.T,Stock
2026-07-14,2942.7099609375,455083814,1339179672519.2285,JR_West,9021.T,Stock
2026-07-15,2925.492431640625,455083814,1331344253619.15,JR_West,9021.T,Stock
2026-07-16,2912.702392578125,455083814,1325523713861.3784,JR_West,9021.T,Stock
2026-07-17,2947.13720703125,455083814,1341194440557.0889,JR_West,9021.T,Stock
2026-07-21,2936.806884765625,455083814,1336493278100.599,JR_West,9021.T,Stock
2026-07-22,2891.549560546875,455083814,1315897402383.6958,JR_West,9021.T,Stock
2026-07-23,2874.33203125,455083814,1308061983483.6172,JR_West,9021.T,Stock
2026-07-24,2926.96826171875,455083814,1332015879999.919,JR_West,9021.T,Stock
2026-07-27,3025.353759765625,455083814,1376789527693.3804,JR_West,9021.T,Stock
2026-07-28,3077.498046875,455083814,1400519548749.4258,JR_West,9021.T,Stock
2026-07-29,3167.02880859375,455083814,1441263549262.7197,JR_West,9021.T,Stock
2026-07-30,3090.288330078125,455083814,1406340199611.644,JR_West,9021.T,Stock
2026-07-31,2952.548583984375,455083814,1343657070619.9087,JR_West,9021.T,Stock
2026-08-03,2906.307373046875,455083814,1322613443982.4927,JR_West,9021.T,Stock
2026-08-04,2853.17919921875,455083814,1298435672005.9346,JR_West,9021.T,Stock
2026-08-05,2847.276123046875,455083814,1295749277587.3052,JR_West,9021.T,Stock
2026-08-06,2879.7431640625,455083814,1310524502441.9902,JR_West,9021.T,Stock
2026-08-07,2878.759521484375,455083814,1310076862625.9243,JR_West,9021.T,Stock
2026-08-10,2822.6796875,455083814,1284555837887.8281,JR_West,9021.T,Stock
2026-08-12,2814.808837890625,455083814,1280973941628.1733,JR_West,9021.T,Stock
2026-08-13,2823.171630859375,455083814,1284779713348.0845,JR_West,9021.T,Stock
2026-08-14,2872.856201171875,455083814,1307390357102.8481,JR_West,9021.T,Stock
2026-08-17,2841.372802734375,455083814,1293062772064.229,JR_West,9021.T,Stock
2026-08-18,2837.4375,455083814,1291271879486.625,JR_West,9021.T,Stock
2026-08-19,2828.582763671875,455083814,1287242232306.4575,JR_West,9021.T,Stock
2026-08-20,2841.372802734375,455083814,1293062772064.229,JR_West,9021.T,Stock
2026-08-21,2911.718505859375,455083814,1325075962940.8657,JR_West,9021.T,Stock
2026-08-24,2905.323486328125,455083814,1322165693061.98,JR_West,9021.T,Stock
2026-08-25,2937.790771484375,455083814,1336941029021.1118,JR_West,9021.T,Stock
2026-08-26,2937.790771484375,455083814,1336941029021.1118,JR_West,9021.T,Stock
2026-08-27,2945.169677734375,455083814,1340299049820.5103,JR_West,9021.T,Stock
2026-08-28,2934.839111328125,455083814,1335597776259.5737,JR_West,9021.T,Stock
2026-08-31,2966.322509765625,455083814,1349925361298.1929,JR_West,9021.T,Stock
2026-09-01,2982.064208984375,455083814,1357089153817.5024,JR_West,9021.T,Stock
2026-09-02,2945.169677734375,455083814,1340299049820.5103,JR_West,9021.T,Stock
2026-09-03,2960.41943359375,455083814,1347238966879.5635,JR_West,9021.T,Stock
2026-09-04,2971.24169921875,455083814,1352164004796.3096,JR_West,9021.T,Stock
2026-09-07,2941.72607421875,455083814,1338731921598.7158,JR_West,9021.T,Stock
2026-09-08,2963.370849609375,455083814,1348582108536.6548,JR_West,9021.T,Stock
2026-09-09,2969.274169921875,455083814,1351268614059.731,JR_West,9021.T,Stock
2026-09-10,2947.629150390625,455083814,1341418316017.3452,JR_West,9021.T,Stock
2026-09-11,2949.596923828125,455083814,1342313817858.3706,JR_West,9021.T,Stock
2026-09-14,3017.48291015625,455083814,1373207631433.7256,JR_West,9021.T,Stock
2026-09-15,3007.644287109375,455083814,1368730233333.0454,JR_West,9021.T,Stock
2026-09-16,2998.789794921875,455083814,1364700697257.3247,JR_West,9021.T,Stock
2026-09-17,3039.127685546875,455083814,1383057818371.6646,JR_West,9021.T,Stock
2026-09-18,2986.9833984375,455083814,1359327797315.6191,JR_West,9021.T,Stock
2026-09-24,2957.4677734375,455083814,1345895714118.0254,JR_West,9021.T,Stock
2026-09-25,2987.96728515625,455083814,1359775548236.1318,JR_West,9021.T,Stock
2026-09-28,2955.5,455083814,1345000212277.0,JR_West,9021.T,Stock
2026-09-29,2908.5,455083814,1323611273019.0,JR_West,9021.T,Stock
2026-09-30,2942.0,455083814,1338856580788.0,JR_West,9021.T,Stock
2021-09-30,3429.736572265625,949380107,3256123673959.3525,JR_Central,9022.T,Stock
2021-10-01,3370.255859375,949380107,3199653868390.8145,JR_Central,9022.T,Stock
2021-10-04,3432.614501953125,949380107,3258855923154.01,JR_Central,9022.T,Stock
2021-10-05,3369.2958984375,949380107,3198742500573.255,JR_Central,9022.T,Stock
2021-10-06,3277.19677734375,949380107,3111305427134.6646,JR_Central,9022.T,Stock
2021-10-07,3232.107177734375,949380107,3068498258232.9287,JR_Central,9022.T,Stock
2021-10-08,3258.00927734375,949380107,3093089196331.602,JR_Central,9022.T,Stock
2021-10-11,3318.44970703125,949380107,3150470137935.447,JR_Central,9022.T,Stock
2021-10-12,3283.912841796875,949380107,3117681525123.791,JR_Central,9022.T,Stock
2021-10-13,3258.00927734375,949380107,3093089196331.602,JR_Central,9022.T,Stock
2021-10-14,3255.1318359375,949380107,3090357410701.45,JR_Central,9022.T,Stock
2021-10-15,3265.684326171875,949380107,3100375735009.2773,JR_Central,9022.T,Stock
2021-10-18,3246.497314453125,949380107,3082159967770.7207,JR_Central,9022.T,Stock
2021-10-19,3215.797607421875,949380107,3053014276624.5234,JR_Central,9022.T,Stock
2021-10-20,3303.099853515625,949380107,3135897292362.3486,JR_Central,9022.T,Stock
2021-10-21,3284.8720703125,949380107,3118592197594.593,JR_Central,9022.T,Stock
2021-10-22,3270.4814453125,949380107,3104930024492.296,JR_Central,9022.T,Stock
2021-10-25,3249.37548828125,949380107,3084892448747.6304,JR_Central,9022.T,Stock
2021-10-26,3263.765625,949380107,3098554158285.422,JR_Central,9022.T,Stock
2021-10-27,3216.7568359375,949380107,3053924949095.325,JR_Central,9022.T,Stock
2021-10-28,3229.228759765625,949380107,3065765545473.7666,JR_Central,9022.T,Stock
2021-10-29,3242.659912109375,949380107,3078516814323.009,JR_Central,9022.T,Stock
2021-11-01,3301.181640625,949380107,3134076179202.998,JR_Central,9022.T,Stock
2021-11-02,3290.628173828125,949380107,3124056927766.16,JR_Central,9022.T,Stock
2021-11-04,3326.12451171875,949380107,3157756444830.8696,JR_Central,9022.T,Stock
2021-11-05,3288.709228515625,949380107,3122235119260.052,JR_Central,9022.T,Stock
2021-11-08,3371.21484375,949380107,3200564309079.3633,JR_Central,9022.T,Stock
2021-11-09,3304.05908203125,949380107,3136807964833.15,JR_Central,9022.T,Stock
2021-11-10,3247.456787109375,949380107,3083070872023.7744,JR_Central,9022.T,Stock
2021-11-11,3239.781982421875,949380107,3075784565128.3516,JR_Central,9022.T,Stock
2021-11-12,3256.0908203125,949380107,3091267851389.999,JR_Central,9022.T,Stock
2021-11-15,3249.37548828125,949380107,3084892448747.6304,JR_Central,9022.T,Stock
2021-11-16,3219.635009765625,949380107,3056657430072.2354,JR_Central,9022.T,Stock
2021-11-17,3186.057373046875,949380107,3024779489731.381,JR_Central,9022.T,Stock
2021-11-18,3221.553955078125,949380107,3058479238578.3438,JR_Central,9022.T,Stock
2021-11-19,3214.838134765625,949380107,3052103372371.4697,JR_Central,9022.T,Stock
2021-11-22,3196.610107421875,949380107,3034798045821.461,JR_Central,9022.T,Stock
2021-11-24,3191.81298828125,949380107,3030243756338.443,JR_Central,9022.T,Stock
2021-11-25,3239.781982421875,949380107,3075784565128.3516,JR_Central,9022.T,Stock
2021-11-26,3132.333251953125,949380107,2973774877898.916,JR_Central,9022.T,Stock
2021-11-29,3008.57421875,949380107,2856280513714.3164,JR_Central,9022.T,Stock
2021-11-30,2993.224365234375,949380107,2841707668141.218,JR_Central,9022.T,Stock
2021-12-01,2997.061767578125,949380107,2845350821588.9297,JR_Central,9022.T,Stock
2021-12-02,2917.434814453125,949380107,2769754576311.033,JR_Central,9022.T,Stock
2021-12-03,3018.168212890625,949380107,2865388860898.1006,JR_Central,9022.T,Stock
2021-12-06,3013.371337890625,949380107,2860834803197.335,JR_Central,9022.T,Stock
2021-12-07,3112.185791015625,949380107,2954647279278.294,JR_Central,9022.T,Stock
2021-12-08,3090.1201171875,949380107,2933698567498.3213,JR_Central,9022.T,Stock
2021-12-09,3084.364013671875,949380107,2928233837326.754,JR_Central,9022.T,Stock
2021-12-10,3078.608154296875,949380107,2922769338937.4395,JR_Central,9022.T,Stock
2021-12-13,3061.33935546875,949380107,2906374684858.233,JR_Central,9022.T,Stock
2021-12-14,3019.12744140625,949380107,2866299533368.902,JR_Central,9022.T,Stock
2021-12-15,3053.66455078125,949380107,2899088377962.81,JR_Central,9022.T,Stock
2021-12-16,3104.5107421875,949380107,2947360740600.618,JR_Central,9022.T,Stock
2021-12-17,3058.461669921875,949380107,2903642667445.828,JR_Central,9022.T,Stock
2021-12-20,2982.671630859375,949380107,2831689112051.1377,JR_Central,9022.T,Stock
2021-12-21,2992.265380859375,949380107,2840797227452.669,JR_Central,9022.T,Stock
2021-12-22,2979.793212890625,949380107,2828956399291.9756,JR_Central,9022.T,Stock
2021-12-23,3011.452392578125,949380107,2859012994691.2266,JR_Central,9022.T,Stock
2021-12-24,2972.11865234375,949380107,2821670324178.805,JR_Central,9022.T,Stock
2021-12-27,2947.175048828125,949380107,2797989363204.176,JR_Central,9022.T,Stock
2021-12-28,2955.80908203125,949380107,2806186342570.4,JR_Central,9022.T,Stock
2021-12-29,2982.671630859375,949380107,2831689112051.1377,JR_Central,9022.T,Stock
2021-12-30,2944.296875,949380107,2795256882227.2656,JR_Central,9022.T,Stock
2022-01-04,2934.703369140625,949380107,2786148998607.9873,JR_Central,9022.T,Stock
2022-01-05,2935.662109375,949380107,2787059207514.283,JR_Central,9022.T,Stock
2022-01-06,2875.221923828125,949380107,2729678497692.6914,JR_Central,9022.T,Stock
2022-01-07,2836.847900390625,949380107,2693246963215.577,JR_Central,9022.T,Stock
2022-01-11,2842.60400390625,949380107,2698711693387.144,JR_Central,9022.T,Stock
2022-01-12,2890.572265625,949380107,2744251806830.295,JR_Central,9022.T,Stock
2022-01-13,2824.375732421875,949380107,2681406135054.883,JR_Central,9022.T,Stock
2022-01-14,2813.8232421875,949380107,2671387810747.0557,JR_Central,9022.T,Stock
2022-01-17,2829.1728515625,949380107,2685960424537.9014,JR_Central,9022.T,Stock
2022-01-18,2844.522705078125,949380107,2700533270111.0,JR_Central,9022.T,Stock
2022-01-19,2821.497802734375,949380107,2678673885860.2256,JR_Central,9022.T,Stock
2022-01-20,2832.05126953125,949380107,2688693137297.064,JR_Central,9022.T,Stock
2022-01-21,2889.613037109375,949380107,2743341134359.493,JR_Central,9022.T,Stock
2022-01-24,2882.8974609375,949380107,2736965499934.872,JR_Central,9022.T,Stock
2022-01-25,2862.750244140625,949380107,2717838133096.503,JR_Central,9022.T,Stock
2022-01-26,2865.62841796875,949380107,2720570614073.4126,JR_Central,9022.T,Stock
2022-01-27,2817.66064453125,949380107,2675030964194.767,JR_Central,9022.T,Stock
2022-01-28,2869.46630859375,949380107,2724214231085.6294,JR_Central,9022.T,Stock
2022-01-31,2905.922607421875,949380107,2758825115967.8984,JR_Central,9022.T,Stock
2022-02-01,2974.996826171875,949380107,2824402805155.715,JR_Central,9022.T,Stock
2022-02-02,3014.330322265625,949380107,2861745243885.884,JR_Central,9022.T,Stock
2022-02-03,2888.653076171875,949380107,2742429766541.9336,JR_Central,9022.T,Stock
2022-02-04,2905.922607421875,949380107,2758825115967.8984,JR_Central,9022.T,Stock
2022-02-07,2868.5068359375,949380107,2723303326832.575,JR_Central,9022.T,Stock
2022-02-08,2974.996826171875,949380107,2824402805155.715,JR_Central,9022.T,Stock
2022-02-09,3003.777587890625,949380107,2851726687795.8037,JR_Central,9022.T,Stock
2022-02-10,3027.76171875,949380107,2874496744517.379,JR_Central,9022.T,Stock
2022-02-14,3066.13623046875,949380107,2910928742558.9985,JR_Central,9022.T,Stock
2022-02-15,3036.39599609375,949380107,2882693955665.856,JR_Central,9022.T,Stock
2022-02-16,3108.3486328125,949380107,2951004357612.835,JR_Central,9022.T,Stock
2022-02-17,3137.12939453125,949380107,2978328240252.9233,JR_Central,9022.T,Stock
2022-02-18,3137.12939453125,949380107,2978328240252.9233,JR_Central,9022.T,Stock
2022-02-21,3056.542724609375,949380107,2901820858939.7197,JR_Central,9022.T,Stock
2022-02-22,2963.484375,949380107,2813473113030.328,JR_Central,9022.T,Stock
2022-02-24,2898.2470703125,949380107,2751538113725.718,JR_Central,9022.T,Stock
2022-02-25,2966.362060546875,949380107,2816205130442.7324,JR_Central,9022.T,Stock
2022-02-28,2972.11865234375,949380107,2821670324178.805,JR_Central,9022.T,Stock
2022-03-01,2971.159423828125,949380107,2820759651708.004,JR_Central,9022.T,Stock
2022-03-02,2920.312744140625,949380107,2772486825505.6904,JR_Central,9022.T,Stock
2022-03-03,2982.671630859375,949380107,2831689112051.1377,JR_Central,9022.T,Stock
2022-03-04,2964.443603515625,949380107,2814383785501.13,JR_Central,9022.T,Stock
2022-03-07,2906.8818359375,949380107,2759735788438.7,JR_Central,9022.T,Stock
2022-03-08,2865.62841796875,949380107,2720570614073.4126,JR_Central,9022.T,Stock
2022-03-09,2831.091796875,949380107,2687782233044.01,JR_Central,9022.T,Stock
2022-03-10,2924.150146484375,949380107,2776129978953.4014,JR_Central,9022.T,Stock
2022-03-11,2921.27197265625,949380107,2773397497976.4917,JR_Central,9022.T,Stock
2022-03-14,3016.2490234375,949380107,2863566820609.7393,JR_Central,9022.T,Stock
2022-03-15,3070.93310546875,949380107,2915482800259.764,JR_Central,9022.T,Stock
2022-03-16,3129.45458984375,949380107,2971041933357.5005,JR_Central,9022.T,Stock
2022-03-17,3115.06396484375,949380107,2957379760255.2036,JR_Central,9022.T,Stock
2022-03-18,3109.307861328125,949380107,2951915030083.6367,JR_Central,9022.T,Stock
2022-03-22,3112.185791015625,949380107,2954647279278.294,JR_Central,9022.T,Stock
2022-03-23,3174.544921875,949380107,3013849797605.994,JR_Central,9022.T,Stock
2022-03-24,3221.553955078125,949380107,3058479238578.3438,JR_Central,9022.T,Stock
2022-03-25,3189.894775390625,949380107,3028422643179.093,JR_Central,9022.T,Stock
2022-03-28,3177.422607421875,949380107,3016581815018.3984,JR_Central,9022.T,Stock
2022-03-29,3122.739013671875,949380107,2964666298932.879,JR_Central,9022.T,Stock
2022-03-30,3130.444580078125,949380107,2971981810392.1406,JR_Central,9022.T,Stock
2022-03-31,3075.54150390625,949380107,2919857922061.4565,JR_Central,9022.T,Stock
2022-04-01,3048.57177734375,949380107,2894253400171.7896,JR_Central,9022.T,Stock
2022-04-04,3032.196533203125,949380107,2878707069137.412,JR_Central,9022.T,Stock
2022-04-05,3076.504638671875,949380107,2920772303048.301,JR_Central,9022.T,Stock
2022-04-06,3083.247314453125,949380107,2927173665302.9707,JR_Central,9022.T,Stock
2022-04-07,3017.748779296875,949380107,2864990658987.9863,JR_Central,9022.T,Stock
2022-04-08,3056.277587890625,949380107,2901569143413.3037,JR_Central,9022.T,Stock
2022-04-11,3018.711669921875,949380107,2865904808192.578,JR_Central,9022.T,Stock
2022-04-12,3002.337646484375,949380107,2850359636069.464,JR_Central,9022.T,Stock
2022-04-13,3060.130126953125,949380107,2905226667360.6816,JR_Central,9022.T,Stock
2022-04-14,3119.849365234375,949380107,2961922924190.093,JR_Central,9022.T,Stock
2022-04-15,3127.554931640625,949380107,2969238435649.3545,JR_Central,9022.T,Stock
2022-04-18,3108.291015625,949380107,2950949657001.201,JR_Central,9022.T,Stock
2022-04-19,3084.210693359375,949380107,2928088278072.0674,JR_Central,9022.T,Stock
2022-04-20,3115.996337890625,949380107,2958264936678.21,JR_Central,9022.T,Stock
2022-04-21,3129.4814453125,949380107,2971067429405.296,JR_Central,9022.T,Stock
2022-04-22,3115.033447265625,949380107,2957350787473.618,JR_Central,9022.T,Stock
2022-04-25,3071.68896484375,949380107,2916200398114.0786,JR_Central,9022.T,Stock
2022-04-26,3130.444580078125,949380107,2971981810392.1406,JR_Central,9022.T,Stock
2022-04-27,3201.722412109375,949380107,3039651566192.6963,JR_Central,9022.T,Stock
2022-04-28,3161.267822265625,949380107,3001244783358.1963,JR_Central,9022.T,Stock
2022-05-02,3203.64892578125,949380107,3041480559948.638,JR_Central,9022.T,Stock
2022-05-06,3279.742919921875,949380107,3113722684247.922,JR_Central,9022.T,Stock
2022-05-09,3186.311279296875,949380107,3025020543274.174,JR_Central,9022.T,Stock
2022-05-10,3113.106689453125,949380107,2955521561935.424,JR_Central,9022.T,Stock
2022-05-11,3098.658935546875,949380107,2941805151785.998,JR_Central,9022.T,Stock
2022-05-12,3091.91650390625,949380107,2935404021313.5815,JR_Central,9022.T,Stock
2022-05-13,3174.752685546875,949380107,3014047044303.0293,JR_Central,9022.T,Stock
2022-05-16,3181.494873046875,949380107,3020447942993.1934,JR_Central,9022.T,Stock
2022-05-17,3179.56884765625,949380107,3018619412801.7573,JR_Central,9022.T,Stock
2022-05-18,3180.53173828125,949380107,3019533562006.349,JR_Central,9022.T,Stock
2022-05-19,3149.70947265625,949380107,2990271516169.304,JR_Central,9022.T,Stock
2022-05-20,3195.943115234375,949380107,3034164816707.124,JR_Central,9022.T,Stock
2022-05-23,3200.759521484375,949380107,3038737416988.1045,JR_Central,9022.T,Stock
2022-05-24,3165.120849609375,949380107,3004902770870.079,JR_Central,9022.T,Stock
2022-05-25,3174.752685546875,949380107,3014047044303.0293,JR_Central,9022.T,Stock
2022-05-26,3190.1640625,949380107,3028678299003.8047,JR_Central,9022.T,Stock
2022-05-27,3168.010009765625,949380107,3007645682048.3604,JR_Central,9022.T,Stock
2022-05-30,3145.8564453125,949380107,2986613528657.421,JR_Central,9022.T,Stock
2022-05-31,3076.504638671875,949380107,2920772303048.301,JR_Central,9022.T,Stock
2022-06-01,3128.5185546875,949380107,2970153280200.704,JR_Central,9022.T,Stock
2022-06-02,3115.996337890625,949380107,2958264936678.21,JR_Central,9022.T,Stock
2022-06-03,3093.8427734375,949380107,2937232783287.2705,JR_Central,9022.T,Stock
2022-06-06,3165.120849609375,949380107,3004902770870.079,JR_Central,9022.T,Stock
2022-06-07,3144.89306640625,949380107,2985698915888.3237,JR_Central,9022.T,Stock
2022-06-08,3133.33447265625,949380107,2974725416917.179,JR_Central,9022.T,Stock
2022-06-09,3152.5986328125,949380107,2993014427347.585,JR_Central,9022.T,Stock
2022-06-10,3130.444580078125,949380107,2971981810392.1406,JR_Central,9022.T,Stock
2022-06-13,3096.73193359375,949380107,2939975694465.5513,JR_Central,9022.T,Stock
2022-06-14,3018.711669921875,949380107,2865904808192.578,JR_Central,9022.T,Stock
2022-06-15,2968.62451171875,949380107,2818353056578.3696,JR_Central,9022.T,Stock
2022-06-16,2972.4775390625,949380107,2822011044090.253,JR_Central,9022.T,Stock
2022-06-17,2969.587890625,949380107,2819267669347.467,JR_Central,9022.T,Stock
2022-06-20,2897.346923828125,949380107,2750683532560.0664,JR_Central,9022.T,Stock
2022-06-21,2928.16943359375,949380107,2779945810179.364,JR_Central,9022.T,Stock
2022-06-22,2924.31689453125,949380107,2776288286231.986,JR_Central,9022.T,Stock
2022-06-23,2980.183349609375,949380107,2829326787331.7666,JR_Central,9022.T,Stock
2022-06-24,2984.0361328125,949380107,2832984543061.3975,JR_Central,9022.T,Stock
2022-06-27,2993.66796875,949380107,2842128816494.3477,JR_Central,9022.T,Stock
2022-06-28,3005.226806640625,949380107,2853102547247.745,JR_Central,9022.T,Stock
2022-06-29,3012.932373046875,949380107,2860418058707.006,JR_Central,9022.T,Stock
2022-06-30,3015.822509765625,949380107,2863161897014.298,JR_Central,9022.T,Stock
2022-07-01,2966.6982421875,949380107,2816524294604.6807,JR_Central,9022.T,Stock
2022-07-04,2965.735107421875,949380107,2815609913617.836,JR_Central,9022.T,Stock
2022-07-05,2949.3603515625,949380107,2800064046147.964,JR_Central,9022.T,Stock
2022-07-06,2912.758544921875,949380107,2765315019043.0938,JR_Central,9022.T,Stock
2022-07-07,2886.75146484375,949380107,2740624414575.766,JR_Central,9022.T,Stock
2022-07-08,2862.67138671875,949380107,2717763267428.8853,JR_Central,9022.T,Stock
2022-07-11,2923.35400390625,949380107,2775374137027.394,JR_Central,9022.T,Stock
2022-07-12,2897.346923828125,949380107,2750683532560.0664,JR_Central,9022.T,Stock
2022-07-13,2906.9794921875,949380107,2759828501339.7744,JR_Central,9022.T,Stock
2022-07-14,2902.1630859375,949380107,2755255901058.794,JR_Central,9022.T,Stock
2022-07-15,2903.12646484375,949380107,2756170513827.891,JR_Central,9022.T,Stock
2022-07-19,2907.9423828125,949380107,2760742650544.366,JR_Central,9022.T,Stock
2022-07-20,2965.735107421875,949380107,2815609913617.836,JR_Central,9022.T,Stock
2022-07-21,2936.839111328125,949380107,2788176629754.4805,JR_Central,9022.T,Stock
2022-07-22,2904.08984375,949380107,2757085126596.9883,JR_Central,9022.T,Stock
2022-07-25,2964.772216796875,949380107,2814695764413.244,JR_Central,9022.T,Stock
2022-07-26,2947.433837890625,949380107,2798235052392.0225,JR_Central,9022.T,Stock
2022-07-27,3012.932373046875,949380107,2860418058707.006,JR_Central,9022.T,Stock
2022-07-28,2997.521240234375,949380107,2845787035788.4834,JR_Central,9022.T,Stock
2022-07-29,3001.374267578125,949380107,2849445023300.367,JR_Central,9022.T,Stock
2022-08-01,3068.799072265625,949380107,2913456791589.04,JR_Central,9022.T,Stock
2022-08-02,3050.497802734375,949380107,2896081930363.2256,JR_Central,9022.T,Stock
2022-08-03,3037.01318359375,949380107,2883279901200.645,JR_Central,9022.T,Stock
2022-08-04,3022.564697265625,949380107,2869562795704.462,JR_Central,9022.T,Stock
2022-08-05,3032.196533203125,949380107,2878707069137.412,JR_Central,9022.T,Stock
2022-08-08,3026.417724609375,949380107,2873220783216.3447,JR_Central,9022.T,Stock
2022-08-09,3058.2041015625,949380107,2903398137169.245,JR_Central,9022.T,Stock
2022-08-10,3060.130126953125,949380107,2905226667360.6816,JR_Central,9022.T,Stock
2022-08-12,3095.769287109375,949380107,2939061777043.212,JR_Central,9022.T,Stock
2022-08-15,3072.65185546875,949380107,2917114547318.6704,JR_Central,9022.T,Stock
2022-08-16,3080.358154296875,949380107,2924430754124.6895,JR_Central,9022.T,Stock
2022-08-17,3101.54833984375,949380107,2944548294746.5317,JR_Central,9022.T,Stock
2022-08-18,3077.4677734375,949380107,2921686684035.1455,JR_Central,9022.T,Stock
2022-08-19,3082.283935546875,949380107,2926259052533.873,JR_Central,9022.T,Stock
2022-08-22,3083.247314453125,949380107,2927173665302.9707,JR_Central,9022.T,Stock
2022-08-23,3117.923095703125,949380107,2960094162216.4043,JR_Central,9022.T,Stock
2022-08-24,3113.106689453125,949380107,2955521561935.424,JR_Central,9022.T,Stock
2022-08-25,3088.0634765625,949380107,2931746033801.698,JR_Central,9022.T,Stock
2022-08-26,3086.136962890625,949380107,2929917040045.757,JR_Central,9022.T,Stock
2022-08-29,3058.2041015625,949380107,2903398137169.245,JR_Central,9022.T,Stock
2022-08-30,3131.407958984375,949380107,2972896423161.2373,JR_Central,9022.T,Stock
2022-08-31,3168.010009765625,949380107,3007645682048.3604,JR_Central,9022.T,Stock
2022-09-01,3147.782470703125,949380107,2988442058848.8574,JR_Central,9022.T,Stock
2022-09-02,3154.52490234375,949380107,2994843189321.274,JR_Central,9022.T,Stock
2022-09-05,3104.437744140625,949380107,2947291437707.0654,JR_Central,9022.T,Stock
2022-09-06,3086.136962890625,949380107,2929917040045.757,JR_Central,9022.T,Stock
2022-09-07,3085.173583984375,949380107,2929002427276.659,JR_Central,9022.T,Stock
2022-09-08,3142.966552734375,949380107,2983869922132.382,JR_Central,9022.T,Stock
2022-09-09,3112.1435546875,949380107,2954607180948.579,JR_Central,9022.T,Stock
2022-09-12,3207.501708984375,949380107,3045138315678.2686,JR_Central,9022.T,Stock
2022-09-13,3293.22802734375,949380107,3126525176975.0083,JR_Central,9022.T,Stock
2022-09-14,3252.773193359375,949380107,3088118162358.255,JR_Central,9022.T,Stock
2022-09-15,3281.66943359375,949380107,3115551678003.864,JR_Central,9022.T,Stock
2022-09-16,3269.1474609375,949380107,3103663566263.622,JR_Central,9022.T,Stock
2022-09-20,3294.191162109375,949380107,3127439557961.8525,JR_Central,9022.T,Stock
2022-09-21,3214.24462890625,949380107,3051539909715.191,JR_Central,9022.T,Stock
2022-09-22,3256.626220703125,949380107,3091776149870.1387,JR_Central,9022.T,Stock
2022-09-26,3251.809326171875,949380107,3087203086024.6523,JR_Central,9022.T,Stock
2022-09-27,3277.816650390625,949380107,3111893922274.2334,JR_Central,9022.T,Stock
2022-09-28,3242.177734375,949380107,3078059044373.955,JR_Central,9022.T,Stock
2022-09-29,3326.30224609375,949380107,3157925182310.8247,JR_Central,9022.T,Stock
2022-09-30,3275.053466796875,949380107,3109270610738.338,JR_Central,9022.T,Stock
2022-10-03,3161.9208984375,949380107,3001864800884.13,JR_Central,9022.T,Stock
2022-10-04,3232.50830078125,949380107,3068879076474.0913,JR_Central,9022.T,Stock
2022-10-05,3218.00390625,949380107,3055108892842.043,JR_Central,9022.T,Stock
2022-10-06,3208.33447265625,949380107,3045928924942.179,JR_Central,9022.T,Stock
2022-10-07,3276.020751953125,949380107,3110188932023.4785,JR_Central,9022.T,Stock
2022-10-11,3302.12841796875,949380107,3134975030778.9126,JR_Central,9022.T,Stock
2022-10-12,3372.715576171875,949380107,3201989074586.621,JR_Central,9022.T,Stock
2022-10-13,3300.194580078125,949380107,3133139083555.3906,JR_Central,9022.T,Stock
2022-10-14,3332.103759765625,949380107,3163433023981.3916,JR_Central,9022.T,Stock
2022-10-17,3382.385009765625,949380107,3211169042486.4854,JR_Central,9022.T,Stock
2022-10-18,3426.864501953125,949380107,3253396987538.76,JR_Central,9022.T,Stock
2022-10-19,3412.3603515625,949380107,3239627035688.964,JR_Central,9022.T,Stock
2022-10-20,3423.963623046875,949380107,3250642950812.3496,JR_Central,9022.T,Stock
2022-10-21,3346.60791015625,949380107,3177202975831.187,JR_Central,9022.T,Stock
2022-10-24,3269.251953125,949380107,3103762769067.7715,JR_Central,9022.T,Stock
2022-10-25,3301.16162109375,949380107,3134057173058.278,JR_Central,9022.T,Stock
2022-10-26,3265.38427734375,949380107,3100090874620.727,JR_Central,9022.T,Stock
2022-10-27,3260.549560546875,949380107,3095500890670.795,JR_Central,9022.T,Stock
2022-10-28,3269.251953125,949380107,3103762769067.7715,JR_Central,9022.T,Stock
2022-10-31,3338.872314453125,949380107,3169858955154.8457,JR_Central,9022.T,Stock
2022-11-01,3264.417236328125,949380107,3099172785117.84,JR_Central,9022.T,Stock
2022-11-02,3257.64892578125,949380107,3092747085726.638,JR_Central,9022.T,Stock
2022-11-04,3259.58251953125,949380107,3094582801167.9077,JR_Central,9022.T,Stock
2022-11-07,3288.5908203125,949380107,3122122704867.499,JR_Central,9022.T,Stock
2022-11-08,3259.58251953125,949380107,3094582801167.9077,JR_Central,9022.T,Stock
2022-11-09,3186.094482421875,949380107,3024814720633.789,JR_Central,9022.T,Stock
2022-11-10,3179.325927734375,949380107,3018388789460.335,JR_Central,9022.T,Stock
2022-11-11,3134.84619140625,949380107,2976160612625.808,JR_Central,9022.T,Stock
2022-11-14,3130.01171875,949380107,2971570860458.129,JR_Central,9022.T,Stock
2022-11-15,3131.945556640625,949380107,2973406807681.6514,JR_Central,9022.T,Stock
2022-11-16,3074.89501953125,949380107,2919244162656.345,JR_Central,9022.T,Stock
2022-11-17,3173.524658203125,949380107,3012881179572.0215,JR_Central,9022.T,Stock
2022-11-18,3149.35009765625,949380107,2989930332693.351,JR_Central,9022.T,Stock
2022-11-21,3164.82177734375,949380107,3004618837610.5396,JR_Central,9022.T,Stock
2022-11-22,3201.565673828125,949380107,3039502761986.4727,JR_Central,9022.T,Stock
2022-11-24,3183.19384765625,949380107,3022060915689.6323,JR_Central,9022.T,Stock
2022-11-25,3218.970458984375,949380107,3056026518780.425,JR_Central,9022.T,Stock
2022-11-28,3241.210693359375,949380107,3077140954871.0674,JR_Central,9022.T,Stock
2022-11-29,3242.177734375,949380107,3078059044373.955,JR_Central,9022.T,Stock
2022-11-30,3216.06982421875,949380107,3053272713836.268,JR_Central,9022.T,Stock
2022-12-01,3173.524658203125,949380107,3012881179572.0215,JR_Central,9022.T,Stock
2022-12-02,3114.540283203125,949380107,2956882587323.1934,JR_Central,9022.T,Stock
2022-12-05,3104.870849609375,949380107,2947702619423.329,JR_Central,9022.T,Stock
2022-12-06,3096.16845703125,949380107,2939440741026.353,JR_Central,9022.T,Stock
2022-12-07,3127.110595703125,949380107,2968816591949.467,JR_Central,9022.T,Stock
2022-12-08,3122.27587890625,949380107,2964226607999.5347,JR_Central,9022.T,Stock
2022-12-09,3152.25146484375,949380107,2992684832984.266,JR_Central,9022.T,Stock
2022-12-12,3167.722900390625,949380107,3007373106119.202,JR_Central,9022.T,Stock
2022-12-13,3194.796875,949380107,3033076599030.7656,JR_Central,9022.T,Stock
2022-12-14,3176.42529296875,949380107,3015634984516.178,JR_Central,9022.T,Stock
2022-12-15,3207.367431640625,949380107,3045010835439.292,JR_Central,9022.T,Stock
2022-12-16,3195.763671875,949380107,3033994456751.4004,JR_Central,9022.T,Stock
2022-12-19,3180.29296875,949380107,3019306878963.2227,JR_Central,9022.T,Stock
2022-12-20,3096.16845703125,949380107,2939440741026.353,JR_Central,9022.T,Stock
2022-12-21,3089.39990234375,949380107,2933014809852.899,JR_Central,9022.T,Stock
2022-12-22,3094.23486328125,949380107,2937605025585.0835,JR_Central,9022.T,Stock
2022-12-23,3081.663818359375,949380107,2925670325612.052,JR_Central,9022.T,Stock
2022-12-26,3100.0361328125,949380107,2943112635473.3975,JR_Central,9022.T,Stock
2022-12-27,3134.84619140625,949380107,2976160612625.808,JR_Central,9022.T,Stock
2022-12-28,3136.7802734375,949380107,2977996791631.583,JR_Central,9022.T,Stock
2022-12-29,3130.01171875,949380107,2971570860458.129,JR_Central,9022.T,Stock
2022-12-30,3133.87939453125,949380107,2975242754905.1733,JR_Central,9022.T,Stock
2023-01-04,3113.5732421875,949380107,2955964497820.3057,JR_Central,9022.T,Stock
2023-01-05,3068.126708984375,949380107,2912818463265.1436,JR_Central,9022.T,Stock
2023-01-06,3055.556640625,949380107,2900884690421.123,JR_Central,9022.T,Stock
2023-01-10,3046.85400390625,949380107,2892622580241.894,JR_Central,9022.T,Stock
2023-01-11,3024.614501953125,949380107,2871508839498.01,JR_Central,9022.T,Stock
2023-01-12,2986.90283203125,949380107,2835706130272.431,JR_Central,9022.T,Stock
2023-01-13,2997.53955078125,949380107,2845804419457.435,JR_Central,9022.T,Stock
2023-01-16,2987.8701171875,949380107,2836624451557.5713,JR_Central,9022.T,Stock
2023-01-17,2948.225341796875,949380107,2798986490455.2285,JR_Central,9022.T,Stock
2023-01-18,3031.3828125,949380107,2877934538889.211,JR_Central,9022.T,Stock
2023-01-19,3042.986083984375,949380107,2888950454012.5967,JR_Central,9022.T,Stock
2023-01-20,3081.663818359375,949380107,2925670325612.052,JR_Central,9022.T,Stock
2023-01-23,3084.56494140625,949380107,2928424594120.7144,JR_Central,9022.T,Stock
2023-01-24,3111.639404296875,949380107,2954128550596.783,JR_Central,9022.T,Stock
2023-01-25,3119.375,949380107,2961472571273.125,JR_Central,9022.T,Stock
2023-01-26,3095.20166015625,949380107,2938522883305.7183,JR_Central,9022.T,Stock
2023-01-27,3070.060546875,949380107,2914654410488.666,JR_Central,9022.T,Stock
2023-01-30,3066.192626953125,949380107,2910982284259.369,JR_Central,9022.T,Stock
2023-01-31,3063.2919921875,949380107,2908228479315.212,JR_Central,9022.T,Stock
2023-02-01,3001.407470703125,949380107,2849476545686.7324,JR_Central,9022.T,Stock
2023-02-02,2984.96923828125,949380107,2833870414831.1616,JR_Central,9022.T,Stock
2023-02-03,2975.30029296875,949380107,2824690910495.803,JR_Central,9022.T,Stock
2023-02-06,2991.73779296875,949380107,2840296346004.6157,JR_Central,9022.T,Stock
2023-02-07,2967.564208984375,949380107,2817346426254.956,JR_Central,9022.T,Stock
2023-02-08,2991.73779296875,949380107,2840296346004.6157,JR_Central,9022.T,Stock
2023-02-09,2986.90283203125,949380107,2835706130272.431,JR_Central,9022.T,Stock
2023-02-10,2952.093017578125,949380107,2802658384902.2734,JR_Central,9022.T,Stock
2023-02-13,2961.7626953125,949380107,2811838584584.3896,JR_Central,9022.T,Stock
2023-02-14,2963.696533203125,949380107,2813674531807.912,JR_Central,9022.T,Stock
2023-02-15,2959.828857421875,949380107,2810002637360.867,JR_Central,9022.T,Stock
2023-02-16,2963.696533203125,949380107,2813674531807.912,JR_Central,9022.T,Stock
2023-02-17,2943.390625,949380107,2794396506505.297,JR_Central,9022.T,Stock
2023-02-20,2958.861572265625,949380107,2809084316075.7275,JR_Central,9022.T,Stock
2023-02-21,2928.886474609375,949380107,2780626554655.501,JR_Central,9022.T,Stock
2023-02-22,2901.8115234375,949380107,2754922134614.927,JR_Central,9022.T,Stock
2023-02-24,2929.853271484375,949380107,2781544412376.1357,JR_Central,9022.T,Stock
2023-02-27,2953.06005859375,949380107,2803576474405.1606,JR_Central,9022.T,Stock
2023-02-28,2960.7958984375,949380107,2810920726863.755,JR_Central,9022.T,Stock
2023-03-01,2929.853271484375,949380107,2781544412376.1357,JR_Central,9022.T,Stock
2023-03-02,2945.324462890625,949380107,2796232453728.8193,JR_Central,9022.T,Stock
2023-03-03,2950.159423828125,949380107,2800822669461.004,JR_Central,9022.T,Stock
2023-03-06,2952.093017578125,949380107,2802658384902.2734,JR_Central,9022.T,Stock
2023-03-07,2964.66357421875,949380107,2814592621310.7993,JR_Central,9022.T,Stock
2023-03-08,3042.986083984375,949380107,2888950454012.5967,JR_Central,9022.T,Stock
2023-03-09,3047.82080078125,949380107,2893540437962.529,JR_Central,9022.T,Stock
2023-03-10,3000.440185546875,949380107,2848558224401.592,JR_Central,9022.T,Stock
2023-03-13,3023.6474609375,949380107,2870590749995.122,JR_Central,9022.T,Stock
2023-03-14,3053.622802734375,949380107,2899048743197.6006,JR_Central,9022.T,Stock
2023-03-15,2998.50634765625,949380107,2846722277178.07,JR_Central,9022.T,Stock
2023-03-16,2969.498046875,949380107,2819182373478.4785,JR_Central,9022.T,Stock
2023-03-17,3036.21728515625,949380107,2882524291056.89,JR_Central,9022.T,Stock
2023-03-20,2981.101318359375,949380107,2830198288601.8643,JR_Central,9022.T,Stock
2023-03-22,2984.96923828125,949380107,2833870414831.1616,JR_Central,9022.T,Stock
2023-03-23,3000.440185546875,949380107,2848558224401.592,JR_Central,9022.T,Stock
2023-03-24,2998.50634765625,949380107,2846722277178.07,JR_Central,9022.T,Stock
2023-03-27,3085.53173828125,949380107,2929342451841.349,JR_Central,9022.T,Stock
2023-03-28,3042.986083984375,949380107,2888950454012.5967,JR_Central,9022.T,Stock
2023-03-29,3082.631103515625,949380107,2926588646897.1924,JR_Central,9022.T,Stock
2023-03-30,3068.062744140625,949380107,2912757736314.9404,JR_Central,9022.T,Stock
2023-03-31,3070.976318359375,949380107,2915523825718.4893,JR_Central,9022.T,Stock
2023-04-03,3123.42236328125,949380107,2965315057458.146,JR_Central,9022.T,Stock
2023-04-04,3143.817626953125,949380107,2984677915065.244,JR_Central,9022.T,Stock
2023-04-05,3110.79638671875,949380107,2953328206478.2603,JR_Central,9022.T,Stock
2023-04-06,3089.4296875,949380107,2933043087287.7266,JR_Central,9022.T,Stock
2023-04-07,3090.40087890625,949380107,2933965117088.9097,JR_Central,9022.T,Stock
2023-04-10,3109.824951171875,949380107,2952405944894.824,JR_Central,9022.T,Stock
2023-04-11,3120.508544921875,949380107,2962548736272.3438,JR_Central,9022.T,Stock
2023-04-12,3131.192138671875,949380107,2972691527649.8633,JR_Central,9022.T,Stock
2023-04-13,3125.364501953125,949380107,2967158885278.26,JR_Central,9022.T,Stock
2023-04-14,3106.9111328125,949380107,2949639623709.0225,JR_Central,9022.T,Stock
2023-04-17,3140.903564453125,949380107,2981911362097.1895,JR_Central,9022.T,Stock
2023-04-18,3176.83837890625,949380107,3016027160087.722,JR_Central,9022.T,Stock
2023-04-19,3203.0615234375,949380107,3040922891848.677,JR_Central,9022.T,Stock
2023-04-20,3197.234375,949380107,3035390713041.578,JR_Central,9022.T,Stock
2023-04-21,3187.522216796875,949380107,3026170183247.494,JR_Central,9022.T,Stock
2023-04-24,3237.053955078125,949380107,3073194630236.8438,JR_Central,9022.T,Stock
2023-04-25,3255.507080078125,949380107,3090713660023.828,JR_Central,9022.T,Stock
2023-04-26,3252.59326171875,949380107,3087947338838.026,JR_Central,9022.T,Stock
2023-04-27,3234.140380859375,949380107,3070428540833.294,JR_Central,9022.T,Stock
2023-04-28,3272.017578125,949380107,3106388398426.1934,JR_Central,9022.T,Stock
2023-05-01,3318.6357421875,949380107,3150646756011.993,JR_Central,9022.T,Stock
2023-05-02,3296.2978515625,949380107,3129439607020.2764,JR_Central,9022.T,Stock
2023-05-08,3286.58642578125,949380107,3120219772572.9507,JR_Central,9022.T,Stock
2023-05-09,3278.81640625,949380107,3112843070598.9805,JR_Central,9022.T,Stock
2023-05-10,3260.36328125,949380107,3095324040811.996,JR_Central,9022.T,Stock
2023-05-11,3245.795166015625,949380107,3081493362011.997,JR_Central,9022.T,Stock
2023-05-12,3302.12548828125,949380107,3134972249391.8804,JR_Central,9022.T,Stock
2023-05-15,3317.66455078125,949380107,3149724726210.81,JR_Central,9022.T,Stock
2023-05-16,3342.916259765625,949380107,3173698196388.329,JR_Central,9022.T,Stock
2023-05-17,3396.3330078125,949380107,3224410994364.663,JR_Central,9022.T,Stock
2023-05-18,3364.282958984375,949380107,3193983315578.8623,JR_Central,9022.T,Stock
2023-05-19,3308.924072265625,949380107,3141426689782.415,JR_Central,9022.T,Stock
2023-05-22,3366.225341796875,949380107,3195827375181.2285,JR_Central,9022.T,Stock
2023-05-23,3332.232666015625,949380107,3163555405010.8096,JR_Central,9022.T,Stock
2023-05-24,3248.70849609375,949380107,3084259219633.2935,JR_Central,9022.T,Stock
2023-05-25,3192.378173828125,949380107,3030780332253.41,JR_Central,9022.T,Stock
2023-05-26,3315.722412109375,949380107,3147880898390.6963,JR_Central,9022.T,Stock
2023-05-29,3302.12548828125,949380107,3134972249391.8804,JR_Central,9022.T,Stock
2023-05-30,3278.81640625,949380107,3112843070598.9805,JR_Central,9022.T,Stock
2023-05-31,3299.21142578125,949380107,3132205696423.8257,JR_Central,9022.T,Stock
2023-06-01,3295.326904296875,949380107,3128517809001.3457,JR_Central,9022.T,Stock
2023-06-02,3296.2978515625,949380107,3129439607020.2764,JR_Central,9022.T,Stock
2023-06-05,3340.9736328125,949380107,3171853905003.71,JR_Central,9022.T,Stock
2023-06-06,3370.110107421875,949380107,3199515494385.961,JR_Central,9022.T,Stock
2023-06-07,3346.801025390625,949380107,3177386315593.0615,JR_Central,9022.T,Stock
2023-06-08,3412.843505859375,949380107,3240085732767.0283,JR_Central,9022.T,Stock
2023-06-09,3404.102783203125,949380107,3231787464556.381,JR_Central,9022.T,Stock
2023-06-12,3414.7861328125,949380107,3241930024151.6475,JR_Central,9022.T,Stock
2023-06-13,3433.2392578125,949380107,3259449053938.632,JR_Central,9022.T,Stock
2023-06-14,3470.145263671875,949380107,3294486881730.3477,JR_Central,9022.T,Stock
2023-06-15,3441.008544921875,949380107,3266825060565.8438,JR_Central,9022.T,Stock
2023-06-16,3426.440673828125,949380107,3252994613548.0977,JR_Central,9022.T,Stock
2023-06-19,3427.412109375,949380107,3253916875131.533,JR_Central,9022.T,Stock
2023-06-20,3416.728759765625,949380107,3243774315536.2666,JR_Central,9022.T,Stock
2023-06-21,3471.11669921875,949380107,3295409143313.7837,JR_Central,9022.T,Stock
2023-06-22,3491.51171875,949380107,3314771769138.629,JR_Central,9022.T,Stock
2023-06-23,3507.05126953125,949380107,3329524709522.064,JR_Central,9022.T,Stock
2023-06-26,3477.914794921875,949380107,3301863120139.8125,JR_Central,9022.T,Stock
2023-06-27,3516.763427734375,949380107,3338745239316.1475,JR_Central,9022.T,Stock
2023-06-28,3562.41064453125,949380107,3382081798883.017,JR_Central,9022.T,Stock
2023-06-29,3539.1015625,949380107,3359952620090.117,JR_Central,9022.T,Stock
2023-06-30,3508.022705078125,949380107,3330446971105.5,JR_Central,9022.T,Stock
2023-07-03,3529.38916015625,949380107,3350731858513.781,JR_Central,9022.T,Stock
2023-07-04,3504.137939453125,949380107,3326758851900.7676,JR_Central,9022.T,Stock
2023-07-05,3467.231689453125,949380107,3291720792326.799,JR_Central,9022.T,Stock
2023-07-06,3441.97998046875,949380107,3267747322149.28,JR_Central,9022.T,Stock
2023-07-07,3443.92236328125,949380107,3269591381751.646,JR_Central,9022.T,Stock
2023-07-10,3417.69970703125,949380107,3244696113555.197,JR_Central,9022.T,Stock
2023-07-11,3399.24658203125,949380107,3227177083768.2124,JR_Central,9022.T,Stock
2023-07-12,3379.822509765625,949380107,3208736255962.298,JR_Central,9022.T,Stock
2023-07-13,3376.90869140625,949380107,3205969934776.4956,JR_Central,9022.T,Stock
2023-07-14,3337.089111328125,949380107,3168166017581.2305,JR_Central,9022.T,Stock
2023-07-18,3316.693359375,949380107,3148802696409.627,JR_Central,9022.T,Stock
2023-07-19,3371.081298828125,949380107,3200437524187.1445,JR_Central,9022.T,Stock
2023-07-20,3363.311767578125,949380107,3193061285777.6797,JR_Central,9022.T,Stock
2023-07-21,3398.27587890625,949380107,3226255517531.5347,JR_Central,9022.T,Stock
2023-07-24,3426.440673828125,949380107,3252994613548.0977,JR_Central,9022.T,Stock
2023-07-25,3447.807373046875,949380107,3273279732738.631,JR_Central,9022.T,Stock
2023-07-26,3461.404296875,949380107,3286188381737.4473,JR_Central,9022.T,Stock
2023-07-27,3477.914794921875,949380107,3301863120139.8125,JR_Central,9022.T,Stock
2023-07-28,3494.425537109375,949380107,3317538090324.4307,JR_Central,9022.T,Stock
2023-07-31,3522.5908203125,949380107,3344277649905.499,JR_Central,9022.T,Stock
2023-08-01,3551.72705078125,949380107,3371939007505.4976,JR_Central,9022.T,Stock
2023-08-02,3494.425537109375,949380107,3317538090324.4307,JR_Central,9022.T,Stock
2023-08-03,3427.412109375,949380107,3253916875131.533,JR_Central,9022.T,Stock
2023-08-04,3407.987548828125,949380107,3235475583761.1133,JR_Central,9022.T,Stock
2023-08-07,3421.58447265625,949380107,3248384232759.929,JR_Central,9022.T,Stock
2023-08-08,3449.749755859375,949380107,3275123792340.997,JR_Central,9022.T,Stock
2023-08-09,3471.11669921875,949380107,3295409143313.7837,JR_Central,9022.T,Stock
2023-08-10,3543.95751953125,949380107,3364562769096.0327,JR_Central,9022.T,Stock
2023-08-14,3523.5625,949380107,3345200143271.1875,JR_Central,9022.T,Stock
2023-08-15,3573.093994140625,949380107,3392224358478.284,JR_Central,9022.T,Stock
2023-08-16,3565.32421875,949380107,3384847888286.5664,JR_Central,9022.T,Stock
2023-08-17,3539.1015625,949380107,3359952620090.117,JR_Central,9022.T,Stock
2023-08-18,3492.48291015625,949380107,3315693798939.812,JR_Central,9022.T,Stock
2023-08-21,3501.224365234375,949380107,3323992762497.218,JR_Central,9022.T,Stock
2023-08-22,3488.59814453125,949380107,3312005679735.0796,JR_Central,9022.T,Stock
2023-08-23,3566.294921875,949380107,3385769454523.244,JR_Central,9022.T,Stock
2023-08-24,3547.842041015625,949380107,3368250656518.5127,JR_Central,9022.T,Stock
2023-08-25,3542.015380859375,949380107,3362718941275.919,JR_Central,9022.T,Stock
2023-08-28,3537.158935546875,949380107,3358108328705.498,JR_Central,9022.T,Stock
2023-08-29,3567.2666015625,949380107,3386691947888.9326,JR_Central,9022.T,Stock
2023-08-30,3564.353271484375,949380107,3383926090267.6357,JR_Central,9022.T,Stock
2023-08-31,3630.3955078125,949380107,3446625275659.3506,JR_Central,9022.T,Stock
2023-09-01,3636.22265625,949380107,3452157454466.449,JR_Central,9022.T,Stock
2023-09-04,3645.93505859375,949380107,3461378216042.7856,JR_Central,9022.T,Stock
2023-09-05,3658.560791015625,949380107,3473364835240.419,JR_Central,9022.T,Stock
2023-09-06,3640.10791015625,949380107,3455846037235.687,JR_Central,9022.T,Stock
2023-09-07,3695.467041015625,949380107,3508402894814.3877,JR_Central,9022.T,Stock
2023-09-08,3663.416748046875,949380107,3477974984246.334,JR_Central,9022.T,Stock
2023-09-11,3653.70458984375,949380107,3468754454452.2505,JR_Central,9022.T,Stock
2023-09-12,3693.5244140625,949380107,3506558603429.7686,JR_Central,9022.T,Stock
2023-09-13,3768.307861328125,949380107,3577556520596.6367,JR_Central,9022.T,Stock
2023-09-14,3778.019775390625,949380107,3586776818608.468,JR_Central,9022.T,Stock
2023-09-15,3783.84716796875,949380107,3592309229197.819,JR_Central,9022.T,Stock
2023-09-19,3773.163818359375,949380107,3582166669602.552,JR_Central,9022.T,Stock
2023-09-20,3771.221435546875,949380107,3580322610000.1855,JR_Central,9022.T,Stock
2023-09-21,3721.689208984375,949380107,3533297699446.331,JR_Central,9022.T,Stock
2023-09-22,3697.4091796875,949380107,3510246722634.501,JR_Central,9022.T,Stock
2023-09-25,3695.467041015625,949380107,3508402894814.3877,JR_Central,9022.T,Stock
2023-09-26,3675.0712890625,949380107,3489039573642.784,JR_Central,9022.T,Stock
2023-09-27,3670.215087890625,949380107,3484429192854.616,JR_Central,9022.T,Stock
2023-09-28,3586.38037109375,949380107,3404838180451.684,JR_Central,9022.T,Stock
2023-09-29,3543.48779296875,949380107,3364116820041.8657,JR_Central,9022.T,Stock
2023-10-02,3478.174560546875,949380107,3302109736456.67,JR_Central,9022.T,Stock
2023-10-03,3338.775146484375,949380107,3169766705818.2764,JR_Central,9022.T,Stock
2023-10-04,3257.864501953125,949380107,3092951749455.76,JR_Central,9022.T,Stock
2023-10-05,3308.555419921875,949380107,3141076698580.8594,JR_Central,9022.T,Stock
2023-10-06,3317.328857421875,949380107,3149406025613.367,JR_Central,9022.T,Stock
2023-10-10,3310.504638671875,949380107,3142927248086.301,JR_Central,9022.T,Stock
2023-10-11,3298.80712890625,949380107,3131821865013.3784,JR_Central,9022.T,Stock
2023-10-12,3289.05859375,949380107,3122566799663.6445,JR_Central,9022.T,Stock
2023-10-13,3244.217041015625,949380107,3079995121530.6377,JR_Central,9022.T,Stock
2023-10-16,3163.30615234375,949380107,3003179933385.8677,JR_Central,9022.T,Stock
2023-10-17,3173.0546875,949380107,3012434998735.6016,JR_Central,9022.T,Stock
2023-10-18,3269.56201171875,949380107,3104057132528.682,JR_Central,9022.T,Stock
2023-10-19,3272.486328125,949380107,3106833420351.3496,JR_Central,9022.T,Stock
2023-10-20,3251.040283203125,949380107,3086472971928.6934,JR_Central,9022.T,Stock
2023-10-23,3223.745361328125,949380107,3060559716078.449,JR_Central,9022.T,Stock
2023-10-24,3260.78857421875,949380107,3095727805496.1743,JR_Central,9022.T,Stock
2023-10-25,3250.065673828125,949380107,3085547697175.9727,JR_Central,9022.T,Stock
2023-10-26,3252.990234375,949380107,3088324216780.8926,JR_Central,9022.T,Stock
2023-10-27,3306.605712890625,949380107,3139225685510.913,JR_Central,9022.T,Stock
2023-10-30,3261.763671875,949380107,3096653543813.4004,JR_Central,9022.T,Stock
2023-10-31,3310.504638671875,949380107,3142927248086.301,JR_Central,9022.T,Stock
2023-11-01,3384.591552734375,949380107,3213263890486.257,JR_Central,9022.T,Stock
2023-11-02,3402.138427734375,949380107,3229922544551.2725,JR_Central,9022.T,Stock
2023-11-06,3379.717529296875,949380107,3208636589593.6426,JR_Central,9022.T,Stock
2023-11-07,3316.35400390625,949380107,3148480519078.394,JR_Central,9022.T,Stock
2023-11-08,3257.864501953125,949380107,3092951749455.76,JR_Central,9022.T,Stock
2023-11-09,3302.705810546875,949380107,3135523195806.5137,JR_Central,9022.T,Stock
2023-11-10,3356.32177734375,949380107,3186425128101.0396,JR_Central,9022.T,Stock
2023-11-13,3373.8681640625,949380107,3203083318601.55,JR_Central,9022.T,Stock
2023-11-14,3420.659912109375,949380107,3247506473369.009,JR_Central,9022.T,Stock
2023-11-15,3423.584228515625,949380107,3250282761191.677,JR_Central,9022.T,Stock
2023-11-16,3405.06298828125,949380107,3232699064156.193,JR_Central,9022.T,Stock
2023-11-17,3468.4267578125,949380107,3292855366453.6943,JR_Central,9022.T,Stock
2023-11-20,3425.533935546875,949380107,3252133774261.623,JR_Central,9022.T,Stock
2023-11-21,3468.4267578125,949380107,3292855366453.6943,JR_Central,9022.T,Stock
2023-11-22,3476.225341796875,949380107,3300259186951.2285,JR_Central,9022.T,Stock
2023-11-24,3443.080810546875,949380107,3268792428326.6387,JR_Central,9022.T,Stock
2023-11-27,3410.911865234375,949380107,3238251871583.7803,JR_Central,9022.T,Stock
2023-11-28,3411.88671875,949380107,3239177378118.754,JR_Central,9022.T,Stock
2023-11-29,3382.641845703125,949380107,3211412877416.3105,JR_Central,9022.T,Stock
2023-11-30,3460.6279296875,949380107,3285451314173.907,JR_Central,9022.T,Stock
2023-12-01,3437.232177734375,949380107,3263239852681.3037,JR_Central,9022.T,Stock
2023-12-04,3411.88671875,949380107,3239177378118.754,JR_Central,9022.T,Stock
2023-12-05,3446.980224609375,949380107,3272494454466.532,JR_Central,9022.T,Stock
2023-12-06,3477.199951171875,949380107,3301184461703.949,JR_Central,9022.T,Stock
2023-12-07,3489.87255859375,949380107,3313215583094.098,JR_Central,9022.T,Stock
2023-12-08,3489.87255859375,949380107,3313215583094.098,JR_Central,9022.T,Stock
2023-12-11,3534.714111328125,949380107,3355787261227.1055,JR_Central,9022.T,Stock
2023-12-12,3528.865478515625,949380107,3350234685581.7705,JR_Central,9022.T,Stock
2023-12-13,3570.782958984375,949380107,3390030307674.3623,JR_Central,9022.T,Stock
2023-12-14,3613.675048828125,949380107,3430751204519.676,JR_Central,9022.T,Stock
2023-12-15,3578.581787109375,949380107,3397434359954.1494,JR_Central,9022.T,Stock
2023-12-18,3538.614013671875,949380107,3359489750931.504,JR_Central,9022.T,Stock
2023-12-19,3451.8544921875,949380107,3277121987141.3994,JR_Central,9022.T,Stock
2023-12-20,3454.77880859375,949380107,3279898274964.067,JR_Central,9022.T,Stock
2023-12-21,3467.451416015625,949380107,3291929396354.216,JR_Central,9022.T,Stock
2023-12-22,3484.99853515625,949380107,3308588282201.484,JR_Central,9022.T,Stock
2023-12-25,3487.9228515625,949380107,3311364570024.1514,JR_Central,9022.T,Stock
2023-12-26,3459.653076171875,949380107,3284525807638.9336,JR_Central,9022.T,Stock
2023-12-27,3489.87255859375,949380107,3313215583094.098,JR_Central,9022.T,Stock
2023-12-28,3484.023681640625,949380107,3307662775666.5107,JR_Central,9022.T,Stock
2023-12-29,3493.771728515625,949380107,3316917377451.7393,JR_Central,9022.T,Stock
2024-01-04,3548.362060546875,949380107,3368744352716.7324,JR_Central,9022.T,Stock
2024-01-05,3586.38037109375,949380107,3404838180451.684,JR_Central,9022.T,Stock
2024-01-09,3593.203857421875,949380107,3411316262631.992,JR_Central,9022.T,Stock
2024-01-10,3620.499267578125,949380107,3437229982046.742,JR_Central,9022.T,Stock
2024-01-11,3639.995849609375,949380107,3455739649181.704,JR_Central,9022.T,Stock
2024-01-12,3639.020751953125,949380107,3454813910864.4785,JR_Central,9022.T,Stock
2024-01-15,3632.197021484375,949380107,3448335596901.917,JR_Central,9022.T,Stock
2024-01-16,3649.743896484375,949380107,3464994250966.9326,JR_Central,9022.T,Stock
2024-01-17,3625.373291015625,949380107,3441857282939.3564,JR_Central,9022.T,Stock
2024-01-18,3553.236083984375,949380107,3373371653609.3467,JR_Central,9022.T,Stock
2024-01-19,3538.614013671875,949380107,3359489750931.504,JR_Central,9022.T,Stock
2024-01-22,3620.499267578125,949380107,3437229982046.742,JR_Central,9022.T,Stock
2024-01-23,3571.757568359375,949380107,3390955582427.083,JR_Central,9022.T,Stock
2024-01-24,3530.8154296875,949380107,3352085930433.9697,JR_Central,9022.T,Stock
2024-01-25,3552.261474609375,949380107,3372446378856.626,JR_Central,9022.T,Stock
2024-01-26,3524.96630859375,949380107,3346532891224.1294,JR_Central,9022.T,Stock
2024-01-29,3558.1103515625,949380107,3377999186284.214,JR_Central,9022.T,Stock
2024-01-30,3569.80859375,949380107,3389105264703.8945,JR_Central,9022.T,Stock
2024-01-31,3600.02783203125,949380107,3417794808376.806,JR_Central,9022.T,Stock
2024-02-01,3562.984375,949380107,3382626487176.828,JR_Central,9022.T,Stock
2024-02-02,3629.272216796875,949380107,3445558845514.744,JR_Central,9022.T,Stock
2024-02-05,3622.44873046875,949380107,3439080763334.436,JR_Central,9022.T,Stock
2024-02-06,3641.945068359375,949380107,3457590198687.1455,JR_Central,9022.T,Stock
2024-02-07,3677.038818359375,949380107,3490907506817.177,JR_Central,9022.T,Stock
2024-02-08,3663.39111328125,949380107,3477950647109.8022,JR_Central,9022.T,Stock
2024-02-09,3619.524658203125,949380107,3436304707294.0215,JR_Central,9022.T,Stock
2024-02-13,3658.517578125,949380107,3473323809781.6934,JR_Central,9022.T,Stock
2024-02-14,3616.60009765625,949380107,3433528187689.101,JR_Central,9022.T,Stock
2024-02-15,3577.60693359375,949380107,3396508853419.1763,JR_Central,9022.T,Stock
2024-02-16,3640.970458984375,949380107,3456664923934.425,JR_Central,9022.T,Stock
2024-02-19,3690.6865234375,949380107,3503864366524.552,JR_Central,9022.T,Stock
2024-02-20,3659.492431640625,949380107,3474249316316.667,JR_Central,9022.T,Stock
2024-02-21,3679.96337890625,949380107,3493684026422.097,JR_Central,9022.T,Stock
2024-02-22,3707.25830078125,949380107,3519597282272.3413,JR_Central,9022.T,Stock
2024-02-26,3728.704833984375,949380107,3539958194259.503,JR_Central,9022.T,Stock
2024-02-27,3683.86279296875,949380107,3497386052561.9907,JR_Central,9022.T,Stock
2024-02-28,3666.31591796875,949380107,3480727398496.975,JR_Central,9022.T,Stock
2024-02-29,3674.114501953125,949380107,3488131218994.51,JR_Central,9022.T,Stock
2024-03-01,3672.16455078125,949380107,3486279974142.31,JR_Central,9022.T,Stock
2024-03-04,3640.970458984375,949380107,3456664923934.425,JR_Central,9022.T,Stock
2024-03-05,3698.4853515625,949380107,3511268418804.339,JR_Central,9022.T,Stock
2024-03-06,3699.4599609375,949380107,3512193693557.0596,JR_Central,9022.T,Stock
2024-03-07,3763.798095703125,949380107,3573275038825.0293,JR_Central,9022.T,Stock
2024-03-08,3719.931396484375,949380107,3531628867226.995,JR_Central,9022.T,Stock
2024-03-11,3719.931396484375,949380107,3531628867226.995,JR_Central,9022.T,Stock
2024-03-12,3706.28369140625,949380107,3518672007519.6206,JR_Central,9022.T,Stock
2024-03-13,3730.654296875,949380107,3541808975547.1973,JR_Central,9022.T,Stock
2024-03-14,3783.294677734375,949380107,3591784705959.991,JR_Central,9022.T,Stock
2024-03-15,3809.615234375,949380107,3616772918839.7676,JR_Central,9022.T,Stock
2024-03-18,3851.532958984375,949380107,3656568772714.6123,JR_Central,9022.T,Stock
2024-03-19,3896.37451171875,949380107,3699140450847.6196,JR_Central,9022.T,Stock
2024-03-21,3861.28076171875,949380107,3665823142717.5884,JR_Central,9022.T,Stock
2024-03-22,3892.47509765625,949380107,3695438424707.726,JR_Central,9022.T,Stock
2024-03-25,3879.802490234375,949380107,3683407303317.577,JR_Central,9022.T,Stock
2024-03-26,3833.0107421875,949380107,3638984148550.118,JR_Central,9022.T,Stock
2024-03-27,3833.0107421875,949380107,3638984148550.118,JR_Central,9022.T,Stock
2024-03-28,3671.549072265625,949380107,3485695651083.29,JR_Central,9022.T,Stock
2024-03-29,3661.76318359375,949380107,3476405123048.895,JR_Central,9022.T,Stock
2024-04-01,3605.9853515625,949380107,3423450758906.839,JR_Central,9022.T,Stock
2024-04-02,3555.1005859375,949380107,3375141774673.1064,JR_Central,9022.T,Stock
2024-04-03,3642.19189453125,949380107,3457824530544.611,JR_Central,9022.T,Stock
2024-04-04,3610.87841796875,949380107,3428096138815.1626,JR_Central,9022.T,Stock
2024-04-05,3594.242919921875,949380107,3412302727899.422,JR_Central,9022.T,Stock
2024-04-08,3595.22119140625,949380107,3413231479385.933,JR_Central,9022.T,Stock
2024-04-09,3591.30712890625,949380107,3409515546310.8784,JR_Central,9022.T,Stock
2024-04-10,3556.0791015625,949380107,3376070757941.87,JR_Central,9022.T,Stock
2024-04-11,3533.572509765625,949380107,3354703447413.548,JR_Central,9022.T,Stock
2024-04-12,3542.37939453125,949380107,3363064528614.6733,JR_Central,9022.T,Stock
2024-04-15,3598.156982421875,949380107,3416018660974.4766,JR_Central,9022.T,Stock
2024-04-16,3542.37939453125,949380107,3363064528614.6733,JR_Central,9022.T,Stock
2024-04-17,3491.494384765625,949380107,3314755312598.6885,JR_Central,9022.T,Stock
2024-04-18,3508.1298828125,949380107,3330548723514.4287,JR_Central,9022.T,Stock
2024-04-19,3479.751708984375,949380107,3303607049809.0186,JR_Central,9022.T,Stock
2024-04-22,3579.564453125,949380107,3398367283521.209,JR_Central,9022.T,Stock
2024-04-23,3574.671875,949380107,3393722367177.3906,JR_Central,9022.T,Stock
2024-04-24,3576.628662109375,949380107,3395580101932.665,JR_Central,9022.T,Stock
2024-04-25,3512.044189453125,949380107,3334264888371.7363,JR_Central,9022.T,Stock
2024-04-26,3489.537109375,949380107,3312897114278.908,JR_Central,9022.T,Stock
2024-04-30,3539.443603515625,949380107,3360277347026.13,JR_Central,9022.T,Stock
2024-05-01,3516.936767578125,949380107,3338909804715.5547,JR_Central,9022.T,Stock
2024-05-02,3541.400634765625,949380107,3362135313563.657,JR_Central,9022.T,Stock
2024-05-07,3457.24462890625,949380107,3282239275716.191,JR_Central,9022.T,Stock
2024-05-08,3360.3671875,949380107,3190265760028.039,JR_Central,9022.T,Stock
2024-05-09,3356.453369140625,949380107,3186550058735.2373,JR_Central,9022.T,Stock
2024-05-10,3367.217529296875,949380107,3196769338256.1426,JR_Central,9022.T,Stock
2024-05-13,3383.852783203125,949380107,3212562517389.631,JR_Central,9022.T,Stock
2024-05-14,3414.1884765625,949380107,3241362621197.073,JR_Central,9022.T,Stock
2024-05-15,3384.83154296875,949380107,3213491732440.647,JR_Central,9022.T,Stock
2024-05-16,3365.260009765625,949380107,3194910908154.1104,JR_Central,9022.T,Stock
2024-05-17,3391.68115234375,949380107,3219994615321.9927,JR_Central,9022.T,Stock
2024-05-20,3416.1455078125,949380107,3243220587734.6006,JR_Central,9022.T,Stock
2024-05-21,3415.166748046875,949380107,3242291372683.584,JR_Central,9022.T,Stock
2024-05-22,3411.252685546875,949380107,3238575439608.5293,JR_Central,9022.T,Stock
2024-05-23,3427.887939453125,949380107,3254368618742.0176,JR_Central,9022.T,Stock
2024-05-24,3440.609130859375,949380107,3266445864800.45,JR_Central,9022.T,Stock
2024-05-27,3481.708740234375,949380107,3305465016346.546,JR_Central,9022.T,Stock
2024-05-28,3467.0302734375,949380107,3291529571968.333,JR_Central,9022.T,Stock
2024-05-29,3371.131591796875,949380107,3200485271331.1973,JR_Central,9022.T,Stock
2024-05-30,3360.3671875,949380107,3190265760028.039,JR_Central,9022.T,Stock
2024-05-31,3435.71630859375,949380107,3261800716674.3794,JR_Central,9022.T,Stock
2024-06-03,3418.1025390625,949380107,3245078554272.128,JR_Central,9022.T,Stock
2024-06-04,3422.9951171875,949380107,3249723470615.9463,JR_Central,9022.T,Stock
2024-06-05,3415.166748046875,949380107,3242291372683.584,JR_Central,9022.T,Stock
2024-06-06,3401.467041015625,949380107,3229285143356.3877,JR_Central,9022.T,Stock
2024-06-07,3396.573974609375,949380107,3224639763448.0635,JR_Central,9022.T,Stock
2024-06-10,3441.587890625,949380107,3267375079851.467,JR_Central,9022.T,Stock
2024-06-11,3391.68115234375,949380107,3219994615321.9927,JR_Central,9022.T,Stock
2024-06-12,3344.710693359375,949380107,3175401795945.5674,JR_Central,9022.T,Stock
2024-06-13,3269.361328125,949380107,3103866607516.9746,JR_Central,9022.T,Stock
2024-06-14,3267.40478515625,949380107,3102009104543.9526,JR_Central,9022.T,Stock
2024-06-17,3218.476806640625,949380107,3055557855065.495,JR_Central,9022.T,Stock
2024-06-18,3222.390869140625,949380107,3059273788140.55,JR_Central,9022.T,Stock
2024-06-19,3213.583984375,949380107,3050912706939.424,JR_Central,9022.T,Stock
2024-06-20,3197.927001953125,949380107,3036048279292.4473,JR_Central,9022.T,Stock
2024-06-21,3226.30517578125,949380107,3062989952997.857,JR_Central,9022.T,Stock
2024-06-24,3277.190185546875,949380107,3111299169013.842,JR_Central,9022.T,Stock
2024-06-25,3357.431640625,949380107,3187478810221.748,JR_Central,9022.T,Stock
2024-06-26,3361.34619140625,949380107,3191195206861.308,JR_Central,9022.T,Stock
2024-06-27,3356.453369140625,949380107,3186550058735.2373,JR_Central,9022.T,Stock
2024-06-28,3398.531494140625,949380107,3226498193550.0967,JR_Central,9022.T,Stock
2024-07-01,3356.453369140625,949380107,3186550058735.2373,JR_Central,9022.T,Stock
2024-07-02,3390.702880859375,949380107,3219065863835.4814,JR_Central,9022.T,Stock
2024-07-03,3404.402587890625,949380107,3232072093162.6787,JR_Central,9022.T,Stock
2024-07-04,3433.759521484375,949380107,3259942981919.1045,JR_Central,9022.T,Stock
2024-07-05,3421.038330078125,949380107,3247865735860.672,JR_Central,9022.T,Stock
2024-07-08,3390.702880859375,949380107,3219065863835.4814,JR_Central,9022.T,Stock
2024-07-09,3400.488525390625,949380107,3228356160087.624,JR_Central,9022.T,Stock
2024-07-10,3423.973876953125,949380107,3250652685666.963,JR_Central,9022.T,Stock
2024-07-11,3451.37353515625,949380107,3276665376103.609,JR_Central,9022.T,Stock
2024-07-12,3454.308837890625,949380107,3279452094127.6475,JR_Central,9022.T,Stock
2024-07-16,3437.67333984375,949380107,3263658683211.9067,JR_Central,9022.T,Stock
2024-07-17,3475.83740234375,949380107,3299890884951.7114,JR_Central,9022.T,Stock
2024-07-18,3435.71630859375,949380107,3261800716674.3794,JR_Central,9022.T,Stock
2024-07-19,3410.27392578125,949380107,3237646224557.513,JR_Central,9022.T,Stock
2024-07-22,3432.78076171875,949380107,3259013766868.0884,JR_Central,9022.T,Stock
2024-07-23,3422.016357421875,949380107,3248794255564.9297,JR_Central,9022.T,Stock
2024-07-24,3354.49658203125,949380107,3184692323979.9624,JR_Central,9022.T,Stock
2024-07-25,3366.23876953125,949380107,3195840123205.1265,JR_Central,9022.T,Stock
2024-07-26,3335.90380859375,949380107,3167040714744.442,JR_Central,9022.T,Stock
2024-07-29,3422.9951171875,949380107,3249723470615.9463,JR_Central,9022.T,Stock
2024-07-30,3411.252685546875,949380107,3238575439608.5293,JR_Central,9022.T,Stock
2024-07-31,3468.9873046875,949380107,3293387538505.8604,JR_Central,9022.T,Stock
2024-08-01,3338.839599609375,949380107,3169827896332.9854,JR_Central,9022.T,Stock
2024-08-02,3227.28369140625,949380107,3063918936266.6206,JR_Central,9022.T,Stock
2024-08-05,2936.65185546875,949380107,2787998852766.6704,JR_Central,9022.T,Stock
2024-08-06,3156.827392578125,949380107,2997029127746.3516,JR_Central,9022.T,Stock
2024-08-07,3166.613037109375,949380107,3006319423998.493,JR_Central,9022.T,Stock
2024-08-08,3210.6484375,949380107,3048125757133.133,JR_Central,9022.T,Stock
2024-08-09,3143.127685546875,949380107,2984022898419.1543,JR_Central,9022.T,Stock
2024-08-13,3142.1494140625,949380107,2983094146932.6436,JR_Central,9022.T,Stock
2024-08-14,3179.33447265625,949380107,3018396901839.179,JR_Central,9022.T,Stock
2024-08-15,3181.291015625,949380107,3020254404812.201,JR_Central,9022.T,Stock
2024-08-16,3217.498046875,949380107,3054628640014.4785,JR_Central,9022.T,Stock
2024-08-19,3199.8837890625,949380107,3037906014047.7217,JR_Central,9022.T,Stock
2024-08-20,3264.46875,949380107,3099221691173.1562,JR_Central,9022.T,Stock
2024-08-21,3242.940673828125,949380107,3078783363913.5977,JR_Central,9022.T,Stock
2024-08-22,3247.833251953125,949380107,3083428280257.416,JR_Central,9022.T,Stock
2024-08-23,3273.27587890625,949380107,3107583004156.5347,JR_Central,9022.T,Stock
2024-08-26,3326.1181640625,949380107,3157750418492.3,JR_Central,9022.T,Stock
2024-08-27,3326.1181640625,949380107,3157750418492.3,JR_Central,9022.T,Stock
2024-08-28,3309.482421875,949380107,3141956775794.3066,JR_Central,9022.T,Stock
2024-08-29,3276.211669921875,949380107,3110370185745.078,JR_Central,9022.T,Stock
2024-08-30,3307.525634765625,949380107,3140099041039.032,JR_Central,9022.T,Stock
2024-09-02,3238.047607421875,949380107,3074137984005.2734,JR_Central,9022.T,Stock
2024-09-03,3299.697021484375,949380107,3132666711324.417,JR_Central,9022.T,Stock
2024-09-04,3268.383056640625,949380107,3102937856030.464,JR_Central,9022.T,Stock
2024-09-05,3307.525634765625,949380107,3140099041039.032,JR_Central,9022.T,Stock
2024-09-06,3265.447509765625,949380107,3100150906224.173,JR_Central,9022.T,Stock
2024-09-09,3239.0263671875,949380107,3075067199056.29,JR_Central,9022.T,Stock
2024-09-10,3304.58984375,949380107,3137311859450.4883,JR_Central,9022.T,Stock
2024-09-11,3204.77685546875,949380107,3042551393956.0454,JR_Central,9022.T,Stock
2024-09-12,3268.383056640625,949380107,3102937856030.464,JR_Central,9022.T,Stock
2024-09-13,3241.96240234375,949380107,3077854612427.0864,JR_Central,9022.T,Stock
2024-09-17,3269.361328125,949380107,3103866607516.9746,JR_Central,9022.T,Stock
2024-09-18,3200.862548828125,949380107,3038835229098.7383,JR_Central,9022.T,Stock
2024-09-19,3228.261962890625,949380107,3064847687753.132,JR_Central,9022.T,Stock
2024-09-20,3229.240966796875,949380107,3065777134586.4004,JR_Central,9022.T,Stock
2024-09-24,3189.119873046875,949380107,3027686966309.0684,JR_Central,9022.T,Stock
2024-09-25,3229.240966796875,949380107,3065777134586.4004,JR_Central,9022.T,Stock
2024-09-26,3248.81201171875,949380107,3084357495308.432,JR_Central,9022.T,Stock
2024-09-27,3320.571044921875,949380107,3152484093929.0312,JR_Central,9022.T,Stock
2024-09-30,3260.608154296875,949380107,3095556518411.4395,JR_Central,9022.T,Stock
2024-10-01,3223.254150390625,949380107,3060093370186.046,JR_Central,9022.T,Stock
2024-10-02,3156.410400390625,949380107,2996633243658.7646,JR_Central,9022.T,Stock
2024-10-03,3243.897216796875,949380107,3079691486779.619,JR_Central,9022.T,Stock
2024-10-04,3252.743896484375,949380107,3088090348487.9326,JR_Central,9022.T,Stock
2024-10-07,3276.3359375,949380107,3110488162911.6953,JR_Central,9022.T,Stock
2024-10-08,3253.72705078125,949380107,3089023735619.4976,JR_Central,9022.T,Stock
2024-10-09,3244.88037109375,949380107,3080624873911.184,JR_Central,9022.T,Stock
2024-10-10,3247.828857421875,949380107,3083424108176.867,JR_Central,9022.T,Stock
2024-10-11,3204.5771484375,949380107,3042361796073.3486,JR_Central,9022.T,Stock
2024-10-15,3237.01611328125,949380107,3073158703987.6772,JR_Central,9022.T,Stock
2024-10-16,3192.78125,949380107,3031163004752.5938,JR_Central,9022.T,Stock
2024-10-17,3192.78125,949380107,3031163004752.5938,JR_Central,9022.T,Stock
2024-10-18,3145.59716796875,949380107,2986367375905.069,JR_Central,9022.T,Stock
2024-10-21,3133.801025390625,949380107,2975168352802.0615,JR_Central,9022.T,Stock
2024-10-22,3090.54931640625,949380107,2934106040698.5425,JR_Central,9022.T,Stock
2024-10-23,3073.838134765625,949380107,2918240777284.4697,JR_Central,9022.T,Stock
2024-10-24,3033.535400390625,949380107,2879978163011.1396,JR_Central,9022.T,Stock
2024-10-25,3014.8583984375,949380107,2862246588898.4424,JR_Central,9022.T,Stock
2024-10-28,3069.90625,949380107,2914507924104.9688,JR_Central,9022.T,Stock
2024-10-29,3124.954345703125,949380107,2966769491093.748,JR_Central,9022.T,Stock
2024-10-30,3096.447265625,949380107,2939705436358.92,JR_Central,9022.T,Stock
2024-10-31,3133.801025390625,949380107,2975168352802.0615,JR_Central,9022.T,Stock
2024-11-01,3120.0390625,949380107,2962103019000.4297,JR_Central,9022.T,Stock
2024-11-05,3133.801025390625,949380107,2975168352802.0615,JR_Central,9022.T,Stock
2024-11-06,3135.76708984375,949380107,2977034895282.938,JR_Central,9022.T,Stock
2024-11-07,3147.563232421875,949380107,2988233918385.9453,JR_Central,9022.T,Stock
2024-11-08,3152.47802734375,949380107,2992899926914.7583,JR_Central,9022.T,Stock
2024-11-11,3138.7158203125,949380107,2979834361330.874,JR_Central,9022.T,Stock
2024-11-12,3128.88623046875,949380107,2970502344273.2485,JR_Central,9022.T,Stock
2024-11-13,3101.362060546875,949380107,2944371444887.7324,JR_Central,9022.T,Stock
2024-11-14,3111.192138671875,949380107,2953703925509.8633,JR_Central,9022.T,Stock
2024-11-15,3106.277099609375,949380107,2949037685198.798,JR_Central,9022.T,Stock
2024-11-18,3117.09033203125,949380107,2959303552952.4937,JR_Central,9022.T,Stock
2024-11-19,3176.070068359375,949380107,3015297741338.5205,JR_Central,9022.T,Stock
2024-11-20,3122.00537109375,949380107,2963969793263.559,JR_Central,9022.T,Stock
2024-11-21,3041.3994140625,949380107,2887444101152.3936,JR_Central,9022.T,Stock
2024-11-22,3051.22900390625,949380107,2896776118210.019,JR_Central,9022.T,Stock
2024-11-25,3076.787109375,949380107,2921040475114.658,JR_Central,9022.T,Stock
2024-11-26,3080.71923828125,949380107,2924773560076.4116,JR_Central,9022.T,Stock
2024-11-27,3038.4501953125,949380107,2884644171539.952,JR_Central,9022.T,Stock
2024-11-28,3057.127197265625,949380107,2902375745652.6494,JR_Central,9022.T,Stock
2024-11-29,3034.518310546875,949380107,2880911318360.451,JR_Central,9022.T,Stock
2024-12-02,3046.314453125,949380107,2892110341463.459,JR_Central,9022.T,Stock
2024-12-03,3057.127197265625,949380107,2902375745652.6494,JR_Central,9022.T,Stock
2024-12-04,3023.705078125,949380107,2870645450606.756,JR_Central,9022.T,Stock
2024-12-05,2984.385498046875,949380107,2833316223464.99,JR_Central,9022.T,Stock
2024-12-06,2980.453125,949380107,2829582906720.9844,JR_Central,9022.T,Stock
2024-12-09,2956.861083984375,949380107,2807185092297.2217,JR_Central,9022.T,Stock
2024-12-10,2938.67578125,949380107,2789920327641.4336,JR_Central,9022.T,Stock
2024-12-11,2925.896728515625,949380107,2777788149189.1143,JR_Central,9022.T,Stock
2024-12-12,2945.065185546875,949380107,2795986300976.467,JR_Central,9022.T,Stock
2024-12-13,2895.91552734375,949380107,2749324593212.571,JR_Central,9022.T,Stock
2024-12-16,2857.578369140625,949380107,2712928057855.6123,JR_Central,9022.T,Stock
2024-12-17,2846.765380859375,949380107,2702662421884.169,JR_Central,9022.T,Stock
2024-12-18,2833.494873046875,949380107,2690063665757.1934,JR_Central,9022.T,Stock
2024-12-19,2814.326416015625,949380107,2671865513969.841,JR_Central,9022.T,Stock
2024-12-20,2815.309326171875,949380107,2672798669319.1523,JR_Central,9022.T,Stock
2024-12-23,2835.952392578125,949380107,2692396785912.7266,JR_Central,9022.T,Stock
2024-12-24,2836.935302734375,949380107,2693329941262.038,JR_Central,9022.T,Stock
2024-12-25,2834.96923828125,949380107,2691463398781.1616,JR_Central,9022.T,Stock
2024-12-26,2880.1875,949380107,2734392716930.0625,JR_Central,9022.T,Stock
2024-12-27,2915.5751953125,949380107,2767989090892.327,JR_Central,9022.T,Stock
2024-12-30,2914.592529296875,949380107,2767056167325.2676,JR_Central,9022.T,Stock
2025-01-06,2879.204345703125,949380107,2733459329798.498,JR_Central,9022.T,Stock
2025-01-07,2886.5771484375,949380107,2740458922047.3486,JR_Central,9022.T,Stock
2025-01-08,2856.595458984375,949380107,2711994902506.3,JR_Central,9022.T,Stock
2025-01-09,2802.038818359375,949380107,2660199913192.177,JR_Central,9022.T,Stock
2025-01-10,2773.53173828125,949380107,2633135858457.349,JR_Central,9022.T,Stock
2025-01-14,2744.042236328125,949380107,2605139111937.715,JR_Central,9022.T,Stock
2025-01-15,2752.888916015625,949380107,2613537973646.0283,JR_Central,9022.T,Stock
2025-01-16,2717.992431640625,949380107,2580407945576.167,JR_Central,9022.T,Stock
2025-01-17,2730.771484375,949380107,2592540124028.4863,JR_Central,9022.T,Stock
2025-01-20,2723.890625,949380107,2586007573018.797,JR_Central,9022.T,Stock
2025-01-21,2747.973876953125,949380107,2608871733334.963,JR_Central,9022.T,Stock
2025-01-22,2740.601318359375,949380107,2601872372868.3643,JR_Central,9022.T,Stock
2025-01-23,2743.058837890625,949380107,2604205493023.8975,JR_Central,9022.T,Stock
2025-01-24,2748.95703125,949380107,2609805120466.5273,JR_Central,9022.T,Stock
2025-01-27,2808.42822265625,949380107,2666265886527.2104,JR_Central,9022.T,Stock
2025-01-28,2843.32470703125,949380107,2699395914597.072,JR_Central,9022.T,Stock
2025-01-29,2831.03759765625,949380107,2687730777383.9136,JR_Central,9022.T,Stock
2025-01-30,2860.035888671875,949380107,2715261178011.1445,JR_Central,9022.T,Stock
2025-01-31,2839.88427734375,949380107,2696129639092.227,JR_Central,9022.T,Stock
2025-02-03,2833.986328125,949380107,2690530243431.8496,JR_Central,9022.T,Stock
2025-02-04,2741.093017578125,949380107,2602339182325.2734,JR_Central,9022.T,Stock
2025-02-05,2716.51806640625,949380107,2579008212552.1987,JR_Central,9022.T,Stock
2025-02-06,2765.17626953125,949380107,2625203342641.439,JR_Central,9022.T,Stock
2025-02-07,2733.720458984375,949380107,2595339821858.675,JR_Central,9022.T,Stock
2025-02-10,2715.534912109375,949380107,2578074825420.634,JR_Central,9022.T,Stock
2025-02-12,2746.008056640625,949380107,2607005422636.339,JR_Central,9022.T,Stock
2025-02-13,2783.36181640625,949380107,2642468339079.48,JR_Central,9022.T,Stock
2025-02-14,2767.634033203125,949380107,2627536694579.2246,JR_Central,9022.T,Stock
2025-02-17,2753.8720703125,949380107,2614471360777.593,JR_Central,9022.T,Stock
2025-02-18,2807.93701171875,949380107,2665799540634.807,JR_Central,9022.T,Stock
2025-02-19,2800.07275390625,949380107,2658333370711.3003,JR_Central,9022.T,Stock
2025-02-20,2835.4609375,949380107,2691930208238.0703,JR_Central,9022.T,Stock
2025-02-21,2827.105224609375,949380107,2683997460639.907,JR_Central,9022.T,Stock
2025-02-25,2880.1875,949380107,2734392716930.0625,JR_Central,9022.T,Stock
2025-02-26,2926.8798828125,949380107,2778721536320.6787,JR_Central,9022.T,Stock
2025-02-27,2934.25244140625,949380107,2785720896787.277,JR_Central,9022.T,Stock
2025-02-28,2912.135009765625,949380107,2764723047169.7354,JR_Central,9022.T,Stock
2025-03-03,2958.82763671875,949380107,2809052098342.604,JR_Central,9022.T,Stock
2025-03-04,2974.55517578125,949380107,2823983511060.607,JR_Central,9022.T,Stock
2025-03-05,2975.5380859375,949380107,2824916666409.919,JR_Central,9022.T,Stock
2025-03-06,2969.64013671875,949380107,2819317270749.5415,JR_Central,9022.T,Stock
2025-03-07,2977.50439453125,949380107,2826783440673.0483,JR_Central,9022.T,Stock
2025-03-10,3013.875,949380107,2861312969984.625,JR_Central,9022.T,Stock
2025-03-11,3011.9091796875,949380107,2859446659286.001,JR_Central,9022.T,Stock
2025-03-12,3000.11328125,949380107,2848247867965.246,JR_Central,9022.T,Stock
2025-03-13,3014.8583984375,949380107,2862246588898.4424,JR_Central,9022.T,Stock
2025-03-14,2957.844482421875,949380107,2808118711211.039,JR_Central,9022.T,Stock
2025-03-17,2981.436279296875,949380107,2830516293852.549,JR_Central,9022.T,Stock
2025-03-18,2985.367919921875,949380107,2834248915249.797,JR_Central,9022.T,Stock
2025-03-19,3000.11328125,949380107,2848247867965.246,JR_Central,9022.T,Stock
2025-03-21,2922.456298828125,949380107,2774521873684.2695,JR_Central,9022.T,Stock
2025-03-24,2902.304931640625,949380107,2755390566547.6045,JR_Central,9022.T,Stock
2025-03-25,2921.96484375,949380107,2774055296009.6133,JR_Central,9022.T,Stock
2025-03-26,2929.828857421875,949380107,2781521234150.867,JR_Central,9022.T,Stock
2025-03-27,2957.844482421875,949380107,2808118711211.039,JR_Central,9022.T,Stock
2025-03-28,2932.149658203125,949380107,2783724556244.8965,JR_Central,9022.T,Stock
2025-03-31,2820.47705078125,949380107,2677704804261.7476,JR_Central,9022.T,Stock
2025-04-01,2851.607177734375,949380107,2707259127519.4287,JR_Central,9022.T,Stock
2025-04-02,2820.47705078125,949380107,2677704804261.7476,JR_Central,9022.T,Stock
2025-04-03,2886.690185546875,949380107,2740566237230.342,JR_Central,9022.T,Stock
2025-04-04,2928.690673828125,949380107,2780440665288.8477,JR_Central,9022.T,Stock
2025-04-07,2756.734619140625,949380107,2617189007690.331,JR_Central,9022.T,Stock
2025-04-08,2830.359375,949380107,2687086886285.953,JR_Central,9022.T,Stock
2025-04-09,2795.2763671875,949380107,2653779776575.04,JR_Central,9022.T,Stock
2025-04-10,2951.420654296875,949380107,2802020056578.377,JR_Central,9022.T,Stock
2025-04-11,2824.924072265625,949380107,2681926717994.415,JR_Central,9022.T,Stock
2025-04-14,2858.03076171875,949380107,2713357550369.8384,JR_Central,9022.T,Stock
2025-04-15,2837.771484375,949380107,2694123795477.4863,JR_Central,9022.T,Stock
2025-04-16,2860.007080078125,949380107,2715233827705.328,JR_Central,9022.T,Stock
2025-04-17,2902.008056640625,949380107,2755108719328.339,JR_Central,9022.T,Stock
2025-04-18,2962.785888671875,949380107,2812809984005.3945,JR_Central,9022.T,Stock
2025-04-21,2952.903076171875,949380107,2803427438416.6836,JR_Central,9022.T,Stock
2025-04-22,2983.5390625,949380107,2832512634394.9297,JR_Central,9022.T,Stock
2025-04-23,2997.374267578125,949380107,2845647502872.367,JR_Central,9022.T,Stock
2025-04-24,2855.56005859375,949380107,2711011913972.6606,JR_Central,9022.T,Stock
2025-04-25,2875.819091796875,949380107,2730245437082.76,JR_Central,9022.T,Stock
2025-04-28,2919.302490234375,949380107,2771527710544.077,JR_Central,9022.T,Stock
2025-04-30,2896.572265625,949380107,2749948087472.295,JR_Central,9022.T,Stock
2025-05-01,3179.213134765625,949380107,3018281706059.5947,JR_Central,9022.T,Stock
2025-05-02,3197.990234375,949380107,3036108310895.8926,JR_Central,9022.T,Stock
2025-05-07,3113.000244140625,949380107,2955420504873.253,JR_Central,9022.T,Stock
2025-05-08,3062.599365234375,949380107,2907570913064.343,JR_Central,9022.T,Stock
2025-05-09,3012.198486328125,949380107,2859721321255.4336,JR_Central,9022.T,Stock
2025-05-12,3037.89306640625,949380107,2884115244439.3237,JR_Central,9022.T,Stock
2025-05-13,3060.62255859375,949380107,2905694172164.348,JR_Central,9022.T,Stock
2025-05-14,3037.89306640625,949380107,2884115244439.3237,JR_Central,9022.T,Stock
2025-05-15,3051.728271484375,949380107,2897250112916.7607,JR_Central,9022.T,Stock
2025-05-16,3056.669677734375,949380107,2901941385711.116,JR_Central,9022.T,Stock
2025-05-19,3005.28076171875,949380107,2853153771125.5884,JR_Central,9022.T,Stock
2025-05-20,2980.573974609375,949380107,2829697638936.0635,JR_Central,9022.T,Stock
2025-05-21,3025.045654296875,949380107,2871918166956.252,JR_Central,9022.T,Stock
2025-05-22,3014.1748046875,949380107,2861597598590.923,JR_Central,9022.T,Stock
2025-05-23,3065.56396484375,949380107,2910385444958.7036,JR_Central,9022.T,Stock
2025-05-26,3110.03564453125,949380107,2952605972978.892,JR_Central,9022.T,Stock
2025-05-27,3122.882568359375,949380107,2964802586897.458,JR_Central,9022.T,Stock
2025-05-28,3106.082275390625,949380107,2948852722961.1553,JR_Central,9022.T,Stock
2025-05-29,3084.3408203125,949380107,2928211818012.749,JR_Central,9022.T,Stock
2025-05-30,3123.87109375,949380107,2965741073238.582,JR_Central,9022.T,Stock
2025-06-02,3086.3173828125,949380107,2930088327130.491,JR_Central,9022.T,Stock
2025-06-03,3076.43505859375,949380107,2920706245106.2856,JR_Central,9022.T,Stock
2025-06-04,3086.3173828125,949380107,2930088327130.491,JR_Central,9022.T,Stock
2025-06-05,3076.43505859375,949380107,2920706245106.2856,JR_Central,9022.T,Stock
2025-06-06,3092.246826171875,949380107,2935717622701.465,JR_Central,9022.T,Stock
2025-06-09,3069.51708984375,949380107,2914138463194.188,JR_Central,9022.T,Stock
2025-06-10,3060.62255859375,949380107,2905694172164.348,JR_Central,9022.T,Stock
2025-06-11,3059.634765625,949380107,2904756381169.9824,JR_Central,9022.T,Stock
2025-06-12,3046.787109375,949380107,2892559071904.658,JR_Central,9022.T,Stock
2025-06-13,3040.857666015625,949380107,2886929776333.6846,JR_Central,9022.T,Stock
2025-06-16,3055.68115234375,949380107,2901002899369.9927,JR_Central,9022.T,Stock
2025-06-17,3067.54052734375,949380107,2912261954076.446,JR_Central,9022.T,Stock
2025-06-18,3108.058837890625,949380107,2950729232078.8975,JR_Central,9022.T,Stock
2025-06-19,3156.483154296875,949380107,2996702314770.0645,JR_Central,9022.T,Stock
2025-06-20,3125.84765625,949380107,2967617582356.324,JR_Central,9022.T,Stock
2025-06-23,3089.281982421875,949380107,2932902859024.8516,JR_Central,9022.T,Stock
2025-06-24,3102.12939453125,949380107,2945099936507.9233,JR_Central,9022.T,Stock
2025-06-25,3105.09423828125,949380107,2947914700184.5366,JR_Central,9022.T,Stock
2025-06-26,3132.76513671875,949380107,2974184900703.9165,JR_Central,9022.T,Stock
2025-06-27,3159.4482421875,949380107,2999517310228.9307,JR_Central,9022.T,Stock
2025-06-30,3194.037109375,949380107,3032355292660.408,JR_Central,9022.T,Stock
2025-07-01,3188.107666015625,949380107,3026725997089.4346,JR_Central,9022.T,Stock
2025-07-02,3188.107666015625,949380107,3026725997089.4346,JR_Central,9022.T,Stock
2025-07-03,3194.037109375,949380107,3032355292660.408,JR_Central,9022.T,Stock
2025-07-04,3182.177734375,949380107,3021096237953.955,JR_Central,9022.T,Stock
2025-07-07,3230.6025390625,949380107,3067069784209.628,JR_Central,9022.T,Stock
2025-07-08,3225.6611328125,949380107,3062378511415.2725,JR_Central,9022.T,Stock
2025-07-09,3265.19140625,949380107,3099907766641.1055,JR_Central,9022.T,Stock
2025-07-10,3288.909423828125,949380107,3122425180707.254,JR_Central,9022.T,Stock
2025-07-11,3293.8505859375,949380107,3127116221719.3564,JR_Central,9022.T,Stock
2025-07-14,3256.297119140625,949380107,3091463707393.5186,JR_Central,9022.T,Stock
2025-07-15,3236.53173828125,949380107,3072698847998.349,JR_Central,9022.T,Stock
2025-07-16,3235.5439453125,949380107,3071761057003.9834,JR_Central,9022.T,Stock
2025-07-17,3285.94482421875,949380107,3119610648812.893,JR_Central,9022.T,Stock
2025-07-18,3297.803955078125,949380107,3130869471737.0938,JR_Central,9022.T,Stock
2025-07-22,3310.651123046875,949380107,3143066317437.912,JR_Central,9022.T,Stock
2025-07-23,3351.16943359375,949380107,3181533595440.364,JR_Central,9022.T,Stock
2025-07-24,3374.887451171875,949380107,3204051009506.5117,JR_Central,9022.T,Stock
2025-07-25,3398.605712890625,949380107,3226568655354.913,JR_Central,9022.T,Stock
2025-07-28,3391.687744140625,949380107,3220000873442.8154,JR_Central,9022.T,Stock
2025-07-29,3391.687744140625,949380107,3220000873442.8154,JR_Central,9022.T,Stock
2025-07-30,3447.030029296875,949380107,3272541738046.08,JR_Central,9022.T,Stock
2025-07-31,3469.760009765625,949380107,3294121129335.6104,JR_Central,9022.T,Stock
2025-08-01,3555.738037109375,949380107,3375746958134.868,JR_Central,9022.T,Stock
2025-08-04,3552.773193359375,949380107,3372932194458.255,JR_Central,9022.T,Stock
2025-08-05,3606.138916015625,949380107,3423596549943.7783,JR_Central,9022.T,Stock
2025-08-06,3694.093505859375,949380107,3507098887860.7783,JR_Central,9022.T,Stock
2025-08-07,3723.740966796875,949380107,3535245597497.9004,JR_Central,9022.T,Stock
2025-08-08,3760.306640625,949380107,3569960320829.373,JR_Central,9022.T,Stock
2025-08-12,3777.106689453125,949380107,3585909952983.424,JR_Central,9022.T,Stock
2025-08-13,3781.06005859375,949380107,3589663203001.1606,JR_Central,9022.T,Stock
2025-08-14,3777.106689453125,949380107,3585909952983.424,JR_Central,9022.T,Stock
2025-08-15,3846.28466796875,949380107,3651586149628.6313,JR_Central,9022.T,Stock
2025-08-18,3883.83837890625,949380107,3687238895736.722,JR_Central,9022.T,Stock
2025-08-19,3933.2509765625,949380107,3734150232986.7607,JR_Central,9022.T,Stock
2025-08-20,3931.274658203125,949380107,3732273955651.2715,JR_Central,9022.T,Stock
2025-08-21,3884.82666015625,949380107,3688177150295.5933,JR_Central,9022.T,Stock
2025-08-22,3892.732666015625,949380107,3695682954984.3096,JR_Central,9022.T,Stock
2025-08-25,3900.638671875,949380107,3703188759673.0254,JR_Central,9022.T,Stock
2025-08-26,3803.789794921875,949380107,3611242362508.4375,JR_Central,9022.T,Stock
2025-08-27,3837.390380859375,949380107,3643142090381.044,JR_Central,9022.T,Stock
2025-08-28,3913.486083984375,949380107,3715385837156.0967,JR_Central,9022.T,Stock
2025-08-29,3876.920654296875,949380107,3680671345606.877,JR_Central,9022.T,Stock
2025-09-01,3929.298095703125,949380107,3730397446533.5293,JR_Central,9022.T,Stock
2025-09-02,3919.41552734375,949380107,3721015132727.071,JR_Central,9022.T,Stock
2025-09-03,3958.945556640625,949380107,3758544156170.6514,JR_Central,9022.T,Stock
2025-09-04,3990.56982421875,949380107,3788567606707.768,JR_Central,9022.T,Stock
2025-09-05,4033.064453125,949380107,3828911162045.709,JR_Central,9022.T,Stock
2025-09-08,4107.18359375,949380107,3899278399703.0195,JR_Central,9022.T,Stock
2025-09-09,4116.078125,949380107,3907722690732.8594,JR_Central,9022.T,Stock
2025-09-10,4103.23095703125,949380107,3895525845032.0405,JR_Central,9022.T,Stock
2025-09-11,4146.71435546875,949380107,3936808118493.358,JR_Central,9022.T,Stock
2025-09-12,4137.8193359375,949380107,3928363363899.0127,JR_Central,9022.T,Stock
2025-09-16,4195.13818359375,949380107,3982780737620.02,JR_Central,9022.T,Stock
2025-09-17,4239.60986328125,949380107,4025001265640.2085,JR_Central,9022.T,Stock
2025-09-18,4128.92529296875,949380107,3919919536433.678,JR_Central,9022.T,Stock
2025-09-19,4120.03076171875,949380107,3911475245403.8384,JR_Central,9022.T,Stock
2025-09-22,4108.171875,949380107,3900216654261.8906,JR_Central,9022.T,Stock
2025-09-24,4164.5029296875,949380107,3953696236988.532,JR_Central,9022.T,Stock
2025-09-25,4173.39697265625,949380107,3962140064453.8667,JR_Central,9022.T,Stock
2025-09-26,4216.8798828125,949380107,4003421874350.6787,JR_Central,9022.T,Stock
2025-09-29,4159.345703125,949380107,3948800068682.8027,JR_Central,9022.T,Stock
2025-09-30,4208.94384765625,949380107,3995887560444.8823,JR_Central,9022.T,Stock
2025-10-01,4207.9521484375,949380107,3994946060934.4736,JR_Central,9022.T,Stock
2025-10-02,4176.208984375,949380107,3964809732440.299,JR_Central,9022.T,Stock
2025-10-03,4203.984375,949380107,3991179135763.828,JR_Central,9022.T,Stock
2025-10-06,4237.71142578125,949380107,4023198926843.3257,JR_Central,9022.T,Stock
2025-10-07,4313.1015625,949380107,4094772822908.117,JR_Central,9022.T,Stock
2025-10-08,4293.26171875,949380107,4075937269925.879,JR_Central,9022.T,Stock
2025-10-09,4315.08544921875,949380107,4096656285493.44,JR_Central,9022.T,Stock
2025-10-10,4237.71142578125,949380107,4023198926843.3257,JR_Central,9022.T,Stock
2025-10-14,4231.759765625,949380107,4017548539087.3574,JR_Central,9022.T,Stock
2025-10-15,4253.58349609375,949380107,4038267554654.9185,JR_Central,9022.T,Stock
2025-10-16,4263.5029296875,949380107,4047684867581.532,JR_Central,9022.T,Stock
2025-10-17,4188.11279296875,949380107,3976110971516.7407,JR_Central,9022.T,Stock
2025-10-20,4219.85595703125,949380107,4006247300010.9155,JR_Central,9022.T,Stock
2025-10-21,4175.21728515625,949380107,3963868232929.89,JR_Central,9022.T,Stock
2025-10-22,4157.361328125,949380107,3946916142532.9746,JR_Central,9022.T,Stock
2025-10-23,4201.00830078125,949380107,3988353710103.5913,JR_Central,9022.T,Stock
2025-10-24,4154.3857421875,949380107,3944091180437.243,JR_Central,9022.T,Stock
2025-10-27,4187.12060546875,949380107,3975169008441.8267,JR_Central,9022.T,Stock
2025-10-28,4148.43408203125,949380107,3938440792681.275,JR_Central,9022.T,Stock
2025-10-29,4100.8193359375,949380107,3893236299940.0127,JR_Central,9022.T,Stock
2025-10-30,3762.55615234375,949380107,3572095962505.6177,JR_Central,9022.T,Stock
2025-10-31,3735.772705078125,949380107,3546668290474.75,JR_Central,9022.T,Stock
2025-11-04,3730.81298828125,949380107,3541959634011.443,JR_Central,9022.T,Stock
2025-11-05,3897.46435546875,949380107,3700175126823.608,JR_Central,9022.T,Stock
2025-11-06,3957.974853515625,949380107,3757622589933.9736,JR_Central,9022.T,Stock
2025-11-07,4065.10791015625,949380107,3859332582710.687,JR_Central,9022.T,Stock
2025-11-10,4094.867431640625,949380107,3887585680401.792,JR_Central,9022.T,Stock
2025-11-11,3928.2158203125,949380107,3729369955807.374,JR_Central,9022.T,Stock
2025-11-12,3995.669921875,949380107,3793409537966.369,JR_Central,9022.T,Stock
2025-11-13,4048.244384765625,949380107,3843322687170.9385,JR_Central,9022.T,Stock
2025-11-14,4102.802734375,949380107,3895119298960.83,JR_Central,9022.T,Stock
2025-11-17,3979.79833984375,949380107,3778341373719.2817,JR_Central,9022.T,Stock
2025-11-18,4035.348876953125,949380107,3831079948584.088,JR_Central,9022.T,Stock
2025-11-19,4057.172119140625,949380107,3851798500587.1436,JR_Central,9022.T,Stock
2025-11-20,4032.373046875,949380107,3828254754706.1035,JR_Central,9022.T,Stock
2025-11-21,4057.172119140625,949380107,3851798500587.1436,JR_Central,9022.T,Stock
2025-11-25,4163.3134765625,949380107,3952566993853.448,JR_Central,9022.T,Stock
2025-11-26,4244.6552734375,949380107,4029791277674.208,JR_Central,9022.T,Stock
2025-11-27,4291.2783203125,949380107,4074054270905.0615,JR_Central,9022.T,Stock
2025-11-28,4233.74365234375,949380107,4019432001672.68,JR_Central,9022.T,Stock
2025-12-01,4266.478515625,949380107,4050509829677.2637,JR_Central,9022.T,Stock
2025-12-02,4320.04541015625,949380107,4101365173738.9995,JR_Central,9022.T,Stock
2025-12-03,4285.326171875,949380107,4068403419584.588,JR_Central,9022.T,Stock
2025-12-04,4332.94091796875,949380107,4113607912325.85,JR_Central,9022.T,Stock
2025-12-05,4212.912109375,949380107,3999654949180.033,JR_Central,9022.T,Stock
2025-12-08,4340.87646484375,949380107,4121141762667.141,JR_Central,9022.T,Stock
2025-12-09,4369.64404296875,949380107,4148453129065.5845,JR_Central,9022.T,Stock
2025-12-10,4443.0498046875,949380107,4218143098980.548,JR_Central,9022.T,Stock
2025-12-11,4360.71630859375,949380107,4139977315649.3794,JR_Central,9022.T,Stock
2025-12-12,4394.443359375,949380107,4171997106728.877,JR_Central,9022.T,Stock
2025-12-15,4488.68115234375,949380107,4261464592700.9927,JR_Central,9022.T,Stock
2025-12-16,4394.443359375,949380107,4171997106728.877,JR_Central,9022.T,Stock
2025-12-17,4365.67626953125,949380107,4144686203894.939,JR_Central,9022.T,Stock
2025-12-18,4417.2587890625,949380107,4193657621806.8467,JR_Central,9022.T,Stock
2025-12-19,4464.87353515625,949380107,4238862114548.109,JR_Central,9022.T,Stock
2025-12-22,4276.3984375,949380107,4059927606168.383,JR_Central,9022.T,Stock
2025-12-23,4297.2294921875,949380107,4079704195096.5244,JR_Central,9022.T,Stock
2025-12-24,4342.86083984375,949380107,4123025688816.969,JR_Central,9022.T,Stock
2025-12-25,4364.68408203125,949380107,4143744240820.025,JR_Central,9022.T,Stock
2025-12-26,4365.67626953125,949380107,4144686203894.939,JR_Central,9022.T,Stock
2025-12-29,4330.95703125,949380107,4111724449740.5273,JR_Central,9022.T,Stock
2025-12-30,4302.18994140625,949380107,4084413546906.5894,JR_Central,9022.T,Stock
2026-01-05,4353.7724609375,949380107,4133384964818.497,JR_Central,9022.T,Stock
2026-01-06,4335.9169921875,949380107,4116433337986.087,JR_Central,9022.T,Stock
2026-01-07,4352.78076171875,949380107,4132443465308.0884,JR_Central,9022.T,Stock
2026-01-08,4333.9326171875,949380107,4114549411836.259,JR_Central,9022.T,Stock
2026-01-09,4338.89306640625,949380107,4119258763646.3237,JR_Central,9022.T,Stock
2026-01-13,4364.68408203125,949380107,4143744240820.025,JR_Central,9022.T,Stock
2026-01-14,4334.92529296875,949380107,4115491838475.678,JR_Central,9022.T,Stock
2026-01-15,4249.61474609375,949380107,4034499702355.262,JR_Central,9022.T,Stock
2026-01-16,4189.10498046875,949380107,3977052934591.655,JR_Central,9022.T,Stock
2026-01-19,4215.8876953125,949380107,4002479911275.7646,JR_Central,9022.T,Stock
2026-01-20,4254.5751953125,949380107,4039209054165.327,JR_Central,9022.T,Stock
2026-01-21,4183.15283203125,949380107,3971402083271.181,JR_Central,9022.T,Stock
2026-01-22,4192.08056640625,949380107,3979877896687.386,JR_Central,9022.T,Stock
2026-01-23,4226.7998046875,949380107,4012839650841.798,JR_Central,9022.T,Stock
2026-01-26,4265.48681640625,949380107,4049568330166.855,JR_Central,9022.T,Stock
2026-01-27,4229.77587890625,949380107,4015665076502.0347,JR_Central,9022.T,Stock
2026-01-28,4196.048828125,949380107,3983645285422.537,JR_Central,9022.T,Stock
2026-01-29,4211.919921875,949380107,3998712986105.119,JR_Central,9022.T,Stock
2026-01-30,4272.4306640625,949380107,4056160680997.7373,JR_Central,9022.T,Stock
2026-02-02,4293.26171875,949380107,4075937269925.879,JR_Central,9022.T,Stock
2026-02-03,4602.7578125,949380107,4369766704526.336,JR_Central,9022.T,Stock
2026-02-04,4586.88623046875,949380107,4354698540279.2485,JR_Central,9022.T,Stock
2026-02-05,4607.7177734375,949380107,4374475592771.8955,JR_Central,9022.T,Stock
2026-02-06,4630.533203125,949380107,4396136107849.865,JR_Central,9022.T,Stock
2026-02-09,4678.14794921875,949380107,4441340600591.127,JR_Central,9022.T,Stock
2026-02-10,4679.1396484375,949380107,4442282100101.536,JR_Central,9022.T,Stock
2026-02-12,4627.55712890625,949380107,4393310682189.6284,JR_Central,9022.T,Stock
2026-02-13,4609.701171875,949380107,4376358591792.713,JR_Central,9022.T,Stock
2026-02-16,4520.423828125,949380107,4291600457630.662,JR_Central,9022.T,Stock
2026-02-17,4577.95849609375,949380107,4346222726863.0435,JR_Central,9022.T,Stock
2026-02-18,4606.72607421875,949380107,4373534093261.487,JR_Central,9022.T,Stock
2026-02-19,4766.43359375,949380107,4525157235242.77,JR_Central,9022.T,Stock
2026-02-20,4585.89404296875,949380107,4353756577204.3345,JR_Central,9022.T,Stock
2026-02-24,4592.837890625,949380107,4360348928035.217,JR_Central,9022.T,Stock
2026-02-25,4585.89404296875,949380107,4353756577204.3345,JR_Central,9022.T,Stock
2026-02-26,4551.17529296875,949380107,4320795286614.428,JR_Central,9022.T,Stock
2026-02-27,4571.0146484375,949380107,4339630376032.161,JR_Central,9022.T,Stock
2026-03-02,4607.7177734375,949380107,4374475592771.8955,JR_Central,9022.T,Stock
2026-03-03,4526.3759765625,949380107,4297251308951.1357,JR_Central,9022.T,Stock
2026-03-04,4503.560546875,949380107,4275590793873.166,JR_Central,9022.T,Stock
2026-03-05,4382.5400390625,949380107,4160696331216.9404,JR_Central,9022.T,Stock
2026-03-06,4283.34228515625,949380107,4066519956999.265,JR_Central,9022.T,Stock
2026-03-09,4258.54296875,949380107,4042975979335.9727,JR_Central,9022.T,Stock
2026-03-10,4301.19775390625,949380107,4083471583831.6753,JR_Central,9022.T,Stock
2026-03-11,4343.8525390625,949380107,4123967188327.378,JR_Central,9022.T,Stock
2026-03-12,4263.5029296875,949380107,4047684867581.532,JR_Central,9022.T,Stock
2026-03-13,4186.12890625,949380107,3974227508931.418,JR_Central,9022.T,Stock
2026-03-16,4207.9521484375,949380107,3994946060934.4736,JR_Central,9022.T,Stock
2026-03-17,4275.40625,949380107,4058985643093.4688,JR_Central,9022.T,Stock
2026-03-18,4350.79638671875,949380107,4130559539158.2603,JR_Central,9022.T,Stock
2026-03-19,4199.02490234375,949380107,3986470711082.774,JR_Central,9022.T,Stock
2026-03-23,4083.955810546875,949380107,3877226404400.2637,JR_Central,9022.T,Stock
2026-03-24,4122.642578125,949380107,3913954851943.0684,JR_Central,9022.T,Stock
2026-03-25,4239.6953125,949380107,4025082389428.6484,JR_Central,9022.T,Stock
2026-03-26,4199.02490234375,949380107,3986470711082.774,JR_Central,9022.T,Stock
2026-03-27,4187.12060546875,949380107,3975169008441.8267,JR_Central,9022.T,Stock
2026-03-30,4064.643798828125,949380107,3858891964648.332,JR_Central,9022.T,Stock
2026-03-31,4066.63525390625,949380107,3860782612483.488,JR_Central,9022.T,Stock
2026-04-01,4174.17626953125,949380107,3962879913404.439,JR_Central,9022.T,Stock
2026-04-02,4172.1845703125,949380107,3960989033787.0303,JR_Central,9022.T,Stock
2026-04-03,4124.388671875,949380107,3915612558614.2754,JR_Central,9022.T,Stock
2026-04-06,4062.65234375,949380107,3857001316813.176,JR_Central,9022.T,Stock
2026-04-07,4031.7841796875,949380107,3827695695912.626,JR_Central,9022.T,Stock
2026-04-08,4161.2314453125,949380107,3950590354802.546,JR_Central,9022.T,Stock
2026-04-09,4202.05712890625,949380107,3989349446661.1284,JR_Central,9022.T,Stock
2026-04-10,4178.1591796875,949380107,3966661209074.751,JR_Central,9022.T,Stock
2026-04-13,4202.05712890625,949380107,3989349446661.1284,JR_Central,9022.T,Stock
2026-04-14,4175.171875,949380107,3963825121430.8906,JR_Central,9022.T,Stock
2026-04-15,4306.6103515625,949380107,4088610196373.714,JR_Central,9022.T,Stock
2026-04-16,4232.92529296875,949380107,4018655067561.678,JR_Central,9022.T,Stock
2026-04-17,4177.1630859375,949380107,3965715537483.794,JR_Central,9022.T,Stock
2026-04-20,4234.91650390625,949380107,4020545483614.5815,JR_Central,9022.T,Stock
2026-04-21,4195.0869140625,949380107,3982732063346.956,JR_Central,9022.T,Stock
2026-04-22,4131.35888671875,949380107,3922229941928.4478,JR_Central,9022.T,Stock
2026-04-23,4021.82666015625,949380107,3818242224954.5933,JR_Central,9022.T,Stock
2026-04-24,4092.524658203125,949380107,3885361497905.0215,JR_Central,9022.T,Stock
2026-04-27,4034.771240234375,949380107,3830531551774.2334,JR_Central,9022.T,Stock
2026-04-28,4051.698974609375,949380107,3846602406046.4385,JR_Central,9022.T,Stock
2026-04-30,3728.080810546875,949380107,3539365758821.6387,JR_Central,9022.T,Stock
2026-05-01,3595.646484375,949380107,3413635244070.1113,JR_Central,9022.T,Stock
2026-05-07,3665.348876953125,949380107,3479809308994.088,JR_Central,9022.T,Stock
2026-05-08,3563.782470703125,949380107,3383384183360.8574,JR_Central,9022.T,Stock
2026-05-11,3564.7783203125,949380107,3384329623169.5615,JR_Central,9022.T,Stock
2026-05-12,3566.769775390625,949380107,3386220271004.718,JR_Central,9022.T,Stock
2026-05-13,3610.58251953125,949380107,3427815218724.9077,JR_Central,9022.T,Stock
2026-05-14,3602.61669921875,949380107,3420252627384.2837,JR_Central,9022.T,Stock
2026-05-15,3618.548583984375,949380107,3435378041847.784,JR_Central,9022.T,Stock
2026-05-18,3541.8759765625,949380107,3362586593609.6357,JR_Central,9022.T,Stock
2026-05-19,3593.65478515625,949380107,3411744364452.7026,JR_Central,9022.T,Stock
2026-05-20,3534.90576171875,949380107,3355969210295.4634,JR_Central,9022.T,Stock
2026-05-21,3519.969482421875,949380107,3341789003858.414,JR_Central,9022.T,Stock
2026-05-22,3537.89306640625,949380107,3358805297939.3237,JR_Central,9022.T,Stock
2026-05-25,3536.897216796875,949380107,3357859858130.619,JR_Central,9022.T,Stock
2026-05-26,3531.91845703125,949380107,3353133122651.603,JR_Central,9022.T,Stock
2026-05-27,3485.118408203125,949380107,3308702087287.5527,JR_Central,9022.T,Stock
2026-05-28,3456.24169921875,949380107,3281287114222.1587,JR_Central,9022.T,Stock
2026-05-29,3464.207763671875,949380107,3288849937345.035,JR_Central,9022.T,Stock
2026-06-01,3371.60302734375,949380107,3200932842861.1333,JR_Central,9022.T,Stock
2026-06-02,3349.696533203125,949380107,3180135253109.912,JR_Central,9022.T,Stock
2026-06-03,3310.862548828125,949380107,3143267040868.7383,JR_Central,9022.T,Stock
2026-06-04,3282.9814453125,949380107,3116797275829.796,JR_Central,9022.T,Stock
2026-06-05,3330.77734375,949380107,3162173751002.551,JR_Central,9022.T,Stock
2026-06-08,3379.569091796875,949380107,3208495665984.01,JR_Central,9022.T,Stock
2026-06-09,3448.275634765625,949380107,3273724291099.282,JR_Central,9022.T,Stock
2026-06-10,3492.088623046875,949380107,3315319470601.7246,JR_Central,9022.T,Stock
2026-06-11,3390.522216796875,949380107,3218894344968.494,JR_Central,9022.T,Stock
2026-06-12,3350.6923828125,949380107,3181080692918.616,JR_Central,9022.T,Stock
2026-06-15,3335.756103515625,949380107,3166900486481.5674,JR_Central,9022.T,Stock
2026-06-16,3336.751953125,949380107,3167845926290.2715,JR_Central,9022.T,Stock
2026-06-17,3282.9814453125,949380107,3116797275829.796,JR_Central,9022.T,Stock
2026-06-18,3316.8369140625,949380107,3148938984374.206,JR_Central,9022.T,Stock
2026-06-19,3242.15576171875,949380107,3078038183971.2134,JR_Central,9022.T,Stock
2026-06-22,3245.14306640625,949380107,3080874271615.0737,JR_Central,9022.T,Stock
2026-06-23,3331.773193359375,949380107,3163119190811.255,JR_Central,9022.T,Stock
2026-06-24,3356.666748046875,949380107,3186752636424.084,JR_Central,9022.T,Stock
2026-06-25,3326.79443359375,949380107,3158392455332.239,JR_Central,9022.T,Stock
2026-06-26,3405.45849609375,949380107,3233074551405.5435,JR_Central,9022.T,Stock
2026-06-29,3470.18212890625,949380107,3294521880850.5034,JR_Central,9022.T,Stock
2026-06-30,3454.250244140625,949380107,3279396466387.003,JR_Central,9022.T,Stock
2026-07-01,3369.611572265625,949380107,3199042195025.9775,JR_Central,9022.T,Stock
2026-07-02,3438.318115234375,949380107,3264270820141.249,JR_Central,9022.T,Stock
2026-07-03,3499.058837890625,949380107,3321936853915.8975,JR_Central,9022.T,Stock
2026-07-06,3543.867431640625,949380107,3364477241444.792,JR_Central,9022.T,Stock
2026-07-07,3684.26806640625,949380107,3497770811101.4487,JR_Central,9022.T,Stock
2026-07-08,3648.421142578125,949380107,3463738454721.883,JR_Central,9022.T,Stock
2026-07-09,3643.4423828125,949380107,3459011719242.866,JR_Central,9022.T,Stock
2026-07-10,3605.603759765625,949380107,3423088483245.8916,JR_Central,9022.T,Stock
2026-07-13,3641.450927734375,949380107,3457121071407.71,JR_Central,9022.T,Stock
2026-07-14,3693.229736328125,949380107,3506278842250.7773,JR_Central,9022.T,Stock
2026-07-15,3678.29345703125,949380107,3492098635813.728,JR_Central,9022.T,Stock
2026-07-16,3693.229736328125,949380107,3506278842250.7773,JR_Central,9022.T,Stock
2026-07-17,3749.9873046875,949380107,3560163348572.8604,JR_Central,9022.T,Stock
2026-07-21,3821.68115234375,949380107,3628228061331.9927,JR_Central,9022.T,Stock
2026-07-22,3779.85986328125,949380107,3588523761446.9585,JR_Central,9022.T,Stock
2026-07-23,3813.71533203125,949380107,3620665469991.3687,JR_Central,9022.T,Stock
2026-07-24,3875.45166015625,949380107,3679276711792.4683,JR_Central,9022.T,Stock
2026-07-27,4005.89453125,949380107,3803116578708.84,JR_Central,9022.T,Stock
2026-07-28,4072.609619140625,949380107,3866454555988.956,JR_Central,9022.T,Stock
2026-07-29,4224.958984375,949380107,4011092012656.549,JR_Central,9022.T,Stock
2026-07-30,4156.25244140625,949380107,3945863387541.277,JR_Central,9022.T,Stock
2026-07-31,3971.04345703125,949380107,3770029662137.978,JR_Central,9022.T,Stock
2026-08-03,3885.4091796875,949380107,3688730182750.501,JR_Central,9022.T,Stock
2026-08-04,3803.7578125,949380107,3611211999033.336,JR_Central,9022.T,Stock
2026-08-05,3813.71533203125,949380107,3620665469991.3687,JR_Central,9022.T,Stock
2026-08-06,3830.64306640625,949380107,3636736324263.5737,JR_Central,9022.T,Stock
2026-08-07,3886.40478515625,949380107,3689675390776.9526,JR_Central,9022.T,Stock
2026-08-10,3829.647216796875,949380107,3635790884454.869,JR_Central,9022.T,Stock
2026-08-12,3804.75341796875,949380107,3612157207059.7876,JR_Central,9022.T,Stock
2026-08-13,3816.702392578125,949380107,3623501325852.9766,JR_Central,9022.T,Stock
2026-08-14,3844.58349609375,949380107,3649971090891.9185,JR_Central,9022.T,Stock
2026-08-17,3779.85986328125,949380107,3588523761446.9585,JR_Central,9022.T,Stock
2026-08-18,3816.702392578125,949380107,3623501325852.9766,JR_Central,9022.T,Stock
2026-08-19,3823.672607421875,949380107,3630118709167.1484,JR_Central,9022.T,Stock
2026-08-20,3848.56640625,949380107,3653752386562.2305,JR_Central,9022.T,Stock
2026-08-21,3919.2646484375,949380107,3720871891294.911,JR_Central,9022.T,Stock
2026-08-24,3906.31982421875,949380107,3708582332693.018,JR_Central,9022.T,Stock
2026-08-25,3947.1455078125,949380107,3747341424551.6006,JR_Central,9022.T,Stock
2026-08-26,3921.256103515625,949380107,3722762539130.0674,JR_Central,9022.T,Stock
2026-08-27,3938.183837890625,949380107,3738833393402.2725,JR_Central,9022.T,Stock
2026-08-28,3918.268798828125,949380107,3719926451486.207,JR_Central,9022.T,Stock
2026-08-31,3959.094482421875,949380107,3758685543344.789,JR_Central,9022.T,Stock
2026-09-01,3985.979736328125,949380107,3784209868575.0273,JR_Central,9022.T,Stock
2026-09-02,3925.239013671875,949380107,3726543834800.379,JR_Central,9022.T,Stock
2026-09-03,3888.396240234375,949380107,3691566038612.1084,JR_Central,9022.T,Stock
2026-09-04,3840.600341796875,949380107,3646189563439.3535,JR_Central,9022.T,Stock
2026-09-07,3778.864013671875,949380107,3587578321638.254,JR_Central,9022.T,Stock
2026-09-08,3826.659912109375,949380107,3632954796811.009,JR_Central,9022.T,Stock
2026-09-09,3848.56640625,949380107,3653752386562.2305,JR_Central,9022.T,Stock
2026-09-10,3817.6982421875,949380107,3624446765661.6807,JR_Central,9022.T,Stock
2026-09-11,3780.85546875,949380107,3589468969473.41,JR_Central,9022.T,Stock
2026-09-14,3850.557861328125,949380107,3655643034397.3867,JR_Central,9022.T,Stock
2026-09-15,3825.664306640625,949380107,3632009588784.5576,JR_Central,9022.T,Stock
2026-09-16,3779.85986328125,949380107,3588523761446.9585,JR_Central,9022.T,Stock
2026-09-17,3825.664306640625,949380107,3632009588784.5576,JR_Central,9022.T,Stock
2026-09-18,3798.779052734375,949380107,3606485263554.3193,JR_Central,9022.T,Stock
2026-09-24,3739.0341796875,949380107,3549764669588.376,JR_Central,9022.T,Stock
2026-09-25,3761.936279296875,949380107,3571507467366.049,JR_Central,9022.T,Stock
2026-09-28,3747.0,949380107,3557327260929.0,JR_Central,9022.T,Stock
2026-09-29,3675.0,949380107,3488971893225.0,JR_Central,9022.T,Stock
2026-09-30,3724.0,949380107,3535491518468.0,JR_Central,9022.T,Stock
2021-09-30,2284.497314453125,153833866,351433053748.9419,JR_Kyushu,9142.T,Stock
2021-10-01,2264.167724609375,153833866,348305674349.0835,JR_Kyushu,9142.T,Stock
2021-10-04,2342.096923828125,153833866,360293824339.188,JR_Kyushu,9142.T,Stock
2021-10-05,2309.908447265625,153833866,355342146548.9282,JR_Kyushu,9142.T,Stock
2021-10-06,2247.22705078125,153833866,345699625001.458,JR_Kyushu,9142.T,Stock
2021-10-07,2187.933349609375,153833866,336578245720.73975,JR_Kyushu,9142.T,Stock
2021-10-08,2207.41552734375,153833866,339575264439.7178,JR_Kyushu,9142.T,Stock
2021-10-11,2260.779296875,153833866,347784419411.04297,JR_Kyushu,9142.T,Stock
2021-10-12,2219.274169921875,153833866,341399525273.02295,JR_Kyushu,9142.T,Stock
2021-10-13,2231.98046875,153833866,343354184344.3047,JR_Kyushu,9142.T,Stock
2021-10-14,2204.874755859375,153833866,339184407739.6538,JR_Kyushu,9142.T,Stock
2021-10-15,2206.568115234375,153833866,339444903758.8374,JR_Kyushu,9142.T,Stock
2021-10-18,2183.69775390625,153833866,335926667658.91504,JR_Kyushu,9142.T,Stock
2021-10-19,2172.686279296875,153833866,334232729949.39404,JR_Kyushu,9142.T,Stock
2021-10-20,2222.662353515625,153833866,341920742653.9673,JR_Kyushu,9142.T,Stock
2021-10-21,2192.16845703125,153833866,337229748668.3721,JR_Kyushu,9142.T,Stock
2021-10-22,2183.69775390625,153833866,335926667658.91504,JR_Kyushu,9142.T,Stock
2021-10-25,2170.9921875,153833866,333972121258.9219,JR_Kyushu,9142.T,Stock
2021-10-26,2169.29833984375,153833866,333711550125.5459,JR_Kyushu,9142.T,Stock
2021-10-27,2154.051513671875,153833866,331366071911.2964,JR_Kyushu,9142.T,Stock
2021-10-28,2163.36865234375,153833866,332799363373.249,JR_Kyushu,9142.T,Stock
2021-10-29,2156.592529296875,153833866,331756966168.45654,JR_Kyushu,9142.T,Stock
2021-11-01,2193.015625,153833866,337360071792.15625,JR_Kyushu,9142.T,Stock
2021-11-02,2208.262451171875,153833866,339705550006.40576,JR_Kyushu,9142.T,Stock
2021-11-04,2254.00341796875,153833866,346742059763.3467,JR_Kyushu,9142.T,Stock
2021-11-05,2253.156005859375,153833866,346611699082.4663,JR_Kyushu,9142.T,Stock
2021-11-08,2337.014404296875,153833866,359511960710.6753,JR_Kyushu,9142.T,Stock
2021-11-09,2282.80322265625,153833866,351172445058.4697,JR_Kyushu,9142.T,Stock
2021-11-10,2237.062255859375,153833866,344135935301.5288,JR_Kyushu,9142.T,Stock
2021-11-11,2257.391357421875,153833866,347263239587.1948,JR_Kyushu,9142.T,Stock
2021-11-12,2254.850341796875,153833866,346872345330.03467,JR_Kyushu,9142.T,Stock
2021-11-15,2249.767822265625,153833866,346090481701.522,JR_Kyushu,9142.T,Stock
2021-11-16,2231.1328125,153833866,343223786106.3281,JR_Kyushu,9142.T,Stock
2021-11-17,2195.55712890625,153833866,337751041163.5088,JR_Kyushu,9142.T,Stock
2021-11-18,2210.803955078125,153833866,340096519377.7583,JR_Kyushu,9142.T,Stock
2021-11-19,2187.086181640625,153833866,336447922596.95557,JR_Kyushu,9142.T,Stock
2021-11-22,2182.004150390625,153833866,335666134082.63525,JR_Kyushu,9142.T,Stock
2021-11-24,2176.074462890625,153833866,334753947330.3384,JR_Kyushu,9142.T,Stock
2021-11-25,2210.803955078125,153833866,340096519377.7583,JR_Kyushu,9142.T,Stock
2021-11-26,2126.945556640625,153833866,327196257749.5493,JR_Kyushu,9142.T,Stock
2021-11-29,2026.1461181640625,153833866,311689890438.07056,JR_Kyushu,9142.T,Stock
2021-11-30,2028.6876220703125,153833866,312080859809.4231,JR_Kyushu,9142.T,Stock
2021-12-01,1999.0408935546875,153833866,307520188947.61206,JR_Kyushu,9142.T,Stock
2021-12-02,1905.0179443359375,153833866,293056275176.57007,JR_Kyushu,9142.T,Stock
2021-12-03,2012.593505859375,153833866,309605039692.8413,JR_Kyushu,9142.T,Stock
2021-12-06,2005.81689453125,153833866,308562567373.85645,JR_Kyushu,9142.T,Stock
2021-12-07,2079.5107421875,153833866,319899176859.2324,JR_Kyushu,9142.T,Stock
2021-12-08,2065.11083984375,153833866,317683984211.6709,JR_Kyushu,9142.T,Stock
2021-12-09,2071.0400390625,153833866,318596095849.7754,JR_Kyushu,9142.T,Stock
2021-12-10,2061.722412109375,153833866,317162729273.6304,JR_Kyushu,9142.T,Stock
2021-12-13,2037.158447265625,153833866,313383959597.4282,JR_Kyushu,9142.T,Stock
2021-12-14,2011.74658203125,153833866,309474754126.1533,JR_Kyushu,9142.T,Stock
2021-12-15,2032.923095703125,153833866,312732419092.6997,JR_Kyushu,9142.T,Stock
2021-12-16,2067.65185546875,153833866,318074878468.83105,JR_Kyushu,9142.T,Stock
2021-12-17,2045.62890625,153833866,314687003049.78906,JR_Kyushu,9142.T,Stock
2021-12-20,2013.4407958984375,153833866,309735381595.1736,JR_Kyushu,9142.T,Stock
2021-12-21,2025.2994384765625,153833866,311559642428.47876,JR_Kyushu,9142.T,Stock
2021-12-22,2024.452392578125,153833866,311429338083.2427,JR_Kyushu,9142.T,Stock
2021-12-23,2026.993896484375,153833866,311820307454.5952,JR_Kyushu,9142.T,Stock
2021-12-24,2008.3585205078125,153833866,308953555523.7571,JR_Kyushu,9142.T,Stock
2021-12-27,2008.3585205078125,153833866,308953555523.7571,JR_Kyushu,9142.T,Stock
2021-12-28,2016.8289794921875,153833866,310256598976.1179,JR_Kyushu,9142.T,Stock
2021-12-29,2046.4759521484375,153833866,314817307395.02515,JR_Kyushu,9142.T,Stock
2021-12-30,2026.1461181640625,153833866,311689890438.07056,JR_Kyushu,9142.T,Stock
2022-01-04,2035.4639892578125,153833866,313123294571.31177,JR_Kyushu,9142.T,Stock
2022-01-05,2036.31103515625,153833866,313253598916.54785,JR_Kyushu,9142.T,Stock
2022-01-06,2002.4290771484375,153833866,308041406328.5564,JR_Kyushu,9142.T,Stock
2022-01-07,1979.5587158203125,153833866,304523170228.63403,JR_Kyushu,9142.T,Stock
2022-01-11,1990.5706787109375,153833866,306217183052.3474,JR_Kyushu,9142.T,Stock
2022-01-12,2026.993896484375,153833866,311820307454.5952,JR_Kyushu,9142.T,Stock
2022-01-13,1999.88818359375,153833866,307650530849.94434,JR_Kyushu,9142.T,Stock
2022-01-14,1989.7232666015625,153833866,306086822371.46704,JR_Kyushu,9142.T,Stock
2022-01-17,2000.735107421875,153833866,307780816416.6323,JR_Kyushu,9142.T,Stock
2022-01-18,2018.52294921875,153833866,310517188888.042,JR_Kyushu,9142.T,Stock
2022-01-19,1999.0408935546875,153833866,307520188947.61206,JR_Kyushu,9142.T,Stock
2022-01-20,2006.664306640625,153833866,308692928054.7368,JR_Kyushu,9142.T,Stock
2022-01-21,2044.781494140625,153833866,314556642368.9087,JR_Kyushu,9142.T,Stock
2022-01-24,2030.382080078125,153833866,312341524835.53955,JR_Kyushu,9142.T,Stock
2022-01-25,2008.3585205078125,153833866,308953555523.7571,JR_Kyushu,9142.T,Stock
2022-01-26,2006.664306640625,153833866,308692928054.7368,JR_Kyushu,9142.T,Stock
2022-01-27,1975.3233642578125,153833866,303871629723.9055,JR_Kyushu,9142.T,Stock
2022-01-28,2020.2169189453125,153833866,310777778799.96606,JR_Kyushu,9142.T,Stock
2022-01-31,2018.52294921875,153833866,310517188888.042,JR_Kyushu,9142.T,Stock
2022-02-01,2060.8759765625,153833866,317032518821.13477,JR_Kyushu,9142.T,Stock
2022-02-02,2088.828369140625,153833866,321332543435.37744,JR_Kyushu,9142.T,Stock
2022-02-03,2040.5465087890625,153833866,313905158199.82446,JR_Kyushu,9142.T,Stock
2022-02-04,2079.5107421875,153833866,319899176859.2324,JR_Kyushu,9142.T,Stock
2022-02-07,2060.8759765625,153833866,317032518821.13477,JR_Kyushu,9142.T,Stock
2022-02-08,2128.6396484375,153833866,327456866440.0215,JR_Kyushu,9142.T,Stock
2022-02-09,2163.36865234375,153833866,332799363373.249,JR_Kyushu,9142.T,Stock
2022-02-10,2177.7685546875,153833866,335014556020.81055,JR_Kyushu,9142.T,Stock
2022-02-14,2182.004150390625,153833866,335666134082.63525,JR_Kyushu,9142.T,Stock
2022-02-15,2187.933349609375,153833866,336578245720.73975,JR_Kyushu,9142.T,Stock
2022-02-16,2237.062255859375,153833866,344135935301.5288,JR_Kyushu,9142.T,Stock
2022-02-17,2244.685791015625,153833866,345308693187.20166,JR_Kyushu,9142.T,Stock
2022-02-18,2224.356201171875,153833866,342181313787.34326,JR_Kyushu,9142.T,Stock
2022-02-21,2182.004150390625,153833866,335666134082.63525,JR_Kyushu,9142.T,Stock
2022-02-22,2137.10986328125,153833866,328759872335.28613,JR_Kyushu,9142.T,Stock
2022-02-24,2083.746337890625,153833866,320550754921.0571,JR_Kyushu,9142.T,Stock
2022-02-25,2135.41650390625,153833866,328499376316.10254,JR_Kyushu,9142.T,Stock
2022-02-28,2151.510009765625,153833866,330975102539.94385,JR_Kyushu,9142.T,Stock
2022-03-01,2148.96923828125,153833866,330584245839.8799,JR_Kyushu,9142.T,Stock
2022-03-02,2117.628173828125,153833866,325762928730.5005,JR_Kyushu,9142.T,Stock
2022-03-03,2160.82763671875,153833866,332408469116.08887,JR_Kyushu,9142.T,Stock
2022-03-04,2150.6630859375,153833866,330844816973.25586,JR_Kyushu,9142.T,Stock
2022-03-07,2106.6162109375,153833866,324068915906.7871,JR_Kyushu,9142.T,Stock
2022-03-08,2081.205078125,153833866,320159823106.8008,JR_Kyushu,9142.T,Stock
2022-03-09,2058.33447265625,153833866,316641549449.7822,JR_Kyushu,9142.T,Stock
2022-03-10,2119.32177734375,153833866,326023462306.7803,JR_Kyushu,9142.T,Stock
2022-03-11,2148.96923828125,153833866,330584245839.8799,JR_Kyushu,9142.T,Stock
2022-03-14,2208.262451171875,153833866,339705550006.40576,JR_Kyushu,9142.T,Stock
2022-03-15,2201.486328125,153833866,338663152801.6133,JR_Kyushu,9142.T,Stock
2022-03-16,2204.02734375,153833866,339054047058.77344,JR_Kyushu,9142.T,Stock
2022-03-17,2199.7919921875,153833866,338402506554.0449,JR_Kyushu,9142.T,Stock
2022-03-18,2204.02734375,153833866,339054047058.77344,JR_Kyushu,9142.T,Stock
2022-03-22,2204.02734375,153833866,339054047058.77344,JR_Kyushu,9142.T,Stock
2022-03-23,2220.12109375,153833866,341529810839.71094,JR_Kyushu,9142.T,Stock
2022-03-24,2260.779296875,153833866,347784419411.04297,JR_Kyushu,9142.T,Stock
2022-03-25,2249.767822265625,153833866,346090481701.522,JR_Kyushu,9142.T,Stock
2022-03-28,2230.285400390625,153833866,343093425425.44775,JR_Kyushu,9142.T,Stock
2022-03-29,2197.250732421875,153833866,338011574739.7886,JR_Kyushu,9142.T,Stock
2022-03-30,2232.392822265625,153833866,343417618279.772,JR_Kyushu,9142.T,Stock
2022-03-31,2202.5224609375,153833866,338822545117.8496,JR_Kyushu,9142.T,Stock
2022-04-01,2199.88671875,153833866,338417078707.3672,JR_Kyushu,9142.T,Stock
2022-04-04,2184.950927734375,153833866,336119448233.6655,JR_Kyushu,9142.T,Stock
2022-04-05,2213.064697265625,153833866,340444298088.4907,JR_Kyushu,9142.T,Stock
2022-04-06,2199.00830078125,153833866,338281948275.2705,JR_Kyushu,9142.T,Stock
2022-04-07,2168.2587890625,153833866,333551632009.9629,JR_Kyushu,9142.T,Stock
2022-04-08,2164.74462890625,153833866,333011035167.3838,JR_Kyushu,9142.T,Stock
2022-04-11,2183.1943359375,153833866,335849224926.56836,JR_Kyushu,9142.T,Stock
2022-04-12,2191.979736328125,153833866,337200717033.0161,JR_Kyushu,9142.T,Stock
2022-04-13,2208.671630859375,153833866,339768495699.62256,JR_Kyushu,9142.T,Stock
2022-04-14,2271.927490234375,153833866,349499389094.43115,JR_Kyushu,9142.T,Stock
2022-04-15,2269.291748046875,153833866,349093922683.9487,JR_Kyushu,9142.T,Stock
2022-04-18,2256.9921875,153833866,347201833734.9219,JR_Kyushu,9142.T,Stock
2022-04-19,2247.328369140625,153833866,345715211196.37744,JR_Kyushu,9142.T,Stock
2022-04-20,2260.506103515625,153833866,347742393020.4048,JR_Kyushu,9142.T,Stock
2022-04-21,2252.599609375,153833866,346526106460.2461,JR_Kyushu,9142.T,Stock
2022-04-22,2249.9638671875,153833866,346120640049.7637,JR_Kyushu,9142.T,Stock
2022-04-25,2227.121337890625,153833866,342606685458.8071,JR_Kyushu,9142.T,Stock
2022-04-26,2258.749267578125,153833866,347472132156.2114,JR_Kyushu,9142.T,Stock
2022-04-27,2243.813720703125,153833866,345174539239.60596,JR_Kyushu,9142.T,Stock
2022-04-28,2243.813720703125,153833866,345174539239.60596,JR_Kyushu,9142.T,Stock
2022-05-02,2268.413330078125,153833866,348958792251.85205,JR_Kyushu,9142.T,Stock
2022-05-06,2312.3408203125,153833866,355716327898.2832,JR_Kyushu,9142.T,Stock
2022-05-09,2257.87060546875,153833866,347336964167.01855,JR_Kyushu,9142.T,Stock
2022-05-10,2218.336181640625,153833866,341255230909.45557,JR_Kyushu,9142.T,Stock
2022-05-11,2251.720947265625,153833866,346390938471.0532,JR_Kyushu,9142.T,Stock
2022-05-12,2257.87060546875,153833866,347336964167.01855,JR_Kyushu,9142.T,Stock
2022-05-13,2272.80615234375,153833866,349634557083.624,JR_Kyushu,9142.T,Stock
2022-05-16,2263.142333984375,153833866,348147934545.0796,JR_Kyushu,9142.T,Stock
2022-05-17,2272.80615234375,153833866,349634557083.624,JR_Kyushu,9142.T,Stock
2022-05-18,2278.077392578125,153833866,350445452347.4927,JR_Kyushu,9142.T,Stock
2022-05-19,2270.17041015625,153833866,349229090673.1416,JR_Kyushu,9142.T,Stock
2022-05-20,2278.9560546875,153833866,350580620336.68555,JR_Kyushu,9142.T,Stock
2022-05-23,2290.376953125,153833866,352337541296.51953,JR_Kyushu,9142.T,Stock
2022-05-24,2255.235595703125,153833866,346931610427.8247,JR_Kyushu,9142.T,Stock
2022-05-25,2284.22705078125,153833866,351391478043.458,JR_Kyushu,9142.T,Stock
2022-05-26,2319.369384765625,153833866,356797559140.5376,JR_Kyushu,9142.T,Stock
2022-05-27,2314.976806640625,153833866,356121831865.8618,JR_Kyushu,9142.T,Stock
2022-05-30,2290.376953125,153833866,352337541296.51953,JR_Kyushu,9142.T,Stock
2022-05-31,2263.142333984375,153833866,348147934545.0796,JR_Kyushu,9142.T,Stock
2022-06-01,2314.097900390625,153833866,355986626319.57275,JR_Kyushu,9142.T,Stock
2022-06-02,2329.91162109375,153833866,358419312111.1787,JR_Kyushu,9142.T,Stock
2022-06-03,2300.919677734375,153833866,353959369381.353,JR_Kyushu,9142.T,Stock
2022-06-06,2352.754150390625,153833866,361933266702.13525,JR_Kyushu,9142.T,Stock
2022-06-07,2338.697509765625,153833866,359770879331.81885,JR_Kyushu,9142.T,Stock
2022-06-08,2357.14697265625,153833866,362609031533.9072,JR_Kyushu,9142.T,Stock
2022-06-09,2368.56787109375,153833866,364365952493.7412,JR_Kyushu,9142.T,Stock
2022-06-10,2353.632568359375,153833866,362068397134.23193,JR_Kyushu,9142.T,Stock
2022-06-13,2333.426025390625,153833866,358959946510.854,JR_Kyushu,9142.T,Stock
2022-06-14,2320.24755859375,153833866,356932652015.5381,JR_Kyushu,9142.T,Stock
2022-06-15,2314.976806640625,153833866,356121831865.8618,JR_Kyushu,9142.T,Stock
2022-06-16,2343.089599609375,153833866,360446531492.30225,JR_Kyushu,9142.T,Stock
2022-06-17,2401.95263671875,153833866,369501660055.33887,JR_Kyushu,9142.T,Stock
2022-06-20,2350.118408203125,153833866,361527800291.65283,JR_Kyushu,9142.T,Stock
2022-06-21,2400.195556640625,153833866,369231361634.0493,JR_Kyushu,9142.T,Stock
2022-06-22,2403.70947265625,153833866,369771920919.5322,JR_Kyushu,9142.T,Stock
2022-06-23,2448.515625,153833866,376664624555.15625,JR_Kyushu,9142.T,Stock
2022-06-24,2427.4306640625,153833866,373421043499.68164,JR_Kyushu,9142.T,Stock
2022-06-27,2398.43896484375,153833866,368961138326.95215,JR_Kyushu,9142.T,Stock
2022-06-28,2439.73046875,153833866,375313170005.8047,JR_Kyushu,9142.T,Stock
2022-06-29,2483.65771484375,153833866,382070668095.13965,JR_Kyushu,9142.T,Stock
2022-06-30,2484.536376953125,153833866,382205836084.3325,JR_Kyushu,9142.T,Stock
2022-07-01,2452.02978515625,153833866,377205221397.73535,JR_Kyushu,9142.T,Stock
2022-07-04,2431.823486328125,153833866,374096808331.4536,JR_Kyushu,9142.T,Stock
2022-07-05,2429.18798828125,153833866,373691379478.0674,JR_Kyushu,9142.T,Stock
2022-07-06,2381.74609375,153833866,366393209431.96094,JR_Kyushu,9142.T,Stock
2022-07-07,2355.389892578125,153833866,362338733112.6177,JR_Kyushu,9142.T,Stock
2022-07-08,2352.754150390625,153833866,361933266702.13525,JR_Kyushu,9142.T,Stock
2022-07-11,2408.102783203125,153833866,370447760865.4966,JR_Kyushu,9142.T,Stock
2022-07-12,2420.40234375,153833866,372339849814.52344,JR_Kyushu,9142.T,Stock
2022-07-13,2401.95263671875,153833866,369501660055.33887,JR_Kyushu,9142.T,Stock
2022-07-14,2388.7744140625,153833866,367474403117.11914,JR_Kyushu,9142.T,Stock
2022-07-15,2393.167236328125,153833866,368150167948.8911,JR_Kyushu,9142.T,Stock
2022-07-19,2392.288818359375,153833866,368015037516.79443,JR_Kyushu,9142.T,Stock
2022-07-20,2423.037841796875,153833866,372745278667.90967,JR_Kyushu,9142.T,Stock
2022-07-21,2404.58837890625,153833866,369907126465.8213,JR_Kyushu,9142.T,Stock
2022-07-22,2390.53173828125,153833866,367744739095.5049,JR_Kyushu,9142.T,Stock
2022-07-25,2446.758544921875,153833866,376394326133.8667,JR_Kyushu,9142.T,Stock
2022-07-26,2423.037841796875,153833866,372745278667.90967,JR_Kyushu,9142.T,Stock
2022-07-27,2445.880615234375,153833866,376259270815.9624,JR_Kyushu,9142.T,Stock
2022-07-28,2434.459228515625,153833866,374502274741.93604,JR_Kyushu,9142.T,Stock
2022-07-29,2444.123046875,153833866,375988897280.48047,JR_Kyushu,9142.T,Stock
2022-08-01,2481.90087890625,153833866,381800407230.9463,JR_Kyushu,9142.T,Stock
2022-08-02,2481.90087890625,153833866,381800407230.9463,JR_Kyushu,9142.T,Stock
2022-08-03,2452.02978515625,153833866,377205221397.73535,JR_Kyushu,9142.T,Stock
2022-08-04,2425.67333984375,153833866,373150707521.2959,JR_Kyushu,9142.T,Stock
2022-08-05,2446.758544921875,153833866,376394326133.8667,JR_Kyushu,9142.T,Stock
2022-08-08,2446.758544921875,153833866,376394326133.8667,JR_Kyushu,9142.T,Stock
2022-08-09,2459.058349609375,153833866,378286452639.98975,JR_Kyushu,9142.T,Stock
2022-08-10,2475.750732421875,153833866,380854306420.7886,JR_Kyushu,9142.T,Stock
2022-08-12,2501.228515625,153833866,384773652308.03516,JR_Kyushu,9142.T,Stock
2022-08-15,2483.65771484375,153833866,382070668095.13965,JR_Kyushu,9142.T,Stock
2022-08-16,2489.8076171875,153833866,383016731348.2012,JR_Kyushu,9142.T,Stock
2022-08-17,2513.528564453125,153833866,386665816371.2544,JR_Kyushu,9142.T,Stock
2022-08-18,2494.2001953125,153833866,383692458622.87695,JR_Kyushu,9142.T,Stock
2022-08-19,2496.836181640625,153833866,384097962590.45557,JR_Kyushu,9142.T,Stock
2022-08-22,2492.443359375,153833866,383422197758.6836,JR_Kyushu,9142.T,Stock
2022-08-23,2525.828369140625,153833866,388557942877.37744,JR_Kyushu,9142.T,Stock
2022-08-24,2514.406982421875,153833866,386800946803.3511,JR_Kyushu,9142.T,Stock
2022-08-25,2519.678466796875,153833866,387611879624.3159,JR_Kyushu,9142.T,Stock
2022-08-26,2510.89306640625,153833866,386260387517.86816,JR_Kyushu,9142.T,Stock
2022-08-29,2504.74267578125,153833866,385314249150.61426,JR_Kyushu,9142.T,Stock
2022-08-30,2546.91357421875,153833866,391801561489.94824,JR_Kyushu,9142.T,Stock
2022-08-31,2577.662353515625,153833866,396531765083.9673,JR_Kyushu,9142.T,Stock
2022-09-01,2565.36279296875,153833866,394639676134.9404,JR_Kyushu,9142.T,Stock
2022-09-02,2561.848388671875,153833866,394099041735.26514,JR_Kyushu,9142.T,Stock
2022-09-05,2535.4921875,153833866,390044565415.9219,JR_Kyushu,9142.T,Stock
2022-09-06,2533.7353515625,153833866,389774304551.7285,JR_Kyushu,9142.T,Stock
2022-09-07,2545.15625,153833866,391531225511.5625,JR_Kyushu,9142.T,Stock
2022-09-08,2558.33447265625,153833866,393558482449.7822,JR_Kyushu,9142.T,Stock
2022-09-09,2569.75537109375,153833866,395315403409.6162,JR_Kyushu,9142.T,Stock
2022-09-12,2644.432373046875,153833866,406803255321.355,JR_Kyushu,9142.T,Stock
2022-09-13,2688.359619140625,153833866,413560753410.68994,JR_Kyushu,9142.T,Stock
2022-09-14,2692.752685546875,153833866,414236555799.5581,JR_Kyushu,9142.T,Stock
2022-09-15,2745.465576171875,153833866,422345583552.437,JR_Kyushu,9142.T,Stock
2022-09-16,2758.643798828125,153833866,424372840490.65674,JR_Kyushu,9142.T,Stock
2022-09-20,2763.0361328125,153833866,425048530208.2363,JR_Kyushu,9142.T,Stock
2022-09-21,2719.10888671875,153833866,418291032118.90137,JR_Kyushu,9142.T,Stock
2022-09-22,2758.643798828125,153833866,424372840490.65674,JR_Kyushu,9142.T,Stock
2022-09-26,2736.6796875,153833866,420994016331.7969,JR_Kyushu,9142.T,Stock
2022-09-27,2736.6796875,153833866,420994016331.7969,JR_Kyushu,9142.T,Stock
2022-09-28,2701.5380859375,153833866,415588047906.00586,JR_Kyushu,9142.T,Stock
2022-09-29,2776.214599609375,153833866,427075824703.55225,JR_Kyushu,9142.T,Stock
2022-09-30,2745.465576171875,153833866,422345583552.437,JR_Kyushu,9142.T,Stock
2022-10-03,2692.752685546875,153833866,414236555799.5581,JR_Kyushu,9142.T,Stock
2022-10-04,2745.465576171875,153833866,422345583552.437,JR_Kyushu,9142.T,Stock
2022-10-05,2719.10888671875,153833866,418291032118.90137,JR_Kyushu,9142.T,Stock
2022-10-06,2723.501708984375,153833866,418966796950.67334,JR_Kyushu,9142.T,Stock
2022-10-07,2754.2509765625,153833866,423697075658.88477,JR_Kyushu,9142.T,Stock
2022-10-11,2780.607421875,153833866,427751589535.3242,JR_Kyushu,9142.T,Stock
2022-10-12,2811.356689453125,153833866,432481868243.53564,JR_Kyushu,9142.T,Stock
2022-10-13,2745.465576171875,153833866,422345583552.437,JR_Kyushu,9142.T,Stock
2022-10-14,2767.428955078125,153833866,425724295040.0083,JR_Kyushu,9142.T,Stock
2022-10-17,2780.607421875,153833866,427751589535.3242,JR_Kyushu,9142.T,Stock
2022-10-18,2802.571044921875,153833866,431130338579.9917,JR_Kyushu,9142.T,Stock
2022-10-19,2811.356689453125,153833866,432481868243.53564,JR_Kyushu,9142.T,Stock
2022-10-20,2806.964111328125,153833866,431806140968.85986,JR_Kyushu,9142.T,Stock
2022-10-21,2741.072509765625,153833866,421669781163.56885,JR_Kyushu,9142.T,Stock
2022-10-24,2675.181396484375,153833866,411533496472.4702,JR_Kyushu,9142.T,Stock
2022-10-25,2697.1455078125,153833866,414912320631.3301,JR_Kyushu,9142.T,Stock
2022-10-26,2692.752685546875,153833866,414236555799.5581,JR_Kyushu,9142.T,Stock
2022-10-27,2688.359619140625,153833866,413560753410.68994,JR_Kyushu,9142.T,Stock
2022-10-28,2701.5380859375,153833866,415588047906.00586,JR_Kyushu,9142.T,Stock
2022-10-31,2732.287353515625,153833866,420318326614.2173,JR_Kyushu,9142.T,Stock
2022-11-01,2727.89453125,153833866,419642561782.4453,JR_Kyushu,9142.T,Stock
2022-11-02,2635.646728515625,153833866,405451725657.81104,JR_Kyushu,9142.T,Stock
2022-11-04,2596.99072265625,153833866,399505122832.3447,JR_Kyushu,9142.T,Stock
2022-11-07,2593.476318359375,153833866,398964488432.66943,JR_Kyushu,9142.T,Stock
2022-11-08,2570.634033203125,153833866,395450571398.8091,JR_Kyushu,9142.T,Stock
2022-11-09,2520.556884765625,153833866,387747010056.4126,JR_Kyushu,9142.T,Stock
2022-11-10,2544.278076171875,153833866,391396132636.562,JR_Kyushu,9142.T,Stock
2022-11-11,2496.836181640625,153833866,384097962590.45557,JR_Kyushu,9142.T,Stock
2022-11-14,2465.208251953125,153833866,379232515893.0513,JR_Kyushu,9142.T,Stock
2022-11-15,2472.23681640625,153833866,380313747135.30566,JR_Kyushu,9142.T,Stock
2022-11-16,2444.123046875,153833866,375988897280.48047,JR_Kyushu,9142.T,Stock
2022-11-17,2547.791748046875,153833866,391936654364.9487,JR_Kyushu,9142.T,Stock
2022-11-18,2531.099365234375,153833866,389368800584.1499,JR_Kyushu,9142.T,Stock
2022-11-21,2538.127685546875,153833866,390449994269.3081,JR_Kyushu,9142.T,Stock
2022-11-22,2594.354736328125,153833866,399099618864.7661,JR_Kyushu,9142.T,Stock
2022-11-24,2599.626220703125,153833866,399910551685.73096,JR_Kyushu,9142.T,Stock
2022-11-25,2644.432373046875,153833866,406803255321.355,JR_Kyushu,9142.T,Stock
2022-11-28,2635.646728515625,153833866,405451725657.81104,JR_Kyushu,9142.T,Stock
2022-11-29,2666.395751953125,153833866,410181966808.9263,JR_Kyushu,9142.T,Stock
2022-11-30,2657.6103515625,153833866,408830474702.4785,JR_Kyushu,9142.T,Stock
2022-12-01,2611.926025390625,153833866,401802678191.854,JR_Kyushu,9142.T,Stock
2022-12-02,2567.119873046875,153833866,394909974556.23,JR_Kyushu,9142.T,Stock
2022-12-05,2575.027099609375,153833866,396126373787.67725,JR_Kyushu,9142.T,Stock
2022-12-06,2568.876953125,153833866,395180272977.51953,JR_Kyushu,9142.T,Stock
2022-12-07,2610.168701171875,153833866,401532342213.46826,JR_Kyushu,9142.T,Stock
2022-12-08,2623.347412109375,153833866,403559674265.8804,JR_Kyushu,9142.T,Stock
2022-12-09,2611.04736328125,153833866,401667510202.66113,JR_Kyushu,9142.T,Stock
2022-12-12,2605.77587890625,153833866,400856577381.6963,JR_Kyushu,9142.T,Stock
2022-12-13,2618.954345703125,153833866,402883871877.0122,JR_Kyushu,9142.T,Stock
2022-12-14,2603.140625,153833866,400451186085.40625,JR_Kyushu,9142.T,Stock
2022-12-15,2618.954345703125,153833866,402883871877.0122,JR_Kyushu,9142.T,Stock
2022-12-16,2620.71142578125,153833866,403154170298.30176,JR_Kyushu,9142.T,Stock
2022-12-19,2568.876953125,153833866,395180272977.51953,JR_Kyushu,9142.T,Stock
2022-12-20,2542.5205078125,153833866,391125759101.0801,JR_Kyushu,9142.T,Stock
2022-12-21,2531.099365234375,153833866,389368800584.1499,JR_Kyushu,9142.T,Stock
2022-12-22,2541.64208984375,153833866,390990628668.9834,JR_Kyushu,9142.T,Stock
2022-12-23,2543.399169921875,153833866,391260927090.27295,JR_Kyushu,9142.T,Stock
2022-12-26,2567.119873046875,153833866,394909974556.23,JR_Kyushu,9142.T,Stock
2022-12-27,2580.29833984375,153833866,396937269051.5459,JR_Kyushu,9142.T,Stock
2022-12-28,2589.96240234375,153833866,398423929147.1865,JR_Kyushu,9142.T,Stock
2022-12-29,2568.876953125,153833866,395180272977.51953,JR_Kyushu,9142.T,Stock
2022-12-30,2567.119873046875,153833866,394909974556.23,JR_Kyushu,9142.T,Stock
2023-01-04,2530.220947265625,153833866,389233670152.0532,JR_Kyushu,9142.T,Stock
2023-01-05,2509.135498046875,153833866,385990013982.3862,JR_Kyushu,9142.T,Stock
2023-01-06,2495.078857421875,153833866,383827626612.0698,JR_Kyushu,9142.T,Stock
2023-01-10,2487.171875,153833866,382611264937.71875,JR_Kyushu,9142.T,Stock
2023-01-11,2471.35791015625,153833866,380178541589.0166,JR_Kyushu,9142.T,Stock
2023-01-12,2444.123046875,153833866,375988897280.48047,JR_Kyushu,9142.T,Stock
2023-01-13,2473.114990234375,153833866,380448840010.30615,JR_Kyushu,9142.T,Stock
2023-01-16,2445.00146484375,153833866,376124027712.57715,JR_Kyushu,9142.T,Stock
2023-01-17,2440.60888671875,153833866,375448300437.90137,JR_Kyushu,9142.T,Stock
2023-01-18,2480.1435546875,153833866,381530071252.56055,JR_Kyushu,9142.T,Stock
2023-01-19,2499.4716796875,153833866,384503391443.8418,JR_Kyushu,9142.T,Stock
2023-01-20,2526.706787109375,153833866,388693073309.4741,JR_Kyushu,9142.T,Stock
2023-01-23,2530.220947265625,153833866,389233670152.0532,JR_Kyushu,9142.T,Stock
2023-01-24,2552.184326171875,153833866,392612381639.6245,JR_Kyushu,9142.T,Stock
2023-01-25,2585.5693359375,153833866,397748126758.31836,JR_Kyushu,9142.T,Stock
2023-01-26,2579.419677734375,153833866,396802101062.353,JR_Kyushu,9142.T,Stock
2023-01-27,2548.670654296875,153833866,392071859911.2378,JR_Kyushu,9142.T,Stock
2023-01-30,2544.278076171875,153833866,391396132636.562,JR_Kyushu,9142.T,Stock
2023-01-31,2557.455810546875,153833866,393423314460.58936,JR_Kyushu,9142.T,Stock
2023-02-01,2539.00634765625,153833866,390585162258.501,JR_Kyushu,9142.T,Stock
2023-02-02,2506.500244140625,153833866,385584622686.0962,JR_Kyushu,9142.T,Stock
2023-02-03,2506.500244140625,153833866,385584622686.0962,JR_Kyushu,9142.T,Stock
2023-02-06,2517.04248046875,153833866,387206375656.7373,JR_Kyushu,9142.T,Stock
2023-02-07,2504.74267578125,153833866,385314249150.61426,JR_Kyushu,9142.T,Stock
2023-02-08,2541.64208984375,153833866,390990628668.9834,JR_Kyushu,9142.T,Stock
2023-02-09,2547.791748046875,153833866,391936654364.9487,JR_Kyushu,9142.T,Stock
2023-02-10,2524.949462890625,153833866,388422737331.0884,JR_Kyushu,9142.T,Stock
2023-02-13,2543.399169921875,153833866,391260927090.27295,JR_Kyushu,9142.T,Stock
2023-02-14,2539.88525390625,153833866,390720367804.79004,JR_Kyushu,9142.T,Stock
2023-02-15,2547.791748046875,153833866,391936654364.9487,JR_Kyushu,9142.T,Stock
2023-02-16,2569.75537109375,153833866,395315403409.6162,JR_Kyushu,9142.T,Stock
2023-02-17,2559.213134765625,153833866,393693650438.9751,JR_Kyushu,9142.T,Stock
2023-02-20,2590.840576171875,153833866,398559022022.187,JR_Kyushu,9142.T,Stock
2023-02-21,2555.698974609375,153833866,393153053596.396,JR_Kyushu,9142.T,Stock
2023-02-22,2531.977783203125,153833866,389503931016.2466,JR_Kyushu,9142.T,Stock
2023-02-24,2579.419677734375,153833866,396802101062.353,JR_Kyushu,9142.T,Stock
2023-02-27,2604.8974609375,153833866,400721446949.5996,JR_Kyushu,9142.T,Stock
2023-02-28,2617.197265625,153833866,402613573455.72266,JR_Kyushu,9142.T,Stock
2023-03-01,2607.533203125,153833866,401126913360.08203,JR_Kyushu,9142.T,Stock
2023-03-02,2615.43994140625,153833866,402343237477.3369,JR_Kyushu,9142.T,Stock
2023-03-03,2640.03955078125,153833866,406127490489.583,JR_Kyushu,9142.T,Stock
2023-03-06,2648.8251953125,153833866,407479020153.12695,JR_Kyushu,9142.T,Stock
2023-03-07,2666.395751953125,153833866,410181966808.9263,JR_Kyushu,9142.T,Stock
2023-03-08,2688.359619140625,153833866,413560753410.68994,JR_Kyushu,9142.T,Stock
2023-03-09,2697.1455078125,153833866,414912320631.3301,JR_Kyushu,9142.T,Stock
2023-03-10,2648.8251953125,153833866,407479020153.12695,JR_Kyushu,9142.T,Stock
2023-03-13,2640.03955078125,153833866,406127490489.583,JR_Kyushu,9142.T,Stock
2023-03-14,2640.03955078125,153833866,406127490489.583,JR_Kyushu,9142.T,Stock
2023-03-15,2644.432373046875,153833866,406803255321.355,JR_Kyushu,9142.T,Stock
2023-03-16,2602.26220703125,153833866,400316055653.3096,JR_Kyushu,9142.T,Stock
2023-03-17,2657.6103515625,153833866,408830474702.4785,JR_Kyushu,9142.T,Stock
2023-03-20,2588.204833984375,153833866,398153555611.7046,JR_Kyushu,9142.T,Stock
2023-03-22,2608.41162109375,153833866,401262043792.1787,JR_Kyushu,9142.T,Stock
2023-03-23,2607.533203125,153833866,401126913360.08203,JR_Kyushu,9142.T,Stock
2023-03-24,2604.8974609375,153833866,400721446949.5996,JR_Kyushu,9142.T,Stock
2023-03-27,2635.646728515625,153833866,405451725657.81104,JR_Kyushu,9142.T,Stock
2023-03-28,2626.861328125,153833866,404100233551.3633,JR_Kyushu,9142.T,Stock
2023-03-29,2657.6103515625,153833866,408830474702.4785,JR_Kyushu,9142.T,Stock
2023-03-30,2675.739013671875,153833866,411619276880.1714,JR_Kyushu,9142.T,Stock
2023-03-31,2673.01953125,153833866,411200928385.6953,JR_Kyushu,9142.T,Stock
2023-04-03,2719.24658203125,153833866,418312214321.1533,JR_Kyushu,9142.T,Stock
2023-04-04,2723.779052734375,153833866,419009461811.9468,JR_Kyushu,9142.T,Stock
2023-04-05,2694.7734375,153833866,414547415884.7344,JR_Kyushu,9142.T,Stock
2023-04-06,2692.054443359375,153833866,414129142504.4507,JR_Kyushu,9142.T,Stock
2023-04-07,2682.989990234375,153833866,412734722637.05615,JR_Kyushu,9142.T,Stock
2023-04-10,2698.398681640625,153833866,415105101206.08057,JR_Kyushu,9142.T,Stock
2023-04-11,2702.93115234375,153833866,415802348696.874,JR_Kyushu,9142.T,Stock
2023-04-12,2699.305419921875,153833866,415244588261.33545,JR_Kyushu,9142.T,Stock
2023-04-13,2708.369873046875,153833866,416639008128.73,JR_Kyushu,9142.T,Stock
2023-04-14,2704.744140625,153833866,416081247693.1914,JR_Kyushu,9142.T,Stock
2023-04-17,2702.93115234375,153833866,415802348696.874,JR_Kyushu,9142.T,Stock
2023-04-18,2728.310791015625,153833866,419706596631.45166,JR_Kyushu,9142.T,Stock
2023-04-19,2737.374755859375,153833866,421100941384.6538,JR_Kyushu,9142.T,Stock
2023-04-20,2755.50341796875,153833866,423889743562.3467,JR_Kyushu,9142.T,Stock
2023-04-21,2760.035400390625,153833866,424586915938.94775,JR_Kyushu,9142.T,Stock
2023-04-24,2791.759765625,153833866,429467197689.34766,JR_Kyushu,9142.T,Stock
2023-04-25,2796.2919921875,153833866,430164407623.0449,JR_Kyushu,9142.T,Stock
2023-04-26,2805.35595703125,153833866,431558752376.2471,JR_Kyushu,9142.T,Stock
2023-04-27,2769.099609375,153833866,425981298249.2461,JR_Kyushu,9142.T,Stock
2023-04-28,2796.2919921875,153833866,430164407623.0449,JR_Kyushu,9142.T,Stock
2023-05-01,2837.08056640625,153833866,436439071683.74316,JR_Kyushu,9142.T,Stock
2023-05-02,2800.824462890625,153833866,430861655113.8384,JR_Kyushu,9142.T,Stock
2023-05-08,2823.484375,153833866,434347516996.84375,JR_Kyushu,9142.T,Stock
2023-05-09,2818.952392578125,153833866,433650344620.2427,JR_Kyushu,9142.T,Stock
2023-05-10,2800.824462890625,153833866,430861655113.8384,JR_Kyushu,9142.T,Stock
2023-05-11,2796.2919921875,153833866,430164407623.0449,JR_Kyushu,9142.T,Stock
2023-05-12,2877.869384765625,153833866,442713773301.5376,JR_Kyushu,9142.T,Stock
2023-05-15,2864.27294921875,153833866,440622181057.542,JR_Kyushu,9142.T,Stock
2023-05-16,2877.869384765625,153833866,442713773301.5376,JR_Kyushu,9142.T,Stock
2023-05-17,2900.529541015625,153833866,446199672741.63916,JR_Kyushu,9142.T,Stock
2023-05-18,2859.740966796875,153833866,439925008680.9409,JR_Kyushu,9142.T,Stock
2023-05-19,2805.35595703125,153833866,431558752376.2471,JR_Kyushu,9142.T,Stock
2023-05-22,2828.016357421875,153833866,435044689373.4448,JR_Kyushu,9142.T,Stock
2023-05-23,2814.420166015625,153833866,432953134686.5454,JR_Kyushu,9142.T,Stock
2023-05-24,2750.97119140625,153833866,423192533628.6494,JR_Kyushu,9142.T,Stock
2023-05-25,2714.714599609375,153833866,417615041944.55225,JR_Kyushu,9142.T,Stock
2023-05-26,2764.567626953125,153833866,425284125872.645,JR_Kyushu,9142.T,Stock
2023-05-29,2741.906982421875,153833866,421798151318.3511,JR_Kyushu,9142.T,Stock
2023-05-30,2728.310791015625,153833866,419706596631.45166,JR_Kyushu,9142.T,Stock
2023-05-31,2703.837646484375,153833866,415941798195.0327,JR_Kyushu,9142.T,Stock
2023-06-01,2708.369873046875,153833866,416639008128.73,JR_Kyushu,9142.T,Stock
2023-06-02,2723.779052734375,153833866,419009461811.9468,JR_Kyushu,9142.T,Stock
2023-06-05,2731.030029296875,153833866,420124907568.83154,JR_Kyushu,9142.T,Stock
2023-06-06,2729.21728515625,153833866,419846046129.61035,JR_Kyushu,9142.T,Stock
2023-06-07,2705.197265625,153833866,416150953663.72266,JR_Kyushu,9142.T,Stock
2023-06-08,2743.7197265625,153833866,422077012757.57227,JR_Kyushu,9142.T,Stock
2023-06-09,2748.251953125,153833866,422774222691.26953,JR_Kyushu,9142.T,Stock
2023-06-12,2749.158447265625,153833866,422913672189.4282,JR_Kyushu,9142.T,Stock
2023-06-13,2743.7197265625,153833866,422077012757.57227,JR_Kyushu,9142.T,Stock
2023-06-14,2757.316162109375,153833866,424168605001.5679,JR_Kyushu,9142.T,Stock
2023-06-15,2754.59716796875,153833866,423750331621.2842,JR_Kyushu,9142.T,Stock
2023-06-16,2761.848388671875,153833866,424865814935.26514,JR_Kyushu,9142.T,Stock
2023-06-19,2797.198486328125,153833866,430303857121.2036,JR_Kyushu,9142.T,Stock
2023-06-20,2790.853271484375,153833866,429327748191.18896,JR_Kyushu,9142.T,Stock
2023-06-21,2826.20361328125,153833866,434765827934.22363,JR_Kyushu,9142.T,Stock
2023-06-22,2847.051513671875,153833866,437972941049.2964,JR_Kyushu,9142.T,Stock
2023-06-23,2853.396240234375,153833866,438948974865.11865,JR_Kyushu,9142.T,Stock
2023-06-26,2821.671630859375,153833866,434068655557.62256,JR_Kyushu,9142.T,Stock
2023-06-27,2815.326416015625,153833866,433092546627.6079,JR_Kyushu,9142.T,Stock
2023-06-28,2852.48974609375,153833866,438809525366.95996,JR_Kyushu,9142.T,Stock
2023-06-29,2838.893798828125,153833866,436718008237.15674,JR_Kyushu,9142.T,Stock
2023-06-30,2807.168701171875,153833866,431837613815.46826,JR_Kyushu,9142.T,Stock
2023-07-03,2806.26220703125,153833866,431698164317.3096,JR_Kyushu,9142.T,Stock
2023-07-04,2794.479248046875,153833866,429885546183.8237,JR_Kyushu,9142.T,Stock
2023-07-05,2779.070068359375,153833866,427515092500.60693,JR_Kyushu,9142.T,Stock
2023-07-06,2770.006103515625,153833866,426120747747.4048,JR_Kyushu,9142.T,Stock
2023-07-07,2799.917724609375,153833866,430722168058.5835,JR_Kyushu,9142.T,Stock
2023-07-10,2796.2919921875,153833866,430164407623.0449,JR_Kyushu,9142.T,Stock
2023-07-11,2794.479248046875,153833866,429885546183.8237,JR_Kyushu,9142.T,Stock
2023-07-12,2790.853271484375,153833866,429327748191.18896,JR_Kyushu,9142.T,Stock
2023-07-13,2773.63134765625,153833866,426678433068.751,JR_Kyushu,9142.T,Stock
2023-07-14,2738.281494140625,153833866,421240428439.9087,JR_Kyushu,9142.T,Stock
2023-07-18,2728.310791015625,153833866,419706596631.45166,JR_Kyushu,9142.T,Stock
2023-07-19,2773.63134765625,153833866,426678433068.751,JR_Kyushu,9142.T,Stock
2023-07-20,2780.8828125,153833866,427793953939.8281,JR_Kyushu,9142.T,Stock
2023-07-21,2772.72509765625,153833866,426539021127.6885,JR_Kyushu,9142.T,Stock
2023-07-24,2775.444091796875,153833866,426957294507.97217,JR_Kyushu,9142.T,Stock
2023-07-25,2775.444091796875,153833866,426957294507.97217,JR_Kyushu,9142.T,Stock
2023-07-26,2794.479248046875,153833866,429885546183.8237,JR_Kyushu,9142.T,Stock
2023-07-27,2805.35595703125,153833866,431558752376.2471,JR_Kyushu,9142.T,Stock
2023-07-28,2809.88818359375,153833866,432255962309.94434,JR_Kyushu,9142.T,Stock
2023-07-31,2825.297119140625,153833866,434626378436.06494,JR_Kyushu,9142.T,Stock
2023-08-01,2857.92822265625,153833866,439646147241.7197,JR_Kyushu,9142.T,Stock
2023-08-02,2839.800048828125,153833866,436857420178.21924,JR_Kyushu,9142.T,Stock
2023-08-03,2769.099609375,153833866,425981298249.2461,JR_Kyushu,9142.T,Stock
2023-08-04,2748.251953125,153833866,422774222691.26953,JR_Kyushu,9142.T,Stock
2023-08-07,2766.38037109375,153833866,425562987311.8662,JR_Kyushu,9142.T,Stock
2023-08-08,2808.98193359375,153833866,432116550368.88184,JR_Kyushu,9142.T,Stock
2023-08-09,2826.20361328125,153833866,434765827934.22363,JR_Kyushu,9142.T,Stock
2023-08-10,2883.30810546875,153833866,443550432733.39355,JR_Kyushu,9142.T,Stock
2023-08-14,2845.23828125,153833866,437694004495.8828,JR_Kyushu,9142.T,Stock
2023-08-15,2859.740966796875,153833866,439925008680.9409,JR_Kyushu,9142.T,Stock
2023-08-16,2837.987060546875,153833866,436578521181.90186,JR_Kyushu,9142.T,Stock
2023-08-17,2823.484375,153833866,434347516996.84375,JR_Kyushu,9142.T,Stock
2023-08-18,2805.35595703125,153833866,431558752376.2471,JR_Kyushu,9142.T,Stock
2023-08-21,2845.23828125,153833866,437694004495.8828,JR_Kyushu,9142.T,Stock
2023-08-22,2830.735595703125,153833866,435463000310.8247,JR_Kyushu,9142.T,Stock
2023-08-23,2878.77587890625,153833866,442853222799.6963,JR_Kyushu,9142.T,Stock
2023-08-24,2870.6181640625,153833866,441598289987.55664,JR_Kyushu,9142.T,Stock
2023-08-25,2870.6181640625,153833866,441598289987.55664,JR_Kyushu,9142.T,Stock
2023-08-28,2847.957763671875,153833866,438112352990.3589,JR_Kyushu,9142.T,Stock
2023-08-29,2865.179443359375,153833866,440761630555.7007,JR_Kyushu,9142.T,Stock
2023-08-30,2848.8642578125,153833866,438251802488.5176,JR_Kyushu,9142.T,Stock
2023-08-31,2876.056640625,153833866,442434911862.3164,JR_Kyushu,9142.T,Stock
2023-09-01,2881.4951171875,153833866,443271533737.0762,JR_Kyushu,9142.T,Stock
2023-09-04,2875.150146484375,153833866,442295462364.1577,JR_Kyushu,9142.T,Stock
2023-09-05,2899.623291015625,153833866,446060260800.57666,JR_Kyushu,9142.T,Stock
2023-09-06,2894.18505859375,153833866,445223676482.9131,JR_Kyushu,9142.T,Stock
2023-09-07,2938.599365234375,153833866,452056100979.1499,JR_Kyushu,9142.T,Stock
2023-09-08,2903.2490234375,153833866,446618021236.11523,JR_Kyushu,9142.T,Stock
2023-09-11,2863.366943359375,153833866,440482806673.5757,JR_Kyushu,9142.T,Stock
2023-09-12,2882.401611328125,153833866,443410983235.23486,JR_Kyushu,9142.T,Stock
2023-09-13,2925.90966796875,153833866,450103995790.4092,JR_Kyushu,9142.T,Stock
2023-09-14,2946.757080078125,153833866,453311033791.28955,JR_Kyushu,9142.T,Stock
2023-09-15,2952.1953125,153833866,454147618108.9531,JR_Kyushu,9142.T,Stock
2023-09-19,2953.101806640625,153833866,454287067607.1118,JR_Kyushu,9142.T,Stock
2023-09-20,2954.91455078125,153833866,454565929046.333,JR_Kyushu,9142.T,Stock
2023-09-21,2944.03759765625,153833866,452892685296.8135,JR_Kyushu,9142.T,Stock
2023-09-22,2940.412109375,153833866,452334962418.3711,JR_Kyushu,9142.T,Stock
2023-09-25,2943.13134765625,153833866,452753273355.751,JR_Kyushu,9142.T,Stock
2023-09-26,2968.510986328125,153833866,456657521290.3286,JR_Kyushu,9142.T,Stock
2023-09-27,2978.481689453125,153833866,458191353098.78564,JR_Kyushu,9142.T,Stock
2023-09-28,2925.90966796875,153833866,450103995790.4092,JR_Kyushu,9142.T,Stock
2023-09-29,2881.4951171875,153833866,443271533737.0762,JR_Kyushu,9142.T,Stock
2023-10-02,2847.051513671875,153833866,437972941049.2964,JR_Kyushu,9142.T,Stock
2023-10-03,2799.01123046875,153833866,430582718560.4248,JR_Kyushu,9142.T,Stock
2023-10-04,2737.374755859375,153833866,421100941384.6538,JR_Kyushu,9142.T,Stock
2023-10-05,2771.81884765625,153833866,426399609186.626,JR_Kyushu,9142.T,Stock
2023-10-06,2802.63720703125,153833866,431140516553.0596,JR_Kyushu,9142.T,Stock
2023-10-10,2806.26220703125,153833866,431698164317.3096,JR_Kyushu,9142.T,Stock
2023-10-11,2799.917724609375,153833866,430722168058.5835,JR_Kyushu,9142.T,Stock
2023-10-12,2804.449951171875,153833866,431419377992.28076,JR_Kyushu,9142.T,Stock
2023-10-13,2783.602294921875,153833866,428212302434.3042,JR_Kyushu,9142.T,Stock
2023-10-16,2693.8671875,153833866,414408003943.6719,JR_Kyushu,9142.T,Stock
2023-10-17,2712.448486328125,153833866,417266436977.7036,JR_Kyushu,9142.T,Stock
2023-10-18,2757.316162109375,153833866,424168605001.5679,JR_Kyushu,9142.T,Stock
2023-10-19,2766.38037109375,153833866,425562987311.8662,JR_Kyushu,9142.T,Stock
2023-10-20,2738.281494140625,153833866,421240428439.9087,JR_Kyushu,9142.T,Stock
2023-10-23,2721.0595703125,153833866,418591113317.4707,JR_Kyushu,9142.T,Stock
2023-10-24,2734.65576171875,153833866,420682668004.3701,JR_Kyushu,9142.T,Stock
2023-10-25,2737.374755859375,153833866,421100941384.6538,JR_Kyushu,9142.T,Stock
2023-10-26,2737.374755859375,153833866,421100941384.6538,JR_Kyushu,9142.T,Stock
2023-10-27,2784.5087890625,153833866,428351751932.4629,JR_Kyushu,9142.T,Stock
2023-10-30,2747.345703125,153833866,422634810750.20703,JR_Kyushu,9142.T,Stock
2023-10-31,2792.66650390625,153833866,429606684744.60254,JR_Kyushu,9142.T,Stock
2023-11-01,2804.449951171875,153833866,431419377992.28076,JR_Kyushu,9142.T,Stock
2023-11-02,2833.455322265625,153833866,435881386362.397,JR_Kyushu,9142.T,Stock
2023-11-06,2835.267822265625,153833866,436160210244.522,JR_Kyushu,9142.T,Stock
2023-11-07,2789.94677734375,153833866,429188298693.0303,JR_Kyushu,9142.T,Stock
2023-11-08,2726.498046875,153833866,419427735192.23047,JR_Kyushu,9142.T,Stock
2023-11-09,2779.070068359375,153833866,427515092500.60693,JR_Kyushu,9142.T,Stock
2023-11-10,2770.91259765625,153833866,426260197245.5635,JR_Kyushu,9142.T,Stock
2023-11-13,2762.7548828125,153833866,425005264433.4238,JR_Kyushu,9142.T,Stock
2023-11-14,2773.63134765625,153833866,426678433068.751,JR_Kyushu,9142.T,Stock
2023-11-15,2782.69580078125,153833866,428072852936.1455,JR_Kyushu,9142.T,Stock
2023-11-16,2750.97119140625,153833866,423192533628.6494,JR_Kyushu,9142.T,Stock
2023-11-17,2808.98193359375,153833866,432116550368.88184,JR_Kyushu,9142.T,Stock
2023-11-20,2775.444091796875,153833866,426957294507.97217,JR_Kyushu,9142.T,Stock
2023-11-21,2794.479248046875,153833866,429885546183.8237,JR_Kyushu,9142.T,Stock
2023-11-22,2804.449951171875,153833866,431419377992.28076,JR_Kyushu,9142.T,Stock
2023-11-24,2795.385498046875,153833866,430024958124.8862,JR_Kyushu,9142.T,Stock
2023-11-27,2797.198486328125,153833866,430303857121.2036,JR_Kyushu,9142.T,Stock
2023-11-28,2818.046142578125,153833866,433510932679.1802,JR_Kyushu,9142.T,Stock
2023-11-29,2804.449951171875,153833866,431419377992.28076,JR_Kyushu,9142.T,Stock
2023-11-30,2801.730712890625,153833866,431001067054.9009,JR_Kyushu,9142.T,Stock
2023-12-01,2817.1396484375,153833866,433371483181.0215,JR_Kyushu,9142.T,Stock
2023-12-04,2818.046142578125,153833866,433510932679.1802,JR_Kyushu,9142.T,Stock
2023-12-05,2856.115234375,153833866,439367248245.40234,JR_Kyushu,9142.T,Stock
2023-12-06,2863.366943359375,153833866,440482806673.5757,JR_Kyushu,9142.T,Stock
2023-12-07,2903.2490234375,153833866,446618021236.11523,JR_Kyushu,9142.T,Stock
2023-12-08,2864.27294921875,153833866,440622181057.542,JR_Kyushu,9142.T,Stock
2023-12-11,2886.027099609375,153833866,443968706113.67725,JR_Kyushu,9142.T,Stock
2023-12-12,2884.214111328125,153833866,443689807117.35986,JR_Kyushu,9142.T,Stock
2023-12-13,2882.401611328125,153833866,443410983235.23486,JR_Kyushu,9142.T,Stock
2023-12-14,2851.58349609375,153833866,438670113425.89746,JR_Kyushu,9142.T,Stock
2023-12-15,2865.179443359375,153833866,440761630555.7007,JR_Kyushu,9142.T,Stock
2023-12-18,2821.671630859375,153833866,434068655557.62256,JR_Kyushu,9142.T,Stock
2023-12-19,2796.2919921875,153833866,430164407623.0449,JR_Kyushu,9142.T,Stock
2023-12-20,2792.66650390625,153833866,429606684744.60254,JR_Kyushu,9142.T,Stock
2023-12-21,2790.853271484375,153833866,429327748191.18896,JR_Kyushu,9142.T,Stock
2023-12-22,2792.66650390625,153833866,429606684744.60254,JR_Kyushu,9142.T,Stock
2023-12-25,2776.3505859375,153833866,427096744006.13086,JR_Kyushu,9142.T,Stock
2023-12-26,2773.63134765625,153833866,426678433068.751,JR_Kyushu,9142.T,Stock
2023-12-27,2793.57275390625,153833866,429746096685.66504,JR_Kyushu,9142.T,Stock
2023-12-28,2807.168701171875,153833866,431837613815.46826,JR_Kyushu,9142.T,Stock
2023-12-29,2816.233154296875,153833866,433232033682.8628,JR_Kyushu,9142.T,Stock
2024-01-04,2842.519287109375,153833866,437275731115.5991,JR_Kyushu,9142.T,Stock
2024-01-05,2874.24365234375,153833866,442156012865.999,JR_Kyushu,9142.T,Stock
2024-01-09,2887.840087890625,153833866,444247605109.9946,JR_Kyushu,9142.T,Stock
2024-01-10,2920.470947265625,153833866,449267336358.5532,JR_Kyushu,9142.T,Stock
2024-01-11,2956.7275390625,153833866,454844828042.6504,JR_Kyushu,9142.T,Stock
2024-01-12,2944.03759765625,153833866,452892685296.8135,JR_Kyushu,9142.T,Stock
2024-01-15,2934.973388671875,153833866,451498302986.51514,JR_Kyushu,9142.T,Stock
2024-01-16,2920.470947265625,153833866,449267336358.5532,JR_Kyushu,9142.T,Stock
2024-01-17,2945.8505859375,153833866,453171584293.13086,JR_Kyushu,9142.T,Stock
2024-01-18,2919.564453125,153833866,449127886860.39453,JR_Kyushu,9142.T,Stock
2024-01-19,2895.997802734375,153833866,445502537922.1343,JR_Kyushu,9142.T,Stock
2024-01-22,2941.318603515625,153833866,452474411916.5298,JR_Kyushu,9142.T,Stock
2024-01-23,2920.470947265625,153833866,449267336358.5532,JR_Kyushu,9142.T,Stock
2024-01-24,2880.588623046875,153833866,443132084238.9175,JR_Kyushu,9142.T,Stock
2024-01-25,2898.716796875,153833866,445920811302.41797,JR_Kyushu,9142.T,Stock
2024-01-26,2874.24365234375,153833866,442156012865.999,JR_Kyushu,9142.T,Stock
2024-01-29,2901.43603515625,153833866,446339122239.79785,JR_Kyushu,9142.T,Stock
2024-01-30,2895.997802734375,153833866,445502537922.1343,JR_Kyushu,9142.T,Stock
2024-01-31,2943.13134765625,153833866,452753273355.751,JR_Kyushu,9142.T,Stock
2024-02-01,2993.890380859375,153833866,460561731667.81006,JR_Kyushu,9142.T,Stock
2024-02-02,3029.24072265625,153833866,465999811410.8447,JR_Kyushu,9142.T,Stock
2024-02-05,3041.930908203125,153833866,467951991713.77783,JR_Kyushu,9142.T,Stock
2024-02-06,3077.28076171875,153833866,473389996342.6201,JR_Kyushu,9142.T,Stock
2024-02-07,3057.340087890625,153833866,470322445396.9946,JR_Kyushu,9142.T,Stock
2024-02-08,3018.364013671875,153833866,464326605218.4214,JR_Kyushu,9142.T,Stock
2024-02-09,3023.80224609375,153833866,465163189536.08496,JR_Kyushu,9142.T,Stock
2024-02-13,3023.80224609375,153833866,465163189536.08496,JR_Kyushu,9142.T,Stock
2024-02-14,2997.51611328125,153833866,461119492103.34863,JR_Kyushu,9142.T,Stock
2024-02-15,2978.481689453125,153833866,458191353098.78564,JR_Kyushu,9142.T,Stock
2024-02-16,2996.60986328125,153833866,460980080162.28613,JR_Kyushu,9142.T,Stock
2024-02-19,3048.275390625,153833866,468927987972.5039,JR_Kyushu,9142.T,Stock
2024-02-20,3039.21142578125,153833866,467533643219.30176,JR_Kyushu,9142.T,Stock
2024-02-21,3054.62060546875,153833866,469904096902.51855,JR_Kyushu,9142.T,Stock
2024-02-22,3091.78369140625,153833866,475621038084.7744,JR_Kyushu,9142.T,Stock
2024-02-26,3108.098876953125,153833866,478130866151.9575,JR_Kyushu,9142.T,Stock
2024-02-27,3128.94677734375,153833866,481337979267.0303,JR_Kyushu,9142.T,Stock
2024-02-28,3131.665771484375,153833866,481756252647.31396,JR_Kyushu,9142.T,Stock
2024-02-29,3120.7890625,153833866,480083046454.8906,JR_Kyushu,9142.T,Stock
2024-03-01,3184.23779296875,153833866,489843609955.6904,JR_Kyushu,9142.T,Stock
2024-03-04,3191.489013671875,153833866,490959093269.6714,JR_Kyushu,9142.T,Stock
2024-03-05,3203.2724609375,153833866,492771786517.3496,JR_Kyushu,9142.T,Stock
2024-03-06,3207.8046875,153833866,493468996451.0469,JR_Kyushu,9142.T,Stock
2024-03-07,3264.90869140625,153833866,502253526136.0244,JR_Kyushu,9142.T,Stock
2024-03-08,3205.991943359375,153833866,493190135011.8257,JR_Kyushu,9142.T,Stock
2024-03-11,3176.986572265625,153833866,488728126641.7095,JR_Kyushu,9142.T,Stock
2024-03-12,3188.769775390625,153833866,490540782332.2915,JR_Kyushu,9142.T,Stock
2024-03-13,3199.647216796875,153833866,492214101196.0034,JR_Kyushu,9142.T,Stock
2024-03-14,3239.529296875,153833866,498349315758.54297,JR_Kyushu,9142.T,Stock
2024-03-15,3244.061279296875,153833866,499046488135.14404,JR_Kyushu,9142.T,Stock
2024-03-18,3221.40087890625,153833866,495560551137.9463,JR_Kyushu,9142.T,Stock
2024-03-19,3262.189697265625,153833866,501835252755.7407,JR_Kyushu,9142.T,Stock
2024-03-21,3253.12548828125,153833866,500440870445.4424,JR_Kyushu,9142.T,Stock
2024-03-22,3263.095947265625,153833866,501974664696.8032,JR_Kyushu,9142.T,Stock
2024-03-25,3264.002197265625,153833866,502114076637.8657,JR_Kyushu,9142.T,Stock
2024-03-26,3233.18408203125,153833866,497373206828.5283,JR_Kyushu,9142.T,Stock
2024-03-27,3238.622802734375,153833866,498209866260.3843,JR_Kyushu,9142.T,Stock
2024-03-28,3208.84228515625,153833866,493628614109.86035,JR_Kyushu,9142.T,Stock
2024-03-29,3290.73876953125,153833866,506227066913.0752,JR_Kyushu,9142.T,Stock
2024-04-01,3246.99853515625,153833866,499498337559.42285,JR_Kyushu,9142.T,Stock
2024-04-02,3177.20068359375,153833866,488761064215.06934,JR_Kyushu,9142.T,Stock
2024-04-03,3197.6748046875,153833866,491910677415.87305,JR_Kyushu,9142.T,Stock
2024-04-04,3184.645751953125,153833866,489906367863.4263,JR_Kyushu,9142.T,Stock
2024-04-05,3216.28759765625,153833866,494773955315.3135,JR_Kyushu,9142.T,Stock
2024-04-08,3229.316650390625,153833866,496778264867.76025,JR_Kyushu,9142.T,Stock
2024-04-09,3252.582763671875,153833866,500357381020.6089,JR_Kyushu,9142.T,Stock
2024-04-10,3253.51318359375,153833866,500500511114.19434,JR_Kyushu,9142.T,Stock
2024-04-11,3286.08544921875,153833866,505511228659.667,JR_Kyushu,9142.T,Stock
2024-04-12,3312.143310546875,153833866,509519810207.46436,JR_Kyushu,9142.T,Stock
2024-04-15,3327.033447265625,153833866,511810417504.1782,JR_Kyushu,9142.T,Stock
2024-04-16,3272.1259765625,153833866,503363789013.63477,JR_Kyushu,9142.T,Stock
2024-04-17,3257.2353515625,153833866,501073106602.7285,JR_Kyushu,9142.T,Stock
2024-04-18,3266.542236328125,153833866,502504820666.6411,JR_Kyushu,9142.T,Stock
2024-04-19,3218.14892578125,153833866,495060290616.67676,JR_Kyushu,9142.T,Stock
2024-04-22,3302.8369140625,153833866,508088171257.74414,JR_Kyushu,9142.T,Stock
2024-04-23,3267.472900390625,153833866,502647988317.32275,JR_Kyushu,9142.T,Stock
2024-04-24,3248.85986328125,153833866,499784672860.78613,JR_Kyushu,9142.T,Stock
2024-04-25,3216.28759765625,153833866,494773955315.3135,JR_Kyushu,9142.T,Stock
2024-04-26,3197.6748046875,153833866,491910677415.87305,JR_Kyushu,9142.T,Stock
2024-04-30,3153.934814453125,153833866,485181985619.3169,JR_Kyushu,9142.T,Stock
2024-05-01,3193.021484375,153833866,491194839162.46484,JR_Kyushu,9142.T,Stock
2024-05-02,3162.310546875,153833866,486470456918.35547,JR_Kyushu,9142.T,Stock
2024-05-07,3169.755615234375,153833866,487615760566.7124,JR_Kyushu,9142.T,Stock
2024-05-08,3144.628173828125,153833866,483750309112.5005,JR_Kyushu,9142.T,Stock
2024-05-09,3151.142822265625,153833866,484752482667.272,JR_Kyushu,9142.T,Stock
2024-05-10,3079.483642578125,153833866,473728874021.5552,JR_Kyushu,9142.T,Stock
2024-05-13,3092.5126953125,153833866,475733183574.00195,JR_Kyushu,9142.T,Stock
2024-05-14,3093.443115234375,153833866,475876313667.5874,JR_Kyushu,9142.T,Stock
2024-05-15,3079.483642578125,153833866,473728874021.5552,JR_Kyushu,9142.T,Stock
2024-05-16,3041.32763671875,153833866,467859188129.08887,JR_Kyushu,9142.T,Stock
2024-05-17,3075.760986328125,153833866,473156203418.8286,JR_Kyushu,9142.T,Stock
2024-05-20,3072.968994140625,153833866,472726700466.7837,JR_Kyushu,9142.T,Stock
2024-05-21,3089.720703125,153833866,475303680621.95703,JR_Kyushu,9142.T,Stock
2024-05-22,3093.443115234375,153833866,475876313667.5874,JR_Kyushu,9142.T,Stock
2024-05-23,3149.281494140625,153833866,484466147365.9087,JR_Kyushu,9142.T,Stock
2024-05-24,3148.350830078125,153833866,484322979715.22705,JR_Kyushu,9142.T,Stock
2024-05-27,3195.8134765625,153833866,491624342114.50977,JR_Kyushu,9142.T,Stock
2024-05-28,3193.952392578125,153833866,491338044370.2427,JR_Kyushu,9142.T,Stock
2024-05-29,3131.599609375,153833866,481746074674.2461,JR_Kyushu,9142.T,Stock
2024-05-30,3163.2412109375,153833866,486613624569.0371,JR_Kyushu,9142.T,Stock
2024-05-31,3218.14892578125,153833866,495060290616.67676,JR_Kyushu,9142.T,Stock
2024-06-03,3220.940673828125,153833866,495489756011.6255,JR_Kyushu,9142.T,Stock
2024-06-04,3193.952392578125,153833866,491338044370.2427,JR_Kyushu,9142.T,Stock
2024-06-05,3232.1083984375,153833866,497207730262.709,JR_Kyushu,9142.T,Stock
2024-06-06,3286.08544921875,153833866,505511228659.667,JR_Kyushu,9142.T,Stock
2024-06-07,3266.542236328125,153833866,502504820666.6411,JR_Kyushu,9142.T,Stock
2024-06-10,3311.212646484375,153833866,509376642556.7827,JR_Kyushu,9142.T,Stock
2024-06-11,3281.43212890625,153833866,504795390406.2588,JR_Kyushu,9142.T,Stock
2024-06-12,3258.166259765625,153833866,501216311810.50635,JR_Kyushu,9142.T,Stock
2024-06-13,3183.71533203125,153833866,489763237769.8408,JR_Kyushu,9142.T,Stock
2024-06-14,3182.78466796875,153833866,489620070119.1592,JR_Kyushu,9142.T,Stock
2024-06-17,3095.304443359375,153833866,476162648968.9507,JR_Kyushu,9142.T,Stock
2024-06-18,3139.975341796875,153833866,483034545973.28467,JR_Kyushu,9142.T,Stock
2024-06-19,3164.171875,153833866,486756792219.71875,JR_Kyushu,9142.T,Stock
2024-06-20,3138.1142578125,153833866,482748248229.0176,JR_Kyushu,9142.T,Stock
2024-06-21,3164.171875,153833866,486756792219.71875,JR_Kyushu,9142.T,Stock
2024-06-24,3184.645751953125,153833866,489906367863.4263,JR_Kyushu,9142.T,Stock
2024-06-25,3227.455322265625,153833866,496491929566.397,JR_Kyushu,9142.T,Stock
2024-06-26,3191.16015625,153833866,490908503861.10156,JR_Kyushu,9142.T,Stock
2024-06-27,3187.43798828125,153833866,490335908372.5674,JR_Kyushu,9142.T,Stock
2024-06-28,3243.276123046875,153833866,498925704513.7925,JR_Kyushu,9142.T,Stock
2024-07-01,3233.969970703125,153833866,497494103121.16846,JR_Kyushu,9142.T,Stock
2024-07-02,3242.345458984375,153833866,498782536863.11084,JR_Kyushu,9142.T,Stock
2024-07-03,3240.48388671875,153833866,498496164004.65137,JR_Kyushu,9142.T,Stock
2024-07-04,3269.333984375,153833866,502934286061.58984,JR_Kyushu,9142.T,Stock
2024-07-05,3231.177734375,153833866,497064562612.02734,JR_Kyushu,9142.T,Stock
2024-07-08,3255.374267578125,153833866,500786808858.4614,JR_Kyushu,9142.T,Stock
2024-07-09,3275.848388671875,153833866,503936422059.26514,JR_Kyushu,9142.T,Stock
2024-07-10,3307.490234375,153833866,508804009511.15234,JR_Kyushu,9142.T,Stock
2024-07-11,3317.72705078125,153833866,510378778554.458,JR_Kyushu,9142.T,Stock
2024-07-12,3300.975830078125,153833866,507801873513.47705,JR_Kyushu,9142.T,Stock
2024-07-16,3313.073974609375,153833866,509662977858.146,JR_Kyushu,9142.T,Stock
2024-07-17,3388.45556640625,153833866,521259219549.49316,JR_Kyushu,9142.T,Stock
2024-07-18,3407.9990234375,153833866,524265665099.61523,JR_Kyushu,9142.T,Stock
2024-07-19,3425.681396484375,153833866,526985812905.4702,JR_Kyushu,9142.T,Stock
2024-07-22,3649.96533203125,153833866,561488277792.3408,JR_Kyushu,9142.T,Stock
2024-07-23,3716.04052734375,153833866,571652880533.9678,JR_Kyushu,9142.T,Stock
2024-07-24,3624.838134765625,153833866,557622863895.2251,JR_Kyushu,9142.T,Stock
2024-07-25,3585.751220703125,153833866,551609972794.981,JR_Kyushu,9142.T,Stock
2024-07-26,3608.086669921875,153833866,555045921297.148,JR_Kyushu,9142.T,Stock
2024-07-29,3644.38134765625,153833866,560629271888.251,JR_Kyushu,9142.T,Stock
2024-07-30,3648.10400390625,153833866,561201942490.9775,JR_Kyushu,9142.T,Stock
2024-07-31,3741.16796875,153833866,575518331988.1797,JR_Kyushu,9142.T,Stock
2024-08-01,3654.618408203125,153833866,562204078488.6528,JR_Kyushu,9142.T,Stock
2024-08-02,3444.294189453125,153833866,529849090804.91064,JR_Kyushu,9142.T,Stock
2024-08-05,3168.824951171875,153833866,487472592916.03076,JR_Kyushu,9142.T,Stock
2024-08-06,3373.5654296875,153833866,518968612252.7793,JR_Kyushu,9142.T,Stock
2024-08-07,3475.93603515625,153833866,534716678256.79785,JR_Kyushu,9142.T,Stock
2024-08-08,3535.49658203125,153833866,543879107443.6533,JR_Kyushu,9142.T,Stock
2024-08-09,3388.45556640625,153833866,521259219549.49316,JR_Kyushu,9142.T,Stock
2024-08-13,3400.553955078125,153833866,523120361451.2583,JR_Kyushu,9142.T,Stock
2024-08-14,3454.531005859375,153833866,531423859848.2163,JR_Kyushu,9142.T,Stock
2024-08-15,3411.7216796875,153833866,524838335702.3418,JR_Kyushu,9142.T,Stock
2024-08-16,3448.016357421875,153833866,530421686293.4448,JR_Kyushu,9142.T,Stock
2024-08-19,3515.022705078125,153833866,540729531799.9458,JR_Kyushu,9142.T,Stock
2024-08-20,3551.3173828125,153833866,546312882391.0488,JR_Kyushu,9142.T,Stock
2024-08-21,3551.3173828125,153833866,546312882391.0488,JR_Kyushu,9142.T,Stock
2024-08-22,3566.207763671875,153833866,548603527244.8589,JR_Kyushu,9142.T,Stock
2024-08-23,3655.549072265625,153833866,562347246139.3345,JR_Kyushu,9142.T,Stock
2024-08-26,3691.843994140625,153833866,567930634287.5337,JR_Kyushu,9142.T,Stock
2024-08-27,3672.30029296875,153833866,564924151180.3154,JR_Kyushu,9142.T,Stock
2024-08-28,3668.577880859375,153833866,564351518134.685,JR_Kyushu,9142.T,Stock
2024-08-29,3645.31201171875,153833866,560772439538.9326,JR_Kyushu,9142.T,Stock
2024-08-30,3638.797607421875,153833866,559770303541.2573,JR_Kyushu,9142.T,Stock
2024-09-02,3662.993896484375,153833866,563492512230.5952,JR_Kyushu,9142.T,Stock
2024-09-03,3739.306884765625,153833866,575232034243.9126,JR_Kyushu,9142.T,Stock
2024-09-04,3741.16796875,153833866,575518331988.1797,JR_Kyushu,9142.T,Stock
2024-09-05,3825.85595703125,153833866,588546212629.2471,JR_Kyushu,9142.T,Stock
2024-09-06,3798.8671875,153833866,584394425873.6719,JR_Kyushu,9142.T,Stock
2024-09-09,3785.838623046875,153833866,582390191435.4175,JR_Kyushu,9142.T,Stock
2024-09-10,3837.0234375,153833866,590264149323.2344,JR_Kyushu,9142.T,Stock
2024-09-11,3737.445556640625,153833866,574945698942.5493,JR_Kyushu,9142.T,Stock
2024-09-12,3828.64794921875,153833866,588975715581.292,JR_Kyushu,9142.T,Stock
2024-09-13,3835.162353515625,153833866,589977851578.9673,JR_Kyushu,9142.T,Stock
2024-09-17,3855.635986328125,153833866,593127389665.5786,JR_Kyushu,9142.T,Stock
2024-09-18,3835.162353515625,153833866,589977851578.9673,JR_Kyushu,9142.T,Stock
2024-09-19,3839.8154296875,153833866,590693652275.2793,JR_Kyushu,9142.T,Stock
2024-09-20,3844.46875,153833866,591409490528.6875,JR_Kyushu,9142.T,Stock
2024-09-24,3844.46875,153833866,591409490528.6875,JR_Kyushu,9142.T,Stock
2024-09-25,3844.46875,153833866,591409490528.6875,JR_Kyushu,9142.T,Stock
2024-09-26,3865.87353515625,153833866,594702271380.1729,JR_Kyushu,9142.T,Stock
2024-09-27,3912.46142578125,153833866,601869066703.8018,JR_Kyushu,9142.T,Stock
2024-09-30,3891.755859375,153833866,598683849375.8086,JR_Kyushu,9142.T,Stock
2024-10-01,3949.16748046875,153833866,607515701001.9873,JR_Kyushu,9142.T,Stock
2024-10-02,3887.9912109375,153833866,598104718952.5371,JR_Kyushu,9142.T,Stock
2024-10-03,3938.814697265625,153833866,605923092337.9907,JR_Kyushu,9142.T,Stock
2024-10-04,3946.34375,153833866,607081315627.4375,JR_Kyushu,9142.T,Stock
2024-10-07,3978.343994140625,153833866,612004036896.5337,JR_Kyushu,9142.T,Stock
2024-10-08,3960.461669921875,153833866,609253129828.898,JR_Kyushu,9142.T,Stock
2024-10-09,3961.40283203125,153833866,609397912434.7158,JR_Kyushu,9142.T,Stock
2024-10-10,3958.5791015625,153833866,608963527060.166,JR_Kyushu,9142.T,Stock
2024-10-11,3920.93212890625,153833866,603172147713.2588,JR_Kyushu,9142.T,Stock
2024-10-15,3917.16748046875,153833866,602593017289.9873,JR_Kyushu,9142.T,Stock
2024-10-16,3827.755859375,153833866,588838481951.8086,JR_Kyushu,9142.T,Stock
2024-10-17,3806.109130859375,153833866,585508482017.9976,JR_Kyushu,9142.T,Stock
2024-10-18,3762.81494140625,153833866,578848369479.0869,JR_Kyushu,9142.T,Stock
2024-10-21,3731.75634765625,153833866,574070505930.001,JR_Kyushu,9142.T,Stock
2024-10-22,3715.756103515625,153833866,571609126516.9048,JR_Kyushu,9142.T,Stock
2024-10-23,3708.226806640625,153833866,570450865670.3618,JR_Kyushu,9142.T,Stock
2024-10-24,3719.520751953125,153833866,572188256940.1763,JR_Kyushu,9142.T,Stock
2024-10-25,3699.75634765625,153833866,569147822218.001,JR_Kyushu,9142.T,Stock
2024-10-28,3730.81494140625,153833866,573925685767.0869,JR_Kyushu,9142.T,Stock
2024-10-29,3755.28564453125,153833866,577690108632.544,JR_Kyushu,9142.T,Stock
2024-10-30,3740.2265625,153833866,575373511825.2656,JR_Kyushu,9142.T,Stock
2024-10-31,3776.932373046875,153833866,581020108566.355,JR_Kyushu,9142.T,Stock
2024-11-01,3742.109130859375,153833866,575663114593.9976,JR_Kyushu,9142.T,Stock
2024-11-05,3682.815185546875,153833866,566541697756.1831,JR_Kyushu,9142.T,Stock
2024-11-06,3701.638671875,153833866,569437387429.6367,JR_Kyushu,9142.T,Stock
2024-11-07,3604.69775390625,153833866,554524591244.915,JR_Kyushu,9142.T,Stock
2024-11-08,3737.403076171875,153833866,574939164007.812,JR_Kyushu,9142.T,Stock
2024-11-11,3733.638671875,153833866,574360071141.6367,JR_Kyushu,9142.T,Stock
2024-11-12,3729.87353515625,153833866,573780865604.1729,JR_Kyushu,9142.T,Stock
2024-11-13,3683.75634765625,153833866,566686480362.001,JR_Kyushu,9142.T,Stock
2024-11-14,3639.52099609375,153833866,559881585217.2725,JR_Kyushu,9142.T,Stock
2024-11-15,3625.403564453125,153833866,557709846130.0044,JR_Kyushu,9142.T,Stock
2024-11-18,3648.932861328125,153833866,561329448832.5474,JR_Kyushu,9142.T,Stock
2024-11-19,3716.697509765625,153833866,571753946679.8188,JR_Kyushu,9142.T,Stock
2024-11-20,3683.75634765625,153833866,566686480362.001,JR_Kyushu,9142.T,Stock
2024-11-21,3679.991455078125,153833866,566107312381.6333,JR_Kyushu,9142.T,Stock
2024-11-22,3702.57958984375,153833866,569582132478.3584,JR_Kyushu,9142.T,Stock
2024-11-25,3706.3447265625,153833866,570161338015.8223,JR_Kyushu,9142.T,Stock
2024-11-26,3689.4033203125,153833866,567555175996.9082,JR_Kyushu,9142.T,Stock
2024-11-27,3623.52099609375,153833866,557420243361.2725,JR_Kyushu,9142.T,Stock
2024-11-28,3667.75634765625,153833866,564225138506.001,JR_Kyushu,9142.T,Stock
2024-11-29,3705.403076171875,153833866,570016480295.812,JR_Kyushu,9142.T,Stock
2024-12-02,3727.991455078125,153833866,573491337949.6333,JR_Kyushu,9142.T,Stock
2024-12-03,3783.520751953125,153833866,582033624364.1763,JR_Kyushu,9142.T,Stock
2024-12-04,3728.9326171875,153833866,573636120555.4512,JR_Kyushu,9142.T,Stock
2024-12-05,3726.109130859375,153833866,573201772737.9976,JR_Kyushu,9142.T,Stock
2024-12-06,3723.28564453125,153833866,572767424920.544,JR_Kyushu,9142.T,Stock
2024-12-09,3711.991455078125,153833866,571029996093.6333,JR_Kyushu,9142.T,Stock
2024-12-10,3691.285888671875,153833866,567844778765.6401,JR_Kyushu,9142.T,Stock
2024-12-11,3723.28564453125,153833866,572767424920.544,JR_Kyushu,9142.T,Stock
2024-12-12,3821.16796875,153833866,587825041268.1797,JR_Kyushu,9142.T,Stock
2024-12-13,3849.40283203125,153833866,592168519442.7158,JR_Kyushu,9142.T,Stock
2024-12-16,3737.403076171875,153833866,574939164007.812,JR_Kyushu,9142.T,Stock
2024-12-17,3688.4619140625,153833866,567410355833.9941,JR_Kyushu,9142.T,Stock
2024-12-18,3658.3447265625,153833866,562777312447.8223,JR_Kyushu,9142.T,Stock
2024-12-19,3643.28564453125,153833866,560460715640.544,JR_Kyushu,9142.T,Stock
2024-12-20,3637.638916015625,153833866,559592057562.7329,JR_Kyushu,9142.T,Stock
2024-12-23,3633.8740234375,153833866,559012889582.3652,JR_Kyushu,9142.T,Stock
2024-12-24,3611.285888671875,153833866,555538069485.6401,JR_Kyushu,9142.T,Stock
2024-12-25,3590.579833984375,153833866,552352777043.4546,JR_Kyushu,9142.T,Stock
2024-12-26,3618.815185546875,153833866,556696330332.1831,JR_Kyushu,9142.T,Stock
2024-12-27,3628.22705078125,153833866,558144193947.458,JR_Kyushu,9142.T,Stock
2024-12-30,3604.69775390625,153833866,554524591244.915,JR_Kyushu,9142.T,Stock
2025-01-06,3598.109375,153833866,553511075447.0938,JR_Kyushu,9142.T,Stock
2025-01-07,3601.874267578125,153833866,554090243427.4614,JR_Kyushu,9142.T,Stock
2025-01-08,3576.462158203125,153833866,550181000399.0903,JR_Kyushu,9142.T,Stock
2025-01-09,3538.8154296875,153833866,544389658609.2793,JR_Kyushu,9142.T,Stock
2025-01-10,3529.40380859375,153833866,542941832551.1006,JR_Kyushu,9142.T,Stock
2025-01-14,3471.05078125,153833866,533965160762.0078,JR_Kyushu,9142.T,Stock
2025-01-15,3486.109619140625,153833866,536281720012.18994,JR_Kyushu,9142.T,Stock
2025-01-16,3456.93310546875,153833866,531793384117.64355,JR_Kyushu,9142.T,Stock
2025-01-17,3436.227294921875,153833866,528608129232.5542,JR_Kyushu,9142.T,Stock
2025-01-20,3424.93359375,153833866,526870775519.83594,JR_Kyushu,9142.T,Stock
2025-01-21,3444.697998046875,153833866,529911210242.0112,JR_Kyushu,9142.T,Stock
2025-01-22,3434.34521484375,153833866,528318601578.01465,JR_Kyushu,9142.T,Stock
2025-01-23,3436.227294921875,153833866,528608129232.5542,JR_Kyushu,9142.T,Stock
2025-01-24,3438.10986328125,153833866,528897732001.28613,JR_Kyushu,9142.T,Stock
2025-01-27,3471.9921875,153833866,534109980924.9219,JR_Kyushu,9142.T,Stock
2025-01-28,3487.05078125,153833866,536426502618.0078,JR_Kyushu,9142.T,Stock
2025-01-29,3482.34521484375,153833866,535702627146.01465,JR_Kyushu,9142.T,Stock
2025-01-30,3564.227294921875,153833866,548298864080.5542,JR_Kyushu,9142.T,Stock
2025-01-31,3557.638916015625,153833866,547285348282.7329,JR_Kyushu,9142.T,Stock
2025-02-03,3553.8740234375,153833866,546706180302.36523,JR_Kyushu,9142.T,Stock
2025-02-04,3500.227294921875,153833866,538453496656.5542,JR_Kyushu,9142.T,Stock
2025-02-05,3476.69775390625,153833866,534833856396.91504,JR_Kyushu,9142.T,Stock
2025-02-06,3460.697998046875,153833866,532372552098.0112,JR_Kyushu,9142.T,Stock
2025-02-07,3453.16845703125,153833866,531214253694.3721,JR_Kyushu,9142.T,Stock
2025-02-10,3457.87451171875,153833866,531938204280.5576,JR_Kyushu,9142.T,Stock
2025-02-12,3450.344970703125,153833866,530779905876.91846,JR_Kyushu,9142.T,Stock
2025-02-13,3486.109619140625,153833866,536281720012.18994,JR_Kyushu,9142.T,Stock
2025-02-14,3467.286376953125,153833866,533386067895.8325,JR_Kyushu,9142.T,Stock
2025-02-17,3442.815673828125,153833866,529621645030.3755,JR_Kyushu,9142.T,Stock
2025-02-18,3433.40380859375,153833866,528173781415.1006,JR_Kyushu,9142.T,Stock
2025-02-19,3412.697998046875,153833866,524988526530.0112,JR_Kyushu,9142.T,Stock
2025-02-20,3369.404052734375,153833866,518328451548.1968,JR_Kyushu,9142.T,Stock
2025-02-21,3372.2275390625,153833866,518762799365.6504,JR_Kyushu,9142.T,Stock
2025-02-25,3407.05078125,153833866,524119793338.0078,JR_Kyushu,9142.T,Stock
2025-02-26,3414.580322265625,153833866,525278091741.647,JR_Kyushu,9142.T,Stock
2025-02-27,3402.344970703125,153833866,523395880308.91846,JR_Kyushu,9142.T,Stock
2025-02-28,3393.874755859375,153833866,522092874413.6538,JR_Kyushu,9142.T,Stock
2025-03-03,3444.697998046875,153833866,529911210242.0112,JR_Kyushu,9142.T,Stock
2025-03-04,3422.109619140625,153833866,526436352588.18994,JR_Kyushu,9142.T,Stock
2025-03-05,3424.93359375,153833866,526870775519.83594,JR_Kyushu,9142.T,Stock
2025-03-06,3404.2275390625,153833866,523685483077.6504,JR_Kyushu,9142.T,Stock
2025-03-07,3409.87451171875,153833866,524554178712.5576,JR_Kyushu,9142.T,Stock
2025-03-10,3430.580322265625,153833866,527739433597.647,JR_Kyushu,9142.T,Stock
2025-03-11,3469.16845703125,153833866,533675595550.3721,JR_Kyushu,9142.T,Stock
2025-03-12,3529.40380859375,153833866,542941832551.1006,JR_Kyushu,9142.T,Stock
2025-03-13,3535.05078125,153833866,543810528186.0078,JR_Kyushu,9142.T,Stock
2025-03-14,3528.462646484375,153833866,542797049945.2827,JR_Kyushu,9142.T,Stock
2025-03-17,3518.109619140625,153833866,541204403724.18994,JR_Kyushu,9142.T,Stock
2025-03-18,3564.227294921875,153833866,548298864080.5542,JR_Kyushu,9142.T,Stock
2025-03-19,3574.580078125,153833866,549891472744.5508,JR_Kyushu,9142.T,Stock
2025-03-21,3564.227294921875,153833866,548298864080.5542,JR_Kyushu,9142.T,Stock
2025-03-24,3551.050537109375,153833866,546271832484.9116,JR_Kyushu,9142.T,Stock
2025-03-25,3508.69775390625,153833866,539756540108.91504,JR_Kyushu,9142.T,Stock
2025-03-26,3481.40380859375,153833866,535557806983.1006,JR_Kyushu,9142.T,Stock
2025-03-27,3533.168212890625,153833866,543520925417.2759,JR_Kyushu,9142.T,Stock
2025-03-28,3552.73095703125,153833866,546530337977.9971,JR_Kyushu,9142.T,Stock
2025-03-31,3483.069580078125,153833866,535814059050.41455,JR_Kyushu,9142.T,Stock
2025-04-01,3503.109130859375,153833866,538896820619.99756,JR_Kyushu,9142.T,Stock
2025-04-02,3413.407958984375,153833866,525097742565.73584,JR_Kyushu,9142.T,Stock
2025-04-03,3524.10302734375,153833866,542126392878.5928,JR_Kyushu,9142.T,Stock
2025-04-04,3540.325439453125,153833866,544621949249.22314,JR_Kyushu,9142.T,Stock
2025-04-07,3337.06689453125,153833866,513353901486.35645,JR_Kyushu,9142.T,Stock
2025-04-08,3401.002685546875,153833866,523189391394.0581,JR_Kyushu,9142.T,Stock
2025-04-09,3407.6826171875,153833866,524216991102.9512,JR_Kyushu,9142.T,Stock
2025-04-10,3551.776611328125,153833866,546383527288.98486,JR_Kyushu,9142.T,Stock
2025-04-11,3486.886474609375,153833866,536401226692.271,JR_Kyushu,9142.T,Stock
2025-04-14,3512.65185546875,153833866,540364814838.83105,JR_Kyushu,9142.T,Stock
2025-04-15,3477.34375,153833866,534933232473.4375,JR_Kyushu,9142.T,Stock
2025-04-16,3500.246337890625,153833866,538456426110.0571,JR_Kyushu,9142.T,Stock
2025-04-17,3485.932373046875,153833866,536254453560.355,JR_Kyushu,9142.T,Stock
2025-04-18,3533.6455078125,153833866,543594349540.3301,JR_Kyushu,9142.T,Stock
2025-04-21,3576.587646484375,153833866,550200304746.5327,JR_Kyushu,9142.T,Stock
2025-04-22,3624.30078125,153833866,557540200726.5078,JR_Kyushu,9142.T,Stock
2025-04-23,3607.1240234375,153833866,554897833666.8652,JR_Kyushu,9142.T,Stock
2025-04-24,3467.801025390625,153833866,533465238254.604,JR_Kyushu,9142.T,Stock
2025-04-25,3475.435546875,153833866,534639686209.60547,JR_Kyushu,9142.T,Stock
2025-04-28,3488.795166015625,153833866,536694848070.2954,JR_Kyushu,9142.T,Stock
2025-04-30,3506.92626953125,153833866,539484025818.9502,JR_Kyushu,9142.T,Stock
2025-05-01,3562.273681640625,153833866,547998332196.83057,JR_Kyushu,9142.T,Stock
2025-05-02,3565.13623046875,153833866,548438689149.6748,JR_Kyushu,9142.T,Stock
2025-05-07,3648.157470703125,153833866,561210167495.0435,JR_Kyushu,9142.T,Stock
2025-05-08,3663.42578125,153833866,563558950733.7578,JR_Kyushu,9142.T,Stock
2025-05-09,3681.556884765625,153833866,566348128482.4126,JR_Kyushu,9142.T,Stock
2025-05-12,3702.55078125,153833866,569577700741.0078,JR_Kyushu,9142.T,Stock
2025-05-13,3683.465087890625,153833866,566641674746.2446,JR_Kyushu,9142.T,Stock
2025-05-14,3681.556884765625,153833866,566348128482.4126,JR_Kyushu,9142.T,Stock
2025-05-15,3681.556884765625,153833866,566348128482.4126,JR_Kyushu,9142.T,Stock
2025-05-16,3652.928955078125,153833866,561944183383.0083,JR_Kyushu,9142.T,Stock
2025-05-19,3690.14501953125,153833866,567669274455.1377,JR_Kyushu,9142.T,Stock
2025-05-20,3687.2822265625,153833866,567228879945.1973,JR_Kyushu,9142.T,Stock
2025-05-21,3681.556884765625,153833866,566348128482.4126,JR_Kyushu,9142.T,Stock
2025-05-22,3678.694091796875,153833866,565907733972.4722,JR_Kyushu,9142.T,Stock
2025-05-23,3686.328125,153833866,567082106813.2812,JR_Kyushu,9142.T,Stock
2025-05-26,3703.5048828125,153833866,569724473872.9238,JR_Kyushu,9142.T,Stock
2025-05-27,3703.5048828125,153833866,569724473872.9238,JR_Kyushu,9142.T,Stock
2025-05-28,3745.492431640625,153833866,576183580833.0181,JR_Kyushu,9142.T,Stock
2025-05-29,3699.687744140625,153833866,569137268673.9712,JR_Kyushu,9142.T,Stock
2025-05-30,3693.962158203125,153833866,568256479654.0903,JR_Kyushu,9142.T,Stock
2025-06-02,3679.648193359375,153833866,566054507104.3882,JR_Kyushu,9142.T,Stock
2025-06-03,3668.197265625,153833866,564292966621.7227,JR_Kyushu,9142.T,Stock
2025-06-04,3626.209228515625,153833866,557833784547.436,JR_Kyushu,9142.T,Stock
2025-06-05,3620.48388671875,153833866,556953033084.6514,JR_Kyushu,9142.T,Stock
2025-06-06,3625.255126953125,153833866,557687011415.52,JR_Kyushu,9142.T,Stock
2025-06-09,3596.626953125,153833866,553283028759.0195,JR_Kyushu,9142.T,Stock
2025-06-10,3582.31298828125,153833866,551081056209.3174,JR_Kyushu,9142.T,Stock
2025-06-11,3599.48974609375,153833866,553723423268.96,JR_Kyushu,9142.T,Stock
2025-06-12,3585.17578125,153833866,551521450719.2578,JR_Kyushu,9142.T,Stock
2025-06-13,3590.901611328125,153833866,552402277296.2349,JR_Kyushu,9142.T,Stock
2025-06-16,3581.35888671875,153833866,550934283077.4014,JR_Kyushu,9142.T,Stock
2025-06-17,3587.084716796875,153833866,551815109654.3784,JR_Kyushu,9142.T,Stock
2025-06-18,3592.809814453125,153833866,552695823560.0669,JR_Kyushu,9142.T,Stock
2025-06-19,3609.986572265625,153833866,555338190619.7095,JR_Kyushu,9142.T,Stock
2025-06-20,3579.4501953125,153833866,550640661699.377,JR_Kyushu,9142.T,Stock
2025-06-23,3573.724853515625,153833866,549759910236.5923,JR_Kyushu,9142.T,Stock
2025-06-24,3567.9990234375,153833866,548879083659.61523,JR_Kyushu,9142.T,Stock
2025-06-25,3533.6455078125,153833866,543594349540.3301,JR_Kyushu,9142.T,Stock
2025-06-26,3530.782958984375,153833866,543153992587.48584,JR_Kyushu,9142.T,Stock
2025-06-27,3557.502197265625,153833866,547264316308.8657,JR_Kyushu,9142.T,Stock
2025-06-30,3555.59375,153833866,546970732487.9375,JR_Kyushu,9142.T,Stock
2025-07-01,3569.907958984375,153833866,549172742594.73584,JR_Kyushu,9142.T,Stock
2025-07-02,3579.4501953125,153833866,550640661699.377,JR_Kyushu,9142.T,Stock
2025-07-03,3567.044921875,153833866,548732310527.6992,JR_Kyushu,9142.T,Stock
2025-07-04,3555.59375,153833866,546970732487.9375,JR_Kyushu,9142.T,Stock
2025-07-07,3539.371337890625,153833866,544475176117.3071,JR_Kyushu,9142.T,Stock
2025-07-08,3523.148681640625,153833866,541979582189.58057,JR_Kyushu,9142.T,Stock
2025-07-09,3543.188232421875,153833866,545062343759.1636,JR_Kyushu,9142.T,Stock
2025-07-10,3505.971923828125,153833866,539337215129.938,JR_Kyushu,9142.T,Stock
2025-07-11,3497.383544921875,153833866,538016031600.1167,JR_Kyushu,9142.T,Stock
2025-07-14,3499.2919921875,153833866,538309615421.0449,JR_Kyushu,9142.T,Stock
2025-07-15,3492.6123046875,153833866,537282053269.24805,JR_Kyushu,9142.T,Stock
2025-07-16,3473.52685546875,153833866,534346064831.58105,JR_Kyushu,9142.T,Stock
2025-07-17,3494.5205078125,153833866,537575599533.0801,JR_Kyushu,9142.T,Stock
2025-07-18,3489.74951171875,153833866,536841658759.3076,JR_Kyushu,9142.T,Stock
2025-07-22,3470.663818359375,153833866,533905632764.54443,JR_Kyushu,9142.T,Stock
2025-07-23,3495.474853515625,153833866,537722410222.0923,JR_Kyushu,9142.T,Stock
2025-07-24,3514.560302734375,153833866,540658398659.7593,JR_Kyushu,9142.T,Stock
2025-07-25,3471.61865234375,153833866,534052518567.749,JR_Kyushu,9142.T,Stock
2025-07-28,3459.212890625,153833866,532144092281.8789,JR_Kyushu,9142.T,Stock
2025-07-29,3447.761962890625,153833866,530382551799.2134,JR_Kyushu,9142.T,Stock
2025-07-30,3463.030029296875,153833866,532731297480.83154,JR_Kyushu,9142.T,Stock
2025-07-31,3492.6123046875,153833866,537282053269.24805,JR_Kyushu,9142.T,Stock
2025-08-01,3531.737060546875,153833866,543300765719.40186,JR_Kyushu,9142.T,Stock
2025-08-04,3511.697265625,153833866,540217966592.72266,JR_Kyushu,9142.T,Stock
2025-08-05,3537.462646484375,153833866,544181554739.2827,JR_Kyushu,9142.T,Stock
2025-08-06,3655.79150390625,153833866,562384540335.8525,JR_Kyushu,9142.T,Stock
2025-08-07,3706.36767578125,153833866,570164868382.8643,JR_Kyushu,9142.T,Stock
2025-08-08,3802.748291015625,153833866,584991471031.8267,JR_Kyushu,9142.T,Stock
2025-08-12,3831.376708984375,153833866,589395491245.4233,JR_Kyushu,9142.T,Stock
2025-08-13,3801.794189453125,153833866,584844697899.9106,JR_Kyushu,9142.T,Stock
2025-08-14,3807.52001953125,153833866,585725524476.8877,JR_Kyushu,9142.T,Stock
2025-08-15,3848.553466796875,153833866,592037858305.0659,JR_Kyushu,9142.T,Stock
2025-08-18,3969.744873046875,153833866,610681200854.48,JR_Kyushu,9142.T,Stock
2025-08-19,3941.116943359375,153833866,606277255755.0757,JR_Kyushu,9142.T,Stock
2025-08-20,3953.5224609375,153833866,608185644483.8496,JR_Kyushu,9142.T,Stock
2025-08-21,3894.35791015625,153833866,599084132907.0166,JR_Kyushu,9142.T,Stock
2025-08-22,3906.763427734375,153833866,600992521635.7905,JR_Kyushu,9142.T,Stock
2025-08-25,3894.35791015625,153833866,599084132907.0166,JR_Kyushu,9142.T,Stock
2025-08-26,3835.193603515625,153833866,589982658887.2798,JR_Kyushu,9142.T,Stock
2025-08-27,3864.77587890625,153833866,594533414675.6963,JR_Kyushu,9142.T,Stock
2025-08-28,3899.12939453125,153833866,599818148794.9814,JR_Kyushu,9142.T,Stock
2025-08-29,3882.90673828125,153833866,597322554867.2549,JR_Kyushu,9142.T,Stock
2025-09-01,3921.077392578125,153833866,603194494185.4927,JR_Kyushu,9142.T,Stock
2025-09-02,3932.52880859375,153833866,604956109782.3506,JR_Kyushu,9142.T,Stock
2025-09-03,3961.156494140625,153833866,609360017324.6587,JR_Kyushu,9142.T,Stock
2025-09-04,3961.156494140625,153833866,609360017324.6587,JR_Kyushu,9142.T,Stock
2025-09-05,3964.01953125,153833866,609800449391.6953,JR_Kyushu,9142.T,Stock
2025-09-08,3977.37890625,153833866,611855573695.2891,JR_Kyushu,9142.T,Stock
2025-09-09,3976.4248046875,153833866,611708800563.373,JR_Kyushu,9142.T,Stock
2025-09-10,3972.60791015625,153833866,611121632921.5166,JR_Kyushu,9142.T,Stock
2025-09-11,3987.875732421875,153833866,613470341046.0386,JR_Kyushu,9142.T,Stock
2025-09-12,3960.202392578125,153833866,609213244192.7427,JR_Kyushu,9142.T,Stock
2025-09-16,3985.967529296875,153833866,613176794782.2065,JR_Kyushu,9142.T,Stock
2025-09-17,3977.37890625,153833866,611855573695.2891,JR_Kyushu,9142.T,Stock
2025-09-18,3928.711669921875,153833866,604368904583.398,JR_Kyushu,9142.T,Stock
2025-09-19,3866.684326171875,153833866,594826998496.6245,JR_Kyushu,9142.T,Stock
2025-09-22,3846.64453125,153833866,591744199369.9453,JR_Kyushu,9142.T,Stock
2025-09-24,3865.72998046875,153833866,594680187807.6123,JR_Kyushu,9142.T,Stock
2025-09-25,3881.95263671875,153833866,597175781735.3389,JR_Kyushu,9142.T,Stock
2025-09-26,3893.403564453125,153833866,598937322218.0044,JR_Kyushu,9142.T,Stock
2025-09-29,3834.845458984375,153833866,589929102468.1108,JR_Kyushu,9142.T,Stock
2025-09-30,3793.225341796875,153833866,583526518937.7847,JR_Kyushu,9142.T,Stock
2025-10-01,3769.02783203125,153833866,579804122462.9658,JR_Kyushu,9142.T,Stock
2025-10-02,3752.5732421875,153833866,577272849293.8574,JR_Kyushu,9142.T,Stock
2025-10-03,3774.835205078125,153833866,580697493110.0708,JR_Kyushu,9142.T,Stock
2025-10-06,3795.161376953125,153833866,583824346710.5825,JR_Kyushu,9142.T,Stock
2025-10-07,3796.12939453125,153833866,583973260596.9814,JR_Kyushu,9142.T,Stock
2025-10-08,3804.84033203125,153833866,585313297789.0908,JR_Kyushu,9142.T,Stock
2025-10-09,3776.77099609375,153833866,580995283325.7725,JR_Kyushu,9142.T,Stock
2025-10-10,3770.963623046875,153833866,580101912678.6675,JR_Kyushu,9142.T,Stock
2025-10-14,3746.76611328125,153833866,576379516203.8486,JR_Kyushu,9142.T,Stock
2025-10-15,3762.252685546875,153833866,578761875486.5581,JR_Kyushu,9142.T,Stock
2025-10-16,3785.482177734375,153833866,582335358074.978,JR_Kyushu,9142.T,Stock
2025-10-17,3774.835205078125,153833866,580697493110.0708,JR_Kyushu,9142.T,Stock
2025-10-20,3811.61572265625,153833866,586355582322.5947,JR_Kyushu,9142.T,Stock
2025-10-21,3787.418212890625,153833866,582633185847.7759,JR_Kyushu,9142.T,Stock
2025-10-22,3844.524658203125,153833866,591418091103.7153,JR_Kyushu,9142.T,Stock
2025-10-23,3870.658203125,153833866,595438315351.332,JR_Kyushu,9142.T,Stock
2025-10-24,3856.139404296875,153833866,593204832397.9253,JR_Kyushu,9142.T,Stock
2025-10-27,3828.0703125,153833866,588886855491.7031,JR_Kyushu,9142.T,Stock
2025-10-28,3840.65283203125,153833866,590822473115.2158,JR_Kyushu,9142.T,Stock
2025-10-29,3738.054931640625,153833866,575039441454.6431,JR_Kyushu,9142.T,Stock
2025-10-30,3774.835205078125,153833866,580697493110.0708,JR_Kyushu,9142.T,Stock
2025-10-31,3781.610595703125,153833866,581739777643.5747,JR_Kyushu,9142.T,Stock
2025-11-04,3790.32177734375,153833866,583079852392.7803,JR_Kyushu,9142.T,Stock
2025-11-05,3848.396240234375,153833866,592013671535.1187,JR_Kyushu,9142.T,Stock
2025-11-06,3868.72216796875,153833866,595140487578.5342,JR_Kyushu,9142.T,Stock
2025-11-07,3846.46044921875,153833866,591715881319.417,JR_Kyushu,9142.T,Stock
2025-11-10,3865.818359375,153833866,594693783476.4336,JR_Kyushu,9142.T,Stock
2025-11-11,3767.092041015625,153833866,579506332247.2642,JR_Kyushu,9142.T,Stock
2025-11-12,3812.583740234375,153833866,586504496208.9937,JR_Kyushu,9142.T,Stock
2025-11-13,3770.963623046875,153833866,580101912678.6675,JR_Kyushu,9142.T,Stock
2025-11-14,3841.620849609375,153833866,590971387001.6147,JR_Kyushu,9142.T,Stock
2025-11-17,3775.80322265625,153833866,580846406996.4697,JR_Kyushu,9142.T,Stock
2025-11-18,3763.220458984375,153833866,578910751815.8608,JR_Kyushu,9142.T,Stock
2025-11-19,3820.326904296875,153833866,587695657071.8003,JR_Kyushu,9142.T,Stock
2025-11-20,3804.84033203125,153833866,585313297789.0908,JR_Kyushu,9142.T,Stock
2025-11-21,3900.6630859375,153833866,600054082473.2559,JR_Kyushu,9142.T,Stock
2025-11-25,3932.60400390625,153833866,604967677367.9775,JR_Kyushu,9142.T,Stock
2025-11-26,3978.095703125,153833866,611965841329.707,JR_Kyushu,9142.T,Stock
2025-11-27,3912.278076171875,153833866,601840861324.562,JR_Kyushu,9142.T,Stock
2025-11-28,3890.01611328125,153833866,598416217508.3486,JR_Kyushu,9142.T,Stock
2025-12-01,3830.973876953125,153833866,589333522036.7075,JR_Kyushu,9142.T,Stock
2025-12-02,3872.59375,153833866,595736068009.9375,JR_Kyushu,9142.T,Stock
2025-12-03,3848.396240234375,153833866,592013671535.1187,JR_Kyushu,9142.T,Stock
2025-12-04,3867.754150390625,153833866,594991573692.1353,JR_Kyushu,9142.T,Stock
2025-12-05,3800.000732421875,153833866,584568803471.2886,JR_Kyushu,9142.T,Stock
2025-12-08,3855.171630859375,153833866,593055956068.6226,JR_Kyushu,9142.T,Stock
2025-12-09,3843.556640625,153833866,591269177217.3164,JR_Kyushu,9142.T,Stock
2025-12-10,3890.984130859375,153833866,598565131394.7476,JR_Kyushu,9142.T,Stock
2025-12-11,3849.364013671875,153833866,592162547864.4214,JR_Kyushu,9142.T,Stock
2025-12-12,3873.561767578125,153833866,595884981896.3364,JR_Kyushu,9142.T,Stock
2025-12-15,3922.925048828125,153833866,603478726289.4692,JR_Kyushu,9142.T,Stock
2025-12-16,3971.3203125,153833866,610923556796.2031,JR_Kyushu,9142.T,Stock
2025-12-17,3907.4384765625,153833866,601096367006.7598,JR_Kyushu,9142.T,Stock
2025-12-18,3969.384521484375,153833866,610625766580.5015,JR_Kyushu,9142.T,Stock
2025-12-19,3962.609130859375,153833866,609583482046.9976,JR_Kyushu,9142.T,Stock
2025-12-22,3904.534912109375,153833866,600649700461.7554,JR_Kyushu,9142.T,Stock
2025-12-23,3931.63623046875,153833866,604818801038.6748,JR_Kyushu,9142.T,Stock
2025-12-24,3936.475830078125,153833866,605563295356.477,JR_Kyushu,9142.T,Stock
2025-12-25,3948.090576171875,153833866,607350036650.687,JR_Kyushu,9142.T,Stock
2025-12-26,3932.60400390625,153833866,604967677367.9775,JR_Kyushu,9142.T,Stock
2025-12-29,3973.256103515625,153833866,611221347011.9048,JR_Kyushu,9142.T,Stock
2025-12-30,3943.2509765625,153833866,606605542332.8848,JR_Kyushu,9142.T,Stock
2026-01-05,3949.058349609375,153833866,607498912979.9897,JR_Kyushu,9142.T,Stock
2026-01-06,3969.384521484375,153833866,610625766580.5015,JR_Kyushu,9142.T,Stock
2026-01-07,3957.76953125,153833866,608838987729.1953,JR_Kyushu,9142.T,Stock
2026-01-08,3965.512939453125,153833866,610030186149.0981,JR_Kyushu,9142.T,Stock
2026-01-09,3968.41650390625,153833866,610476852694.1025,JR_Kyushu,9142.T,Stock
2026-01-13,3973.256103515625,153833866,611221347011.9048,JR_Kyushu,9142.T,Stock
2026-01-14,3961.641357421875,153833866,609434605717.6948,JR_Kyushu,9142.T,Stock
2026-01-15,3934.539794921875,153833866,605265467583.6792,JR_Kyushu,9142.T,Stock
2026-01-16,3924.86083984375,153833866,603776516505.1709,JR_Kyushu,9142.T,Stock
2026-01-19,3895.82373046875,153833866,599309625712.5498,JR_Kyushu,9142.T,Stock
2026-01-20,3950.994140625,153833866,607796703195.6914,JR_Kyushu,9142.T,Stock
2026-01-21,3899.695068359375,153833866,599905168586.8569,JR_Kyushu,9142.T,Stock
2026-01-22,3898.727294921875,153833866,599756292257.5542,JR_Kyushu,9142.T,Stock
2026-01-23,3890.984130859375,153833866,598565131394.7476,JR_Kyushu,9142.T,Stock
2026-01-26,3871.6259765625,153833866,595587191680.6348,JR_Kyushu,9142.T,Stock
2026-01-27,3829.0380859375,153833866,589035731821.0059,JR_Kyushu,9142.T,Stock
2026-01-28,3802.90478515625,153833866,585015545130.4854,JR_Kyushu,9142.T,Stock
2026-01-29,3783.54638671875,153833866,582037567859.2764,JR_Kyushu,9142.T,Stock
2026-01-30,3819.35888671875,153833866,587546743185.4014,JR_Kyushu,9142.T,Stock
2026-02-02,3818.390869140625,153833866,587397829299.0024,JR_Kyushu,9142.T,Stock
2026-02-03,3830.973876953125,153833866,589333522036.7075,JR_Kyushu,9142.T,Stock
2026-02-04,3868.72216796875,153833866,595140487578.5342,JR_Kyushu,9142.T,Stock
2026-02-05,3944.218994140625,153833866,606754456219.2837,JR_Kyushu,9142.T,Stock
2026-02-06,3950.994140625,153833866,607796703195.6914,JR_Kyushu,9142.T,Stock
2026-02-09,3993.582275390625,153833866,614348200612.4165,JR_Kyushu,9142.T,Stock
2026-02-10,4009.068603515625,153833866,616730522338.0298,JR_Kyushu,9142.T,Stock
2026-02-12,3910.342041015625,153833866,601543033551.7642,JR_Kyushu,9142.T,Stock
2026-02-13,3902.59912109375,153833866,600351910246.0537,JR_Kyushu,9142.T,Stock
2026-02-16,3852.267578125,153833866,592609214409.4258,JR_Kyushu,9142.T,Stock
2026-02-17,3843.556640625,153833866,591269177217.3164,JR_Kyushu,9142.T,Stock
2026-02-18,3844.524658203125,153833866,591418091103.7153,JR_Kyushu,9142.T,Stock
2026-02-19,3803.87255859375,153833866,585164421459.7881,JR_Kyushu,9142.T,Stock
2026-02-20,3768.059814453125,153833866,579655208576.5669,JR_Kyushu,9142.T,Stock
2026-02-24,3813.551513671875,153833866,586653372538.2964,JR_Kyushu,9142.T,Stock
2026-02-25,3798.06494140625,153833866,584271013255.5869,JR_Kyushu,9142.T,Stock
2026-02-26,3834.845458984375,153833866,589929102468.1108,JR_Kyushu,9142.T,Stock
2026-02-27,3836.781494140625,153833866,590226930240.9087,JR_Kyushu,9142.T,Stock
2026-03-02,3805.808349609375,153833866,585462211675.4897,JR_Kyushu,9142.T,Stock
2026-03-03,3770.963623046875,153833866,580101912678.6675,JR_Kyushu,9142.T,Stock
2026-03-04,3685.787841796875,153833866,566998992959.4097,JR_Kyushu,9142.T,Stock
2026-03-05,3697.40283203125,153833866,568785771810.7158,JR_Kyushu,9142.T,Stock
2026-03-06,3688.691650390625,153833866,567445697061.5103,JR_Kyushu,9142.T,Stock
2026-03-09,3687.723876953125,153833866,567296820732.2075,JR_Kyushu,9142.T,Stock
2026-03-10,3682.88427734375,153833866,566552326414.4053,JR_Kyushu,9142.T,Stock
2026-03-11,3707.081787109375,153833866,570274722889.2241,JR_Kyushu,9142.T,Stock
2026-03-12,3660.622314453125,153833866,563127682598.1919,JR_Kyushu,9142.T,Stock
2026-03-13,3647.07177734375,153833866,561043151088.2803,JR_Kyushu,9142.T,Stock
2026-03-16,3635.456787109375,153833866,559256372236.9741,JR_Kyushu,9142.T,Stock
2026-03-17,3658.6865234375,153833866,562829892382.4902,JR_Kyushu,9142.T,Stock
2026-03-18,3708.0498046875,153833866,570423636775.623,JR_Kyushu,9142.T,Stock
2026-03-19,3639.328369140625,153833866,559851952668.3774,JR_Kyushu,9142.T,Stock
2026-03-23,3584.15771484375,153833866,551364837628.1396,JR_Kyushu,9142.T,Stock
2026-03-24,3623.841796875,153833866,557469593385.668,JR_Kyushu,9142.T,Stock
2026-03-25,3675.140869140625,153833866,565361127994.5024,JR_Kyushu,9142.T,Stock
2026-03-26,3697.40283203125,153833866,568785771810.7158,JR_Kyushu,9142.T,Stock
2026-03-27,3698.37060546875,153833866,568934648140.0186,JR_Kyushu,9142.T,Stock
2026-03-30,3661.519775390625,153833866,563265742483.7915,JR_Kyushu,9142.T,Stock
2026-03-31,3697.87939453125,153833866,568859083262.4814,JR_Kyushu,9142.T,Stock
2026-04-01,3696.896728515625,153833866,568707915950.311,JR_Kyushu,9142.T,Stock
2026-04-02,3692.966064453125,153833866,568103246701.6294,JR_Kyushu,9142.T,Stock
2026-04-03,3694.931396484375,153833866,568405581325.9702,JR_Kyushu,9142.T,Stock
2026-04-06,3681.173583984375,153833866,566289163841.3921,JR_Kyushu,9142.T,Stock
2026-04-07,3673.31201171875,153833866,565079787786.9326,JR_Kyushu,9142.T,Stock
2026-04-08,3708.68896484375,153833866,570521961253.4521,JR_Kyushu,9142.T,Stock
2026-04-09,3672.329345703125,153833866,564928620474.7622,JR_Kyushu,9142.T,Stock
2026-04-10,3654.640869140625,153833866,562207533741.5024,JR_Kyushu,9142.T,Stock
2026-04-13,3682.15625,153833866,566440331153.5625,JR_Kyushu,9142.T,Stock
2026-04-14,3642.8486328125,153833866,560393488438.3613,JR_Kyushu,9142.T,Stock
2026-04-15,3670.364013671875,153833866,564626285850.4214,JR_Kyushu,9142.T,Stock
2026-04-16,3665.450439453125,153833866,563870411732.4731,JR_Kyushu,9142.T,Stock
2026-04-17,3664.4677734375,153833866,563719244420.3027,JR_Kyushu,9142.T,Stock
2026-04-20,3677.242919921875,153833866,565684494592.7104,JR_Kyushu,9142.T,Stock
2026-04-21,3672.329345703125,153833866,564928620474.7622,JR_Kyushu,9142.T,Stock
2026-04-22,3607.471435546875,153833866,554951277414.7456,JR_Kyushu,9142.T,Stock
2026-04-23,3608.454345703125,153833866,555102482284.0122,JR_Kyushu,9142.T,Stock
2026-04-24,3592.731201171875,153833866,552683730175.0933,JR_Kyushu,9142.T,Stock
2026-04-27,3580.938720703125,153833866,550869647314.856,JR_Kyushu,9142.T,Stock
2026-04-28,3612.385009765625,153833866,555707151532.6938,JR_Kyushu,9142.T,Stock
2026-04-30,3525.907958984375,153833866,542404052490.73584,JR_Kyushu,9142.T,Stock
2026-05-01,3557.35400390625,153833866,547241519151.47754,JR_Kyushu,9142.T,Stock
2026-05-07,3605.506103515625,153833866,554648942790.4048,JR_Kyushu,9142.T,Stock
2026-05-08,3551.4580078125,153833866,546334515278.4551,JR_Kyushu,9142.T,Stock
2026-05-11,3557.35400390625,153833866,547241519151.47754,JR_Kyushu,9142.T,Stock
2026-05-12,3638.917724609375,153833866,559788781632.5835,JR_Kyushu,9142.T,Stock
2026-05-13,3598.627197265625,153833866,553590734048.1157,JR_Kyushu,9142.T,Stock
2026-05-14,3580.938720703125,153833866,550869647314.856,JR_Kyushu,9142.T,Stock
2026-05-15,3610.419677734375,153833866,555404816908.353,JR_Kyushu,9142.T,Stock
2026-05-18,3565.215576171875,153833866,548450895205.937,JR_Kyushu,9142.T,Stock
2026-05-19,3618.28125,153833866,556614192962.8125,JR_Kyushu,9142.T,Stock
2026-05-20,3554.406005859375,153833866,546788017214.9663,JR_Kyushu,9142.T,Stock
2026-05-21,3555.388671875,153833866,546939184527.1367,JR_Kyushu,9142.T,Stock
2026-05-22,3506.25390625,153833866,539380593576.03906,JR_Kyushu,9142.T,Stock
2026-05-25,3464.980712890625,153833866,533031378679.4009,JR_Kyushu,9142.T,Stock
2026-05-26,3419.77685546875,153833866,526077494534.08105,JR_Kyushu,9142.T,Stock
2026-05-27,3436.482666015625,153833866,528647413955.1704,JR_Kyushu,9142.T,Stock
2026-05-28,3425.673095703125,153833866,526984535964.1997,JR_Kyushu,9142.T,Stock
2026-05-29,3461.050048828125,153833866,532426709430.71924,JR_Kyushu,9142.T,Stock
2026-06-01,3378.503662109375,153833866,519728279637.4429,JR_Kyushu,9142.T,Stock
2026-06-02,3385.382568359375,153833866,520786488379.73193,JR_Kyushu,9142.T,Stock
2026-06-03,3367.694091796875,153833866,518065401646.47217,JR_Kyushu,9142.T,Stock
2026-06-04,3340.1787109375,153833866,513832604234.4121,JR_Kyushu,9142.T,Stock
2026-06-05,3372.607666015625,153833866,518821275764.4204,JR_Kyushu,9142.T,Stock
2026-06-08,3424.6904296875,153833866,526833368652.0293,JR_Kyushu,9142.T,Stock
2026-06-09,3429.603759765625,153833866,527589205212.88135,JR_Kyushu,9142.T,Stock
2026-06-10,3507.236572265625,153833866,539531760888.2095,JR_Kyushu,9142.T,Stock
2026-06-11,3467.928955078125,153833866,533484918173.0083,JR_Kyushu,9142.T,Stock
2026-06-12,3466.9462890625,153833866,533333750860.8379,JR_Kyushu,9142.T,Stock
2026-06-15,3446.3095703125,153833866,530159124633.9707,JR_Kyushu,9142.T,Stock
2026-06-16,3400.123046875,153833866,523054073176.48047,JR_Kyushu,9142.T,Stock
2026-06-17,3378.503662109375,153833866,519728279637.4429,JR_Kyushu,9142.T,Stock
2026-06-18,3377.52099609375,153833866,519577112325.27246,JR_Kyushu,9142.T,Stock
2026-06-19,3375.5556640625,153833866,519274777700.93164,JR_Kyushu,9142.T,Stock
2026-06-22,3347.057373046875,153833866,514890775419.605,JR_Kyushu,9142.T,Stock
2026-06-23,3359.83251953125,153833866,516856025592.0127,JR_Kyushu,9142.T,Stock
2026-06-24,3355.90185546875,153833866,516251356343.33105,JR_Kyushu,9142.T,Stock
2026-06-25,3386.365234375,153833866,520937655691.90234,JR_Kyushu,9142.T,Stock
2026-06-26,3413.880615234375,153833866,525170453103.9624,JR_Kyushu,9142.T,Stock
2026-06-29,3483.652099609375,153833866,535903670281.92725,JR_Kyushu,9142.T,Stock
2026-06-30,3435.5,153833866,528496246643.0,JR_Kyushu,9142.T,Stock
2026-07-01,3374.572998046875,153833866,519123610388.7612,JR_Kyushu,9142.T,Stock
2026-07-02,3441.396240234375,153833866,529403288073.11865,JR_Kyushu,9142.T,Stock
2026-07-03,3464.980712890625,153833866,533031378679.4009,JR_Kyushu,9142.T,Stock
2026-07-06,3537.7001953125,153833866,544218097793.87695,JR_Kyushu,9142.T,Stock
2026-07-07,3568.163818359375,153833866,548904434699.54443,JR_Kyushu,9142.T,Stock
2026-07-08,3544.5791015625,153833866,545276306536.166,JR_Kyushu,9142.T,Stock
2026-07-09,3516.0810546875,153833866,540892341811.93555,JR_Kyushu,9142.T,Stock
2026-07-10,3482.66943359375,153833866,535752502969.75684,JR_Kyushu,9142.T,Stock
2026-07-13,3516.0810546875,153833866,540892341811.93555,JR_Kyushu,9142.T,Stock
2026-07-14,3534.752197265625,153833866,543764595857.3657,JR_Kyushu,9142.T,Stock
2026-07-15,3548.509765625,153833866,545880975784.84766,JR_Kyushu,9142.T,Stock
2026-07-16,3539.66552734375,153833866,544520432418.2178,JR_Kyushu,9142.T,Stock
2026-07-17,3575.042724609375,153833866,549962643441.8335,JR_Kyushu,9142.T,Stock
2026-07-21,3589.782958984375,153833866,552230190681.4858,JR_Kyushu,9142.T,Stock
2026-07-22,3561.284912109375,153833866,547846225957.2554,JR_Kyushu,9142.T,Stock
2026-07-23,3537.7001953125,153833866,544218097793.87695,JR_Kyushu,9142.T,Stock
2026-07-24,3593.7138671875,153833866,552834897487.2637,JR_Kyushu,9142.T,Stock
2026-07-27,3663.485107421875,153833866,563568077108.1323,JR_Kyushu,9142.T,Stock
2026-07-28,3718.51611328125,153833866,572033709489.3486,JR_Kyushu,9142.T,Stock
2026-07-29,3745.048828125,153833866,576115339589.2383,JR_Kyushu,9142.T,Stock
2026-07-30,3688.052490234375,153833866,567347372583.6812,JR_Kyushu,9142.T,Stock
2026-07-31,3533.76953125,153833866,543613428545.1953,JR_Kyushu,9142.T,Stock
2026-08-03,3400.123046875,153833866,523054073176.48047,JR_Kyushu,9142.T,Stock
2026-08-04,3355.90185546875,153833866,516251356343.33105,JR_Kyushu,9142.T,Stock
2026-08-05,3367.694091796875,153833866,518065401646.47217,JR_Kyushu,9142.T,Stock
2026-08-06,3386.365234375,153833866,520937655691.90234,JR_Kyushu,9142.T,Stock
2026-08-07,3402.08837890625,153833866,523356407800.8213,JR_Kyushu,9142.T,Stock
2026-08-10,3391.27880859375,153833866,521693529809.8506,JR_Kyushu,9142.T,Stock
2026-08-12,3420.759521484375,153833866,526228661846.25146,JR_Kyushu,9142.T,Stock
2026-08-13,3414.863525390625,153833866,525321657973.229,JR_Kyushu,9142.T,Stock
2026-08-14,3426.65576171875,153833866,527135703276.3701,JR_Kyushu,9142.T,Stock
2026-08-17,3410.9326171875,153833866,524716951167.4512,JR_Kyushu,9142.T,Stock
2026-08-18,3393.244140625,153833866,521995864434.1914,JR_Kyushu,9142.T,Stock
2026-08-19,3386.365234375,153833866,520937655691.90234,JR_Kyushu,9142.T,Stock
2026-08-20,3377.52099609375,153833866,519577112325.27246,JR_Kyushu,9142.T,Stock
2026-08-21,3455.15380859375,153833866,531519668000.6006,JR_Kyushu,9142.T,Stock
2026-08-24,3454.171142578125,153833866,531368500688.4302,JR_Kyushu,9142.T,Stock
2026-08-25,3481.6865234375,153833866,535601298100.49023,JR_Kyushu,9142.T,Stock
2026-08-26,3474.807861328125,153833866,534543126915.29736,JR_Kyushu,9142.T,Stock
2026-08-27,3528.85595703125,153833866,542857554427.2471,JR_Kyushu,9142.T,Stock
2026-08-28,3531.803955078125,153833866,543311056363.7583,JR_Kyushu,9142.T,Stock
2026-08-31,3556.371337890625,153833866,547090351839.3071,JR_Kyushu,9142.T,Stock
2026-09-01,3569.146484375,153833866,549055602011.71484,JR_Kyushu,9142.T,Stock
2026-09-02,3547.527099609375,153833866,545729808472.67725,JR_Kyushu,9142.T,Stock
2026-09-03,3553.42333984375,153833866,546636849902.7959,JR_Kyushu,9142.T,Stock
2026-09-04,3518.04638671875,153833866,541194676436.27637,JR_Kyushu,9142.T,Stock
2026-09-07,3481.6865234375,153833866,535601298100.49023,JR_Kyushu,9142.T,Stock
2026-09-08,3482.66943359375,153833866,535752502969.75684,JR_Kyushu,9142.T,Stock
2026-09-09,3488.5654296875,153833866,536659506842.7793,JR_Kyushu,9142.T,Stock
2026-09-10,3488.5654296875,153833866,536659506842.7793,JR_Kyushu,9142.T,Stock
2026-09-11,3445.326904296875,153833866,530007957321.8003,JR_Kyushu,9142.T,Stock
2026-09-14,3514.115478515625,153833866,540589969630.49854,JR_Kyushu,9142.T,Stock
2026-09-15,3499.375244140625,153833866,538322422390.8462,JR_Kyushu,9142.T,Stock
2026-09-16,3478.738525390625,153833866,535147796163.979,JR_Kyushu,9142.T,Stock
2026-09-17,3520.994384765625,153833866,541648178372.7876,JR_Kyushu,9142.T,Stock
2026-09-18,3401.105712890625,153833866,523205240488.6509,JR_Kyushu,9142.T,Stock
2026-09-24,3483.652099609375,153833866,535903670281.92725,JR_Kyushu,9142.T,Stock
2026-09-25,3477.755859375,153833866,534996628851.8086,JR_Kyushu,9142.T,Stock
2026-09-28,3435.5,153833866,528496246643.0,JR_Kyushu,9142.T,Stock
2026-09-29,3388.0,153833866,521189138008.0,JR_Kyushu,9142.T,Stock
2026-09-30,3395.0,153833866,522265975070.0,JR_Kyushu,9142.T,Stock
2021-09-30,2369.133544921875,429827709,1018319243928.8181,JAL,9201.T,Stock
2021-10-01,2326.462646484375,429827709,999978109412.4558,JAL,9201.T,Stock
2021-10-04,2380.6904296875,429827709,1023286713230.8037,JAL,9201.T,Stock
2021-10-05,2377.13427734375,429827709,1021758180416.0347,JAL,9201.T,Stock
2021-10-06,2274.012939453125,429827709,977433772001.4924,JAL,9201.T,Stock
2021-10-07,2233.119384765625,429827709,959856589077.2981,JAL,9201.T,Stock
2021-10-08,2237.564697265625,429827709,961767307564.9622,JAL,9201.T,Stock
2021-10-11,2314.90576171875,429827709,995010640110.4702,JAL,9201.T,Stock
2021-10-12,2265.122802734375,429827709,973612544902.9753,JAL,9201.T,Stock
2021-10-13,2252.67724609375,429827709,968263099804.9058,JAL,9201.T,Stock
2021-10-14,2230.452392578125,429827709,958710241935.4241,JAL,9201.T,Stock
2021-10-15,2221.5625,429827709,954889119775.3125,JAL,9201.T,Stock
2021-10-18,2216.228759765625,429827709,952596530429.97,JAL,9201.T,Stock
2021-10-19,2162.889892578125,429827709,929670007346.1116,JAL,9201.T,Stock
2021-10-20,2237.564697265625,429827709,961767307564.9622,JAL,9201.T,Stock
2021-10-21,2196.67138671875,429827709,944190229579.1733,JAL,9201.T,Stock
2021-10-22,2207.33935546875,429827709,948775618146.6694,JAL,9201.T,Stock
2021-10-25,2186.892822265625,429827709,939987131622.9778,JAL,9201.T,Stock
2021-10-26,2183.336669921875,429827709,938458598808.2087,JAL,9201.T,Stock
2021-10-27,2145.1103515625,429827709,922027867964.294,JAL,9201.T,Stock
2021-10-28,2161.112060546875,429827709,928905845877.1326,JAL,9201.T,Stock
2021-10-29,2178.891845703125,429827709,936548090197.3557,JAL,9201.T,Stock
2021-11-01,2184.225830078125,429827709,938840784481.1038,JAL,9201.T,Stock
2021-11-02,2226.896484375,429827709,957181814059.0605,JAL,9201.T,Stock
2021-11-04,2232.230712890625,429827709,959474613281.2141,JAL,9201.T,Stock
2021-11-05,2223.341064453125,429827709,955653596059.508,JAL,9201.T,Stock
2021-11-08,2338.019287109375,429827709,1004945473776.0359,JAL,9201.T,Stock
2021-11-09,2293.5703125,429827709,985840072852.2891,JAL,9201.T,Stock
2021-11-10,2246.4541015625,429827709,965588219848.2627,JAL,9201.T,Stock
2021-11-11,2236.67529296875,429827709,961385016953.6616,JAL,9201.T,Stock
2021-11-12,2260.677978515625,429827709,971702036292.1223,JAL,9201.T,Stock
2021-11-15,2227.785888671875,429827709,957564104670.3611,JAL,9201.T,Stock
2021-11-16,2226.007568359375,429827709,956799733324.571,JAL,9201.T,Stock
2021-11-17,2164.66796875,429827709,930434273753.4961,JAL,9201.T,Stock
2021-11-18,2170.890625,429827709,933108943833.3281,JAL,9201.T,Stock
2021-11-19,2122.885986328125,429827709,912475219971.6233,JAL,9201.T,Stock
2021-11-22,2096.216552734375,429827709,901011958429.6941,JAL,9201.T,Stock
2021-11-24,2065.10205078125,429827709,887638083338.5063,JAL,9201.T,Stock
2021-11-25,2029.54296875,429827709,872353804574.8711,JAL,9201.T,Stock
2021-11-26,1897.9737548828125,429827709,815801710803.4069,JAL,9201.T,Stock
2021-11-29,1822.4105224609375,429827709,783322539726.8778,JAL,9201.T,Stock
2021-11-30,1827.7442626953125,429827709,785615129072.2203,JAL,9201.T,Stock
2021-12-01,1836.634033203125,429827709,789436198763.1292,JAL,9201.T,Stock
2021-12-02,1791.296142578125,429827709,769948717104.8928,JAL,9201.T,Stock
2021-12-03,1889.084228515625,429827709,811980746050.9036,JAL,9201.T,Stock
2021-12-06,1855.3028564453125,429827709,797460576287.0446,JAL,9201.T,Stock
2021-12-07,1940.64501953125,429827709,834143002727.3774,JAL,9201.T,Stock
2021-12-08,1946.867919921875,429827709,836817777745.615,JAL,9201.T,Stock
2021-12-09,1964.6470947265625,429827709,844459759719.8243,JAL,9201.T,Stock
2021-12-10,1922.865234375,429827709,826500758407.1543,JAL,9201.T,Stock
2021-12-13,1922.865234375,429827709,826500758407.1543,JAL,9201.T,Stock
2021-12-14,1868.6375732421875,429827709,803192207058.0092,JAL,9201.T,Stock
2021-12-15,1892.639892578125,429827709,813509068988.8616,JAL,9201.T,Stock
2021-12-16,1905.0855712890625,429827709,818858566556.1339,JAL,9201.T,Stock
2021-12-17,1871.304443359375,429827709,804338501730.6804,JAL,9201.T,Stock
2021-12-20,1829.522216796875,429827709,786379343010.4021,JAL,9201.T,Stock
2021-12-21,1858.8585205078125,429827709,798988899225.0026,JAL,9201.T,Stock
2021-12-22,1908.6417236328125,429827709,820387099370.903,JAL,9201.T,Stock
2021-12-23,1949.5345458984375,429827709,837963967479.8807,JAL,9201.T,Stock
2021-12-24,1935.3111572265625,429827709,831850360912.8322,JAL,9201.T,Stock
2021-12-27,1929.0880126953125,429827709,829175480956.1891,JAL,9201.T,Stock
2021-12-28,1950.423828125,429827709,838346205621.9785,JAL,9201.T,Stock
2021-12-29,1966.425537109375,429827709,845224183534.8171,JAL,9201.T,Stock
2021-12-30,1952.20166015625,429827709,839110367090.9575,JAL,9201.T,Stock
2022-01-04,1942.4227294921875,429827709,834907111727.1537,JAL,9201.T,Stock
2022-01-05,1953.090576171875,429827709,839492447825.447,JAL,9201.T,Stock
2022-01-06,1908.6417236328125,429827709,820387099370.903,JAL,9201.T,Stock
2022-01-07,1903.3077392578125,429827709,818094405087.1549,JAL,9201.T,Stock
2022-01-11,1950.423828125,429827709,838346205621.9785,JAL,9201.T,Stock
2022-01-12,1950.423828125,429827709,838346205621.9785,JAL,9201.T,Stock
2022-01-13,1921.9765625,429827709,826118782611.0703,JAL,9201.T,Stock
2022-01-14,1893.529052734375,429827709,813891254661.7566,JAL,9201.T,Stock
2022-01-17,1921.0872802734375,429827709,825736544468.9725,JAL,9201.T,Stock
2022-01-18,1903.3077392578125,429827709,818094405087.1549,JAL,9201.T,Stock
2022-01-19,1880.1943359375,429827709,808159623890.792,JAL,9201.T,Stock
2022-01-20,1891.7510986328125,429827709,813127040723.5748,JAL,9201.T,Stock
2022-01-21,1967.3145751953125,429827709,845606316738.5094,JAL,9201.T,Stock
2022-01-24,1957.535400390625,429827709,841402956436.3,JAL,9201.T,Stock
2022-01-25,1899.751708984375,429827709,816565924741.5886,JAL,9201.T,Stock
2022-01-26,1888.1951904296875,429827709,811598612847.2113,JAL,9201.T,Stock
2022-01-27,1846.4129638671875,429827709,793639454126.933,JAL,9201.T,Stock
2022-01-28,1892.639892578125,429827709,813509068988.8616,JAL,9201.T,Stock
2022-01-31,1909.5306396484375,429827709,820769180105.3925,JAL,9201.T,Stock
2022-02-01,1931.7552490234375,429827709,830321933036.4686,JAL,9201.T,Stock
2022-02-02,1999.3177490234375,429827709,859362167625.7811,JAL,9201.T,Stock
2022-02-03,1961.091552734375,429827709,842931489251.0691,JAL,9201.T,Stock
2022-02-04,2040.2108154296875,429827709,876939140673.1644,JAL,9201.T,Stock
2022-02-07,2035.7657470703125,429827709,875028527123.9059,JAL,9201.T,Stock
2022-02-08,2113.10693359375,429827709,908271912138.6167,JAL,9201.T,Stock
2022-02-09,2133.553466796875,429827709,917060398662.3083,JAL,9201.T,Stock
2022-02-10,2142.443359375,429827709,920881520822.4199,JAL,9201.T,Stock
2022-02-14,2134.44287109375,429827709,917442689273.6089,JAL,9201.T,Stock
2022-02-15,2076.658935546875,429827709,892605552640.492,JAL,9201.T,Stock
2022-02-16,2137.998291015625,429827709,918970907273.1614,JAL,9201.T,Stock
2022-02-17,2143.332763671875,429827709,921263811433.7205,JAL,9201.T,Stock
2022-02-18,2102.439208984375,429827709,903686628509.5261,JAL,9201.T,Stock
2022-02-21,2102.439208984375,429827709,903686628509.5261,JAL,9201.T,Stock
2022-02-22,2065.10205078125,429827709,887638083338.5063,JAL,9201.T,Stock
2022-02-24,1936.199951171875,429827709,832232389178.1189,JAL,9201.T,Stock
2022-02-25,1993.0947265625,429827709,856687340138.3408,JAL,9201.T,Stock
2022-02-28,2041.9886474609375,429827709,877703302142.1434,JAL,9201.T,Stock
2022-03-01,2012.652587890625,429827709,865093850865.9485,JAL,9201.T,Stock
2022-03-02,1930.8662109375,429827709,829939799832.7764,JAL,9201.T,Stock
2022-03-03,1959.3133544921875,429827709,842167170374.4818,JAL,9201.T,Stock
2022-03-04,1901.530029296875,429827709,817330296087.3787,JAL,9201.T,Stock
2022-03-07,1729.0673828125,429827709,743201071860.9229,JAL,9201.T,Stock
2022-03-08,1628.6126708984375,429827709,700022853180.6464,JAL,9201.T,Stock
2022-03-09,1662.393798828125,429827709,714542918006.0999,JAL,9201.T,Stock
2022-03-10,1774.4056396484375,429827709,762688710926.7675,JAL,9201.T,Stock
2022-03-11,1779.7393798828125,429827709,764981300272.11,JAL,9201.T,Stock
2022-03-14,1841.0789794921875,429827709,791346759843.1849,JAL,9201.T,Stock
2022-03-15,1889.084228515625,429827709,811980746050.9036,JAL,9201.T,Stock
2022-03-16,1986.8720703125,429827709,854012670058.5088,JAL,9201.T,Stock
2022-03-17,2001.0955810546875,429827709,860126329094.7601,JAL,9201.T,Stock
2022-03-18,1992.2054443359375,429827709,856305101996.243,JAL,9201.T,Stock
2022-03-22,1977.98193359375,429827709,850191442959.9917,JAL,9201.T,Stock
2022-03-23,1969.09228515625,429827709,846370425738.2856,JAL,9201.T,Stock
2022-03-24,1969.09228515625,429827709,846370425738.2856,JAL,9201.T,Stock
2022-03-25,1953.979736328125,429827709,839874633498.342,JAL,9201.T,Stock
2022-03-28,1985.09375,429827709,853248298712.7188,JAL,9201.T,Stock
2022-03-29,1978.87109375,429827709,850573628632.8867,JAL,9201.T,Stock
2022-03-30,2053.545166015625,429827709,882670614036.5208,JAL,9201.T,Stock
2022-03-31,2035.7657470703125,429827709,875028527123.9059,JAL,9201.T,Stock
2022-04-01,2058.87939453125,429827709,884963413258.6743,JAL,9201.T,Stock
2022-04-04,2017.9859619140625,429827709,867386282803.6827,JAL,9201.T,Stock
2022-04-05,1992.2054443359375,429827709,856305101996.243,JAL,9201.T,Stock
2022-04-06,1997.539794921875,429827709,858597953687.5994,JAL,9201.T,Stock
2022-04-07,1945.08984375,429827709,836053511338.2305,JAL,9201.T,Stock
2022-04-08,1941.5338134765625,429827709,834525030992.6642,JAL,9201.T,Stock
2022-04-11,1915.7532958984375,429827709,823443850185.2245,JAL,9201.T,Stock
2022-04-12,1931.7552490234375,429827709,830321933036.4686,JAL,9201.T,Stock
2022-04-13,1927.31005859375,429827709,828411267018.0073,JAL,9201.T,Stock
2022-04-14,2020.653076171875,429827709,868532682414.7595,JAL,9201.T,Stock
2022-04-15,1978.87109375,429827709,850573628632.8867,JAL,9201.T,Stock
2022-04-18,1937.977783203125,429827709,832996550647.0979,JAL,9201.T,Stock
2022-04-19,1935.3111572265625,429827709,831850360912.8322,JAL,9201.T,Stock
2022-04-20,1955.757568359375,429827709,840638794967.321,JAL,9201.T,Stock
2022-04-21,1944.20068359375,429827709,835671325665.3354,JAL,9201.T,Stock
2022-04-22,1958.4244384765625,429827709,841785089639.9923,JAL,9201.T,Stock
2022-04-25,1925.5323486328125,429827709,827647158018.2311,JAL,9201.T,Stock
2022-04-26,1931.7552490234375,429827709,830321933036.4686,JAL,9201.T,Stock
2022-04-27,1903.3077392578125,429827709,818094405087.1549,JAL,9201.T,Stock
2022-04-28,1912.197265625,429827709,821915369839.6582,JAL,9201.T,Stock
2022-05-02,1935.3111572265625,429827709,831850360912.8322,JAL,9201.T,Stock
2022-05-06,1993.0947265625,429827709,856687340138.3408,JAL,9201.T,Stock
2022-05-09,1948.645751953125,429827709,837581939214.594,JAL,9201.T,Stock
2022-05-10,1897.0845947265625,429827709,815419525130.5118,JAL,9201.T,Stock
2022-05-11,1901.530029296875,429827709,817330296087.3787,JAL,9201.T,Stock
2022-05-12,1871.304443359375,429827709,804338501730.6804,JAL,9201.T,Stock
2022-05-13,1910.4197998046875,429827709,821151365778.2875,JAL,9201.T,Stock
2022-05-16,1920.1982421875,429827709,825354411265.2803,JAL,9201.T,Stock
2022-05-17,1932.6441650390625,429827709,830704013770.9581,JAL,9201.T,Stock
2022-05-18,1975.3154296875,429827709,849045305694.9287,JAL,9201.T,Stock
2022-05-19,1984.205078125,429827709,852866322916.6348,JAL,9201.T,Stock
2022-05-20,2009.9852294921875,429827709,863947346316.4662,JAL,9201.T,Stock
2022-05-23,1995.7618408203125,429827709,857833739749.4176,JAL,9201.T,Stock
2022-05-24,2017.09716796875,429827709,867004254538.396,JAL,9201.T,Stock
2022-05-25,2021.5419921875,429827709,868914763149.249,JAL,9201.T,Stock
2022-05-26,2066.8798828125,429827709,888402244807.4854,JAL,9201.T,Stock
2022-05-27,2110.4404296875,429827709,907125774873.5537,JAL,9201.T,Stock
2022-05-30,2122.885986328125,429827709,912475219971.6233,JAL,9201.T,Stock
2022-05-31,2085.549072265625,429827709,896426779739.009,JAL,9201.T,Stock
2022-06-01,2113.10693359375,429827709,908271912138.6167,JAL,9201.T,Stock
2022-06-02,2093.549560546875,429827709,899865611287.8201,JAL,9201.T,Stock
2022-06-03,2067.76904296875,429827709,888784430480.3804,JAL,9201.T,Stock
2022-06-06,2114.8857421875,429827709,909036493361.2178,JAL,9201.T,Stock
2022-06-07,2096.216552734375,429827709,901011958429.6941,JAL,9201.T,Stock
2022-06-08,2112.218017578125,429827709,907889831404.1272,JAL,9201.T,Stock
2022-06-09,2102.439208984375,429827709,903686628509.5261,JAL,9201.T,Stock
2022-06-10,2095.327392578125,429827709,900629772756.7991,JAL,9201.T,Stock
2022-06-13,2097.994384765625,429827709,901776119898.6731,JAL,9201.T,Stock
2022-06-14,2037.543701171875,429827709,875792741062.0876,JAL,9201.T,Stock
2022-06-15,2016.208251953125,429827709,866622173803.9065,JAL,9201.T,Stock
2022-06-16,2020.653076171875,429827709,868532682414.7595,JAL,9201.T,Stock
2022-06-17,1984.205078125,429827709,852866322916.6348,JAL,9201.T,Stock
2022-06-20,2050.878662109375,429827709,881524476771.4578,JAL,9201.T,Stock
2022-06-21,2121.108154296875,429827709,911711058502.6443,JAL,9201.T,Stock
2022-06-22,2110.4404296875,429827709,907125774873.5537,JAL,9201.T,Stock
2022-06-23,2151.333251953125,429827709,924702642982.5315,JAL,9201.T,Stock
2022-06-24,2120.21923828125,429827709,911328977768.1548,JAL,9201.T,Stock
2022-06-27,2121.108154296875,429827709,911711058502.6443,JAL,9201.T,Stock
2022-06-28,2119.330078125,429827709,910946792095.2598,JAL,9201.T,Stock
2022-06-29,2144.22119140625,429827709,921645682291.3989,JAL,9201.T,Stock
2022-06-30,2111.3291015625,429827709,907507750669.6377,JAL,9201.T,Stock
2022-07-01,2033.098876953125,429827709,873882232451.2346,JAL,9201.T,Stock
2022-07-04,2036.65478515625,429827709,875410660327.5981,JAL,9201.T,Stock
2022-07-05,2069.547607421875,429827709,889548906764.5759,JAL,9201.T,Stock
2022-07-06,1991.3165283203125,429827709,855923021261.7535,JAL,9201.T,Stock
2022-07-07,1967.3145751953125,429827709,845606316738.5094,JAL,9201.T,Stock
2022-07-08,1993.9837646484375,429827709,857069473342.0331,JAL,9201.T,Stock
2022-07-11,2029.54296875,429827709,872353804574.8711,JAL,9201.T,Stock
2022-07-12,1985.09375,429827709,853248298712.7188,JAL,9201.T,Stock
2022-07-13,2013.541259765625,429827709,865475826662.0325,JAL,9201.T,Stock
2022-07-14,1984.205078125,429827709,852866322916.6348,JAL,9201.T,Stock
2022-07-15,1969.09228515625,429827709,846370425738.2856,JAL,9201.T,Stock
2022-07-19,1994.8726806640625,429827709,857451554076.5226,JAL,9201.T,Stock
2022-07-20,2035.7657470703125,429827709,875028527123.9059,JAL,9201.T,Stock
2022-07-21,2028.6539306640625,429827709,871971671371.1788,JAL,9201.T,Stock
2022-07-22,1993.0947265625,429827709,856687340138.3408,JAL,9201.T,Stock
2022-07-25,2026.8758544921875,429827709,871207404963.7943,JAL,9201.T,Stock
2022-07-26,2031.321044921875,429827709,873118070982.2556,JAL,9201.T,Stock
2022-07-27,2035.7657470703125,429827709,875028527123.9059,JAL,9201.T,Stock
2022-07-28,2026.8758544921875,429827709,871207404963.7943,JAL,9201.T,Stock
2022-07-29,2057.10107421875,429827709,884199041912.8843,JAL,9201.T,Stock
2022-08-01,2105.995361328125,429827709,905215161324.2952,JAL,9201.T,Stock
2022-08-02,2081.10400390625,429827709,894516166189.7505,JAL,9201.T,Stock
2022-08-03,2105.995361328125,429827709,905215161324.2952,JAL,9201.T,Stock
2022-08-04,2091.771728515625,429827709,899101449818.8411,JAL,9201.T,Stock
2022-08-05,2096.216552734375,429827709,901011958429.6941,JAL,9201.T,Stock
2022-08-08,2092.660400390625,429827709,899483425614.925,JAL,9201.T,Stock
2022-08-09,2105.995361328125,429827709,905215161324.2952,JAL,9201.T,Stock
2022-08-10,2087.32666015625,429827709,897190836269.5825,JAL,9201.T,Stock
2022-08-12,2081.99267578125,429827709,894898141985.8345,JAL,9201.T,Stock
2022-08-15,2121.996826171875,429827709,912093034298.7283,JAL,9201.T,Stock
2022-08-16,2146.888427734375,429827709,922792134371.6785,JAL,9201.T,Stock
2022-08-17,2145.99951171875,429827709,922410053637.189,JAL,9201.T,Stock
2022-08-18,2129.10888671875,429827709,915149994989.8608,JAL,9201.T,Stock
2022-08-19,2131.775634765625,429827709,916296237193.3293,JAL,9201.T,Stock
2022-08-22,2133.553466796875,429827709,917060398662.3083,JAL,9201.T,Stock
2022-08-23,2237.564697265625,429827709,961767307564.9622,JAL,9201.T,Stock
2022-08-24,2205.56103515625,429827709,948011246800.8794,JAL,9201.T,Stock
2022-08-25,2221.5625,429827709,954889119775.3125,JAL,9201.T,Stock
2022-08-26,2242.898681640625,429827709,964060001848.7102,JAL,9201.T,Stock
2022-08-29,2233.119384765625,429827709,959856589077.2981,JAL,9201.T,Stock
2022-08-30,2258.900390625,429827709,970937979761.5488,JAL,9201.T,Stock
2022-08-31,2288.236328125,429827709,983547378568.541,JAL,9201.T,Stock
2022-09-01,2286.458251953125,429827709,982783112161.1565,JAL,9201.T,Stock
2022-09-02,2244.67626953125,429827709,964824058379.2837,JAL,9201.T,Stock
2022-09-05,2213.562255859375,429827709,951450393164.907,JAL,9201.T,Stock
2022-09-06,2189.559326171875,429827709,941133268888.0408,JAL,9201.T,Stock
2022-09-07,2197.560302734375,429827709,944572310313.6628,JAL,9201.T,Stock
2022-09-08,2276.679443359375,429827709,978579909266.5554,JAL,9201.T,Stock
2022-09-09,2266.90087890625,429827709,974376811310.3599,JAL,9201.T,Stock
2022-09-12,2311.35009765625,429827709,993482317172.5122,JAL,9201.T,Stock
2022-09-13,2345.13134765625,429827709,1008002434467.1685,JAL,9201.T,Stock
2022-09-14,2355.798828125,429827709,1012587613157.8535,JAL,9201.T,Stock
2022-09-15,2400.247802734375,429827709,1031693014081.6003,JAL,9201.T,Stock
2022-09-16,2379.80126953125,429827709,1022904527557.9087,JAL,9201.T,Stock
2022-09-20,2398.469970703125,429827709,1030928852612.6213,JAL,9201.T,Stock
2022-09-21,2354.909912109375,429827709,1012205532423.364,JAL,9201.T,Stock
2022-09-22,2375.356689453125,429827709,1020994123885.4612,JAL,9201.T,Stock
2022-09-26,2336.241455078125,429827709,1004181312307.0569,JAL,9201.T,Stock
2022-09-27,2355.798828125,429827709,1012587613157.8535,JAL,9201.T,Stock
2022-09-28,2330.90771484375,429827709,1001888722961.7144,JAL,9201.T,Stock
2022-09-29,2354.020751953125,429827709,1011823346750.469,JAL,9201.T,Stock
2022-09-30,2295.34814453125,429827709,986604234321.2681,JAL,9201.T,Stock
2022-10-03,2306.90478515625,429827709,991571598684.8481,JAL,9201.T,Stock
2022-10-04,2345.13134765625,429827709,1008002434467.1685,JAL,9201.T,Stock
2022-10-05,2362.02197265625,429827709,1015262493114.4966,JAL,9201.T,Stock
2022-10-06,2379.80126953125,429827709,1022904527557.9087,JAL,9201.T,Stock
2022-10-07,2401.13671875,429827709,1032075094816.0898,JAL,9201.T,Stock
2022-10-11,2465.143310546875,429827709,1059586901529.0388,JAL,9201.T,Stock
2022-10-12,2479.3671875,429827709,1065700717972.8984,JAL,9201.T,Stock
2022-10-13,2409.1376953125,429827709,1035514136241.7119,JAL,9201.T,Stock
2022-10-14,2414.47119140625,429827709,1037806620648.6489,JAL,9201.T,Stock
2022-10-17,2436.69580078125,429827709,1047359373579.7251,JAL,9201.T,Stock
2022-10-18,2482.92333984375,429827709,1067229250787.6675,JAL,9201.T,Stock
2022-10-19,2480.256103515625,429827709,1066082798707.388,JAL,9201.T,Stock
2022-10-20,2522.0380859375,429827709,1084041852489.2607,JAL,9201.T,Stock
2022-10-21,2469.5888671875,429827709,1061497724955.1084,JAL,9201.T,Stock
2022-10-24,2474.922119140625,429827709,1063790104423.6399,JAL,9201.T,Stock
2022-10-25,2483.81201171875,429827709,1067611226583.7515,JAL,9201.T,Stock
2022-10-26,2468.699462890625,429827709,1061115434343.8079,JAL,9201.T,Stock
2022-10-27,2445.585693359375,429827709,1051180495739.8367,JAL,9201.T,Stock
2022-10-28,2434.029296875,429827709,1046213236314.6621,JAL,9201.T,Stock
2022-10-31,2466.92138671875,429827709,1060351167936.4233,JAL,9201.T,Stock
2022-11-01,2492.701904296875,429827709,1071432348743.863,JAL,9201.T,Stock
2022-11-02,2486.47900390625,429827709,1068757573725.6255,JAL,9201.T,Stock
2022-11-04,2534.484375,429827709,1089391612402.5469,JAL,9201.T,Stock
2022-11-07,2515.8154296875,429827709,1081367182409.4287,JAL,9201.T,Stock
2022-11-08,2503.369873046875,429827709,1076017737311.3591,JAL,9201.T,Stock
2022-11-09,2443.807861328125,429827709,1050416334270.8577,JAL,9201.T,Stock
2022-11-10,2435.80712890625,429827709,1046977397783.6411,JAL,9201.T,Stock
2022-11-11,2393.135986328125,429827709,1028636158328.8733,JAL,9201.T,Stock
2022-11-14,2320.23974609375,429827709,997303334394.2183,JAL,9201.T,Stock
2022-11-15,2340.6865234375,429827709,1006091925856.3154,JAL,9201.T,Stock
2022-11-16,2304.23779296875,429827709,990425251542.9741,JAL,9201.T,Stock
2022-11-17,2354.020751953125,429827709,1011823346750.469,JAL,9201.T,Stock
2022-11-18,2331.796630859375,429827709,1002270803696.2039,JAL,9201.T,Stock
2022-11-21,2344.241943359375,429827709,1007620143855.8679,JAL,9201.T,Stock
2022-11-22,2380.6904296875,429827709,1023286713230.8037,JAL,9201.T,Stock
2022-11-24,2386.913330078125,429827709,1025961488249.0413,JAL,9201.T,Stock
2022-11-25,2405.581787109375,429827709,1033985708365.3484,JAL,9201.T,Stock
2022-11-28,2411.804931640625,429827709,1036660588321.9915,JAL,9201.T,Stock
2022-11-29,2435.80712890625,429827709,1046977397783.6411,JAL,9201.T,Stock
2022-11-30,2429.584228515625,429827709,1044302622765.4036,JAL,9201.T,Stock
2022-12-01,2423.361328125,429827709,1041627847747.166,JAL,9201.T,Stock
2022-12-02,2383.357177734375,429827709,1024432955434.2722,JAL,9201.T,Stock
2022-12-05,2400.247802734375,429827709,1031693014081.6003,JAL,9201.T,Stock
2022-12-06,2388.69091796875,429827709,1026725544779.6147,JAL,9201.T,Stock
2022-12-07,2442.0302734375,429827709,1049652277740.2842,JAL,9201.T,Stock
2022-12-08,2442.9189453125,429827709,1050034253536.3682,JAL,9201.T,Stock
2022-12-09,2426.0283203125,429827709,1042774194889.04,JAL,9201.T,Stock
2022-12-12,2436.69580078125,429827709,1047359373579.7251,JAL,9201.T,Stock
2022-12-13,2474.033447265625,429827709,1063408128627.5559,JAL,9201.T,Stock
2022-12-14,2447.3642578125,429827709,1051944972024.0322,JAL,9201.T,Stock
2022-12-15,2433.14013671875,429827709,1045831050641.7671,JAL,9201.T,Stock
2022-12-16,2427.805908203125,429827709,1043538251419.6135,JAL,9201.T,Stock
2022-12-19,2410.916015625,429827709,1036278507587.502,JAL,9201.T,Stock
2022-12-20,2357.576904296875,429827709,1013351879565.238,JAL,9201.T,Stock
2022-12-21,2376.24560546875,429827709,1021376204619.9507,JAL,9201.T,Stock
2022-12-22,2381.57958984375,429827709,1023668898903.6987,JAL,9201.T,Stock
2022-12-23,2373.57861328125,429827709,1020229857478.0767,JAL,9201.T,Stock
2022-12-26,2379.80126953125,429827709,1022904527557.9087,JAL,9201.T,Stock
2022-12-27,2432.25146484375,429827709,1045449074845.6831,JAL,9201.T,Stock
2022-12-28,2413.58251953125,429827709,1037424644852.565,JAL,9201.T,Stock
2022-12-29,2391.3583984375,429827709,1027872101798.2998,JAL,9201.T,Stock
2022-12-30,2395.80322265625,429827709,1029782610409.1528,JAL,9201.T,Stock
2023-01-04,2346.020263671875,429827709,1008384515201.658,JAL,9201.T,Stock
2023-01-05,2317.57275390625,429827709,996156987252.3442,JAL,9201.T,Stock
2023-01-06,2362.02197265625,429827709,1015262493114.4966,JAL,9201.T,Stock
2023-01-10,2349.57568359375,429827709,1009912733201.2104,JAL,9201.T,Stock
2023-01-11,2304.23779296875,429827709,990425251542.9741,JAL,9201.T,Stock
2023-01-12,2282.013427734375,429827709,980872603550.3035,JAL,9201.T,Stock
2023-01-13,2309.572021484375,429827709,992718050765.1277,JAL,9201.T,Stock
2023-01-16,2293.5703125,429827709,985840072852.2891,JAL,9201.T,Stock
2023-01-17,2281.124755859375,429827709,980490627754.2195,JAL,9201.T,Stock
2023-01-18,2311.35009765625,429827709,993482317172.5122,JAL,9201.T,Stock
2023-01-19,2322.017333984375,429827709,998067390924.7917,JAL,9201.T,Stock
2023-01-20,2420.69482421875,429827709,1040481710482.103,JAL,9201.T,Stock
2023-01-23,2418.02734375,429827709,1039335153463.418,JAL,9201.T,Stock
2023-01-24,2426.917724609375,429827709,1043156485500.3406,JAL,9201.T,Stock
2023-01-25,2442.0302734375,429827709,1049652277740.2842,JAL,9201.T,Stock
2023-01-26,2453.586669921875,429827709,1054619537165.4587,JAL,9201.T,Stock
2023-01-27,2450.03076171875,429827709,1053091109289.0952,JAL,9201.T,Stock
2023-01-30,2456.254150390625,429827709,1055766094184.1438,JAL,9201.T,Stock
2023-01-31,2444.69677734375,429827709,1050798415005.3472,JAL,9201.T,Stock
2023-02-01,2439.363037109375,429827709,1048505825660.0046,JAL,9201.T,Stock
2023-02-02,2396.692138671875,429827709,1030164691143.6423,JAL,9201.T,Stock
2023-02-03,2310.460693359375,429827709,993100026561.2117,JAL,9201.T,Stock
2023-02-06,2332.685546875,429827709,1002652884430.6934,JAL,9201.T,Stock
2023-02-07,2323.79541015625,429827709,998831657332.1763,JAL,9201.T,Stock
2023-02-08,2332.685546875,429827709,1002652884430.6934,JAL,9201.T,Stock
2023-02-09,2323.79541015625,429827709,998831657332.1763,JAL,9201.T,Stock
2023-02-10,2301.5712890625,429827709,989279114277.9111,JAL,9201.T,Stock
2023-02-13,2286.458251953125,429827709,982783112161.1565,JAL,9201.T,Stock
2023-02-14,2289.12548828125,429827709,983929564241.436,JAL,9201.T,Stock
2023-02-15,2276.679443359375,429827709,978579909266.5554,JAL,9201.T,Stock
2023-02-16,2287.34765625,429827709,983165402772.457,JAL,9201.T,Stock
2023-02-17,2280.2353515625,429827709,980108337142.919,JAL,9201.T,Stock
2023-02-20,2312.23876953125,429827709,993864292968.5962,JAL,9201.T,Stock
2023-02-21,2280.2353515625,429827709,980108337142.919,JAL,9201.T,Stock
2023-02-22,2253.56591796875,429827709,968645075600.9897,JAL,9201.T,Stock
2023-02-24,2280.2353515625,429827709,980108337142.919,JAL,9201.T,Stock
2023-02-27,2281.124755859375,429827709,980490627754.2195,JAL,9201.T,Stock
2023-02-28,2279.3466796875,429827709,979726361346.835,JAL,9201.T,Stock
2023-03-01,2274.012939453125,429827709,977433772001.4924,JAL,9201.T,Stock
2023-03-02,2282.90234375,429827709,981254684284.793,JAL,9201.T,Stock
2023-03-03,2283.791259765625,429827709,981636765019.2825,JAL,9201.T,Stock
2023-03-06,2305.127197265625,429827709,990807542154.2747,JAL,9201.T,Stock
2023-03-07,2300.681884765625,429827709,988896823666.6106,JAL,9201.T,Stock
2023-03-08,2334.46337890625,429827709,1003417045899.6724,JAL,9201.T,Stock
2023-03-09,2362.02197265625,429827709,1015262493114.4966,JAL,9201.T,Stock
2023-03-10,2311.35009765625,429827709,993482317172.5122,JAL,9201.T,Stock
2023-03-13,2298.01513671875,429827709,987750581463.1421,JAL,9201.T,Stock
2023-03-14,2262.455810546875,429827709,972466197761.1013,JAL,9201.T,Stock
2023-03-15,2271.345458984375,429827709,976287214982.8074,JAL,9201.T,Stock
2023-03-16,2213.562255859375,429827709,951450393164.907,JAL,9201.T,Stock
2023-03-17,2278.457763671875,429827709,979344280612.3455,JAL,9201.T,Stock
2023-03-20,2210.89501953125,429827709,950303941084.6274,JAL,9201.T,Stock
2023-03-22,2209.117431640625,429827709,949539884554.054,JAL,9201.T,Stock
2023-03-23,2225.11865234375,429827709,956417652590.0815,JAL,9201.T,Stock
2023-03-24,2227.785888671875,429827709,957564104670.3611,JAL,9201.T,Stock
2023-03-27,2245.565185546875,429827709,965206139113.7732,JAL,9201.T,Stock
2023-03-28,2247.343017578125,429827709,965970300582.7522,JAL,9201.T,Stock
2023-03-29,2271.345458984375,429827709,976287214982.8074,JAL,9201.T,Stock
2023-03-30,2296.483154296875,429827709,987092092968.5193,JAL,9201.T,Stock
2023-03-31,2318.029541015625,429827709,996353327009.0676,JAL,9201.T,Stock
2023-04-03,2337.7802734375,429827709,1004842739077.0342,JAL,9201.T,Stock
2023-04-04,2331.49609375,429827709,1002141624519.0117,JAL,9201.T,Stock
2023-04-05,2278.528076171875,429827709,979374502873.1345,JAL,9201.T,Stock
2023-04-06,2253.390625,429827709,968569729825.8281,JAL,9201.T,Stock
2023-04-07,2274.93701171875,429827709,977830963866.3765,JAL,9201.T,Stock
2023-04-10,2283.914306640625,429827709,981689653975.6633,JAL,9201.T,Stock
2023-04-11,2268.652099609375,429827709,975129534493.1375,JAL,9201.T,Stock
2023-04-12,2271.345458984375,429827709,976287214982.8074,JAL,9201.T,Stock
2023-04-13,2251.59521484375,429827709,967798012791.6519,JAL,9201.T,Stock
2023-04-14,2251.59521484375,429827709,967798012791.6519,JAL,9201.T,Stock
2023-04-17,2287.505615234375,429827709,983233297920.8269,JAL,9201.T,Stock
2023-04-18,2292.89208984375,429827709,985548553961.7612,JAL,9201.T,Stock
2023-04-19,2317.1318359375,429827709,995967468491.9795,JAL,9201.T,Stock
2023-04-20,2321.620849609375,429827709,997896970954.2312,JAL,9201.T,Stock
2023-04-21,2300.073974609375,429827709,988635527036.8718,JAL,9201.T,Stock
2023-04-24,2344.96240234375,429827709,1007929817090.5503,JAL,9201.T,Stock
2023-04-25,2320.722900390625,429827709,997511007498.7375,JAL,9201.T,Stock
2023-04-26,2315.3359375,429827709,995195541580.9922,JAL,9201.T,Stock
2023-04-27,2290.198974609375,429827709,984390978410.4968,JAL,9201.T,Stock
2023-04-28,2321.620849609375,429827709,997896970954.2312,JAL,9201.T,Stock
2023-05-01,2376.384521484375,429827709,1021435914572.6902,JAL,9201.T,Stock
2023-05-02,2376.384521484375,429827709,1021435914572.6902,JAL,9201.T,Stock
2023-05-08,2416.78369140625,429827709,1038800597225.7114,JAL,9201.T,Stock
2023-05-09,2393.441650390625,429827709,1028767541212.5813,JAL,9201.T,Stock
2023-05-10,2375.486572265625,429827709,1021049951117.1965,JAL,9201.T,Stock
2023-05-11,2373.69091796875,429827709,1020278129144.6147,JAL,9201.T,Stock
2023-05-12,2392.5439453125,429827709,1028381682695.4932,JAL,9201.T,Stock
2023-05-15,2397.03271484375,429827709,1030311080219.3394,JAL,9201.T,Stock
2023-05-16,2400.623779296875,429827709,1031854619226.0974,JAL,9201.T,Stock
2023-05-17,2453.592041015625,429827709,1054621845810.3801,JAL,9201.T,Stock
2023-05-18,2442.81884765625,429827709,1049991228790.106,JAL,9201.T,Stock
2023-05-19,2424.86328125,429827709,1042273428817.9102,JAL,9201.T,Stock
2023-05-22,2485.013916015625,429827709,1068127838354.1145,JAL,9201.T,Stock
2023-05-23,2455.387451171875,429827709,1055393562844.5564,JAL,9201.T,Stock
2023-05-24,2381.77099609375,429827709,1023751170613.6245,JAL,9201.T,Stock
2023-05-25,2356.63330078125,429827709,1012946292627.9126,JAL,9201.T,Stock
2023-05-26,2428.454833984375,429827709,1043817177701.4792,JAL,9201.T,Stock
2023-05-29,2412.295166015625,429827709,1036871304640.2708,JAL,9201.T,Stock
2023-05-30,2395.237548828125,429827709,1029539468123.5686,JAL,9201.T,Stock
2023-05-31,2393.441650390625,429827709,1028767541212.5813,JAL,9201.T,Stock
2023-06-01,2455.387451171875,429827709,1055393562844.5564,JAL,9201.T,Stock
2023-06-02,2450.0009765625,429827709,1053078306803.6221,JAL,9201.T,Stock
2023-06-05,2467.50732421875,429827709,1060603020109.6655,JAL,9201.T,Stock
2023-06-06,2471.098388671875,429827709,1062146559116.4236,JAL,9201.T,Stock
2023-06-07,2457.183349609375,429827709,1056165489755.5437,JAL,9201.T,Stock
2023-06-08,2459.876708984375,429827709,1057323170245.2136,JAL,9201.T,Stock
2023-06-09,2453.143310546875,429827709,1054428969021.0388,JAL,9201.T,Stock
2023-06-12,2485.013916015625,429827709,1068127838354.1145,JAL,9201.T,Stock
2023-06-13,2489.50244140625,429827709,1070057130939.5552,JAL,9201.T,Stock
2023-06-14,2558.630859375,429827709,1099770440461.8574,JAL,9201.T,Stock
2023-06-15,2565.36376953125,429827709,1102664431809.2212,JAL,9201.T,Stock
2023-06-16,2678.482666015625,429827709,1151286067929.7083,JAL,9201.T,Stock
2023-06-19,2647.509521484375,429827709,1137972952175.3152,JAL,9201.T,Stock
2023-06-20,2660.527099609375,429827709,1143568267957.5125,JAL,9201.T,Stock
2023-06-21,2751.650146484375,429827709,1182735478432.8933,JAL,9201.T,Stock
2023-06-22,2739.9794921875,429827709,1177719107833.9365,JAL,9201.T,Stock
2023-06-23,2749.854736328125,429827709,1181963761398.717,JAL,9201.T,Stock
2023-06-26,2724.717041015625,429827709,1171158883413.0051,JAL,9201.T,Stock
2023-06-27,2770.50341796875,429827709,1190839136922.1772,JAL,9201.T,Stock
2023-06-28,2850.404052734375,429827709,1225182643711.1316,JAL,9201.T,Stock
2023-06-29,2819.88037109375,429827709,1212062719561.2964,JAL,9201.T,Stock
2023-06-30,2801.02734375,429827709,1203959166010.418,JAL,9201.T,Stock
2023-07-03,2801.9248046875,429827709,1204344919589.1006,JAL,9201.T,Stock
2023-07-04,2801.02734375,429827709,1203959166010.418,JAL,9201.T,Stock
2023-07-05,2801.9248046875,429827709,1204344919589.1006,JAL,9201.T,Stock
2023-07-06,2799.231689453125,429827709,1203187344037.8362,JAL,9201.T,Stock
2023-07-07,2813.595947265625,429827709,1209361500064.8684,JAL,9201.T,Stock
2023-07-10,2798.333740234375,429827709,1202801380582.3425,JAL,9201.T,Stock
2023-07-11,2781.2763671875,429827709,1195469649004.046,JAL,9201.T,Stock
2023-07-12,2755.2412109375,429827709,1184279017439.6514,JAL,9201.T,Stock
2023-07-13,2734.5927734375,429827709,1175403746854.5967,JAL,9201.T,Stock
2023-07-14,2698.681884765625,429827709,1159968251848.6106,JAL,9201.T,Stock
2023-07-18,2697.7841796875,429827709,1159582393331.5225,JAL,9201.T,Stock
2023-07-19,2742.67236328125,429827709,1178876578446.7954,JAL,9201.T,Stock
2023-07-20,2742.67236328125,429827709,1178876578446.7954,JAL,9201.T,Stock
2023-07-21,2756.138671875,429827709,1184664771018.334,JAL,9201.T,Stock
2023-07-24,2771.401123046875,429827709,1191224995439.2654,JAL,9201.T,Stock
2023-07-25,2759.730224609375,429827709,1186208519901.903,JAL,9201.T,Stock
2023-07-26,2748.956787109375,429827709,1181577797943.2234,JAL,9201.T,Stock
2023-07-27,2762.423095703125,429827709,1187365990514.762,JAL,9201.T,Stock
2023-07-28,2771.401123046875,429827709,1191224995439.2654,JAL,9201.T,Stock
2023-07-31,2761.525390625,429827709,1186980131997.6738,JAL,9201.T,Stock
2023-08-01,2791.15185546875,429827709,1199714407507.232,JAL,9201.T,Stock
2023-08-02,2697.7841796875,429827709,1159582393331.5225,JAL,9201.T,Stock
2023-08-03,2647.95849609375,429827709,1138165933903.062,JAL,9201.T,Stock
2023-08-04,2681.624755859375,429827709,1152636625208.7195,JAL,9201.T,Stock
2023-08-07,2677.135498046875,429827709,1150707017808.0623,JAL,9201.T,Stock
2023-08-08,2699.57958984375,429827709,1160354110365.6987,JAL,9201.T,Stock
2023-08-09,2761.525390625,429827709,1186980131997.6738,JAL,9201.T,Stock
2023-08-10,2825.26708984375,429827709,1214378080540.6362,JAL,9201.T,Stock
2023-08-14,2782.174560546875,429827709,1195855717397.945,JAL,9201.T,Stock
2023-08-15,2790.25390625,429827709,1199328444051.7383,JAL,9201.T,Stock
2023-08-16,2744.46826171875,429827709,1179648505357.7827,JAL,9201.T,Stock
2023-08-17,2737.285888671875,429827709,1176561322405.861,JAL,9201.T,Stock
2023-08-18,2705.8642578125,429827709,1163055434800.5322,JAL,9201.T,Stock
2023-08-21,2701.375244140625,429827709,1161125932338.2805,JAL,9201.T,Stock
2023-08-22,2695.988525390625,429827709,1158810571358.9407,JAL,9201.T,Stock
2023-08-23,2713.046142578125,429827709,1166142407875.6428,JAL,9201.T,Stock
2023-08-24,2701.375244140625,429827709,1161125932338.2805,JAL,9201.T,Stock
2023-08-25,2687.460205078125,429827709,1155144862977.4006,JAL,9201.T,Stock
2023-08-28,2646.611572265625,429827709,1137586988719.8215,JAL,9201.T,Stock
2023-08-29,2661.873779296875,429827709,1144147108202.3474,JAL,9201.T,Stock
2023-08-30,2652.896240234375,429827709,1140288313154.655,JAL,9201.T,Stock
2023-08-31,2694.193359375,429827709,1158038959263.17,JAL,9201.T,Stock
2023-09-01,2703.170654296875,429827709,1161897649372.4568,JAL,9201.T,Stock
2023-09-04,2695.988525390625,429827709,1158810571358.9407,JAL,9201.T,Stock
2023-09-05,2706.76171875,429827709,1163441188379.2148,JAL,9201.T,Stock
2023-09-06,2696.886474609375,429827709,1159196534814.4343,JAL,9201.T,Stock
2023-09-07,2668.60693359375,429827709,1147041204488.1167,JAL,9201.T,Stock
2023-09-08,2654.242431640625,429827709,1140866943522.679,JAL,9201.T,Stock
2023-09-11,2673.095458984375,429827709,1148970497073.5574,JAL,9201.T,Stock
2023-09-12,2705.8642578125,429827709,1163055434800.5322,JAL,9201.T,Stock
2023-09-13,2733.694580078125,429827709,1175017678460.6975,JAL,9201.T,Stock
2023-09-14,2722.02392578125,429827709,1170001307861.7407,JAL,9201.T,Stock
2023-09-15,2693.295654296875,429827709,1157653100746.0818,JAL,9201.T,Stock
2023-09-19,2703.170654296875,429827709,1161897649372.4568,JAL,9201.T,Stock
2023-09-20,2669.055419921875,429827709,1147233976339.0525,JAL,9201.T,Stock
2023-09-21,2670.40234375,429827709,1147812921522.293,JAL,9201.T,Stock
2023-09-22,2708.557373046875,429827709,1164213010351.7966,JAL,9201.T,Stock
2023-09-25,2704.966064453125,429827709,1162669366406.633,JAL,9201.T,Stock
2023-09-26,2696.886474609375,429827709,1159196534814.4343,JAL,9201.T,Stock
2023-09-27,2710.35302734375,429827709,1164984832324.3784,JAL,9201.T,Stock
2023-09-28,2659.1201171875,429827709,1142963507926.5146,JAL,9201.T,Stock
2023-09-29,2636.904052734375,429827709,1133414427839.6316,JAL,9201.T,Stock
2023-10-02,2587.03125,429827709,1111977715298.9062,JAL,9201.T,Stock
2023-10-03,2553.480712890625,429827709,1097556764797.4641,JAL,9201.T,Stock
2023-10-04,2488.193115234375,429827709,1069494346270.7644,JAL,9201.T,Stock
2023-10-05,2576.150146484375,429827709,1107300715503.3933,JAL,9201.T,Stock
2023-10-06,2611.060791015625,429827709,1122306277861.9739,JAL,9201.T,Stock
2023-10-10,2560.734619140625,429827709,1100674694702.2024,JAL,9201.T,Stock
2023-10-11,2572.06982421875,429827709,1105546879931.978,JAL,9201.T,Stock
2023-10-12,2563.001953125,429827709,1101649257674.2441,JAL,9201.T,Stock
2023-10-13,2519.0234375,429827709,1082746073057.9297,JAL,9201.T,Stock
2023-10-16,2443.3076171875,429827709,1050201315477.9521,JAL,9201.T,Stock
2023-10-17,2456.45556640625,429827709,1055852668368.6958,JAL,9201.T,Stock
2023-10-18,2485.472412109375,429827709,1068324912679.6765,JAL,9201.T,Stock
2023-10-19,2424.71826171875,429827709,1042211095405.0327,JAL,9201.T,Stock
2023-10-20,2409.303466796875,429827709,1035585389419.0583,JAL,9201.T,Stock
2023-10-23,2393.888427734375,429827709,1028959578494.6785,JAL,9201.T,Stock
2023-10-24,2433.7861328125,429827709,1046108717662.7666,JAL,9201.T,Stock
2023-10-25,2466.88330078125,429827709,1060334797545.1626,JAL,9201.T,Stock
2023-10-26,2446.9345703125,429827709,1051760280430.3213,JAL,9201.T,Stock
2023-10-27,2490.006591796875,429827709,1070273828746.949,JAL,9201.T,Stock
2023-10-30,2468.697021484375,429827709,1061114384959.7527,JAL,9201.T,Stock
2023-10-31,2506.328369140625,429827709,1077289380909.4211,JAL,9201.T,Stock
2023-11-01,2437.41357421875,429827709,1047667892491.9468,JAL,9201.T,Stock
2023-11-02,2490.4599609375,429827709,1070468699365.9951,JAL,9201.T,Stock
2023-11-06,2529.451171875,429827709,1087228202234.3965,JAL,9201.T,Stock
2023-11-07,2491.81982421875,429827709,1071053206284.728,JAL,9201.T,Stock
2023-11-08,2500.8876953125,429827709,1074950828542.4619,JAL,9201.T,Stock
2023-11-09,2574.33642578125,429827709,1106521128088.8032,JAL,9201.T,Stock
2023-11-10,2583.404052734375,429827709,1110418645408.1316,JAL,9201.T,Stock
2023-11-13,2567.989013671875,429827709,1103792834483.7517,JAL,9201.T,Stock
2023-11-14,2567.989013671875,429827709,1103792834483.7517,JAL,9201.T,Stock
2023-11-15,2574.789794921875,429827709,1106715998707.8494,JAL,9201.T,Stock
2023-11-16,2556.654296875,429827709,1098920859130.7871,JAL,9201.T,Stock
2023-11-17,2616.955078125,429827709,1124839805786.3848,JAL,9201.T,Stock
2023-11-20,2617.40869140625,429827709,1125034781343.8364,JAL,9201.T,Stock
2023-11-21,2637.357666015625,429827709,1133609403397.0833,JAL,9201.T,Stock
2023-11-22,2618.768310546875,429827709,1125619183324.1638,JAL,9201.T,Stock
2023-11-24,2605.166748046875,429827709,1119772854875.9685,JAL,9201.T,Stock
2023-11-27,2584.764404296875,429827709,1111003362203.6755,JAL,9201.T,Stock
2023-11-28,2566.17529296875,429827709,1103013247069.1616,JAL,9201.T,Stock
2023-11-29,2540.785888671875,429827709,1092100177587.3611,JAL,9201.T,Stock
2023-11-30,2548.946533203125,429827709,1095607848730.1917,JAL,9201.T,Stock
2023-12-01,2540.785888671875,429827709,1092100177587.3611,JAL,9201.T,Stock
2023-12-04,2526.73095703125,429827709,1086058978520.1196,JAL,9201.T,Stock
2023-12-05,2528.544677734375,429827709,1086838565934.7097,JAL,9201.T,Stock
2023-12-06,2553.027099609375,429827709,1097361789240.0125,JAL,9201.T,Stock
2023-12-07,2588.391357421875,429827709,1112562327156.0447,JAL,9201.T,Stock
2023-12-08,2603.35302734375,429827709,1118993267461.3784,JAL,9201.T,Stock
2023-12-11,2602.446533203125,429827709,1118603631161.6917,JAL,9201.T,Stock
2023-12-12,2607.88720703125,429827709,1120942183528.651,JAL,9201.T,Stock
2023-12-13,2591.565185546875,429827709,1113926526427.7732,JAL,9201.T,Stock
2023-12-14,2566.62890625,429827709,1103208222626.6133,JAL,9201.T,Stock
2023-12-15,2565.268798828125,429827709,1102623610769.4749,JAL,9201.T,Stock
2023-12-18,2526.27734375,429827709,1085864002962.668,JAL,9201.T,Stock
2023-12-19,2507.235107421875,429827709,1077679122147.5134,JAL,9201.T,Stock
2023-12-20,2507.235107421875,429827709,1077679122147.5134,JAL,9201.T,Stock
2023-12-21,2504.514892578125,429827709,1076509898433.2366,JAL,9201.T,Stock
2023-12-22,2505.875,429827709,1077094510290.375,JAL,9201.T,Stock
2023-12-25,2504.968017578125,429827709,1076704664113.8772,JAL,9201.T,Stock
2023-12-26,2479.125244140625,429827709,1065596724013.0305,JAL,9201.T,Stock
2023-12-27,2503.154541015625,429827709,1075925181637.6926,JAL,9201.T,Stock
2023-12-28,2512.675537109375,429827709,1080017569576.0671,JAL,9201.T,Stock
2023-12-29,2516.302734375,429827709,1081576639466.8418,JAL,9201.T,Stock
2024-01-04,2535.798828125,429827709,1089956600777.8535,JAL,9201.T,Stock
2024-01-05,2526.73095703125,429827709,1086058978520.1196,JAL,9201.T,Stock
2024-01-09,2555.294189453125,429827709,1098336247273.6487,JAL,9201.T,Stock
2024-01-10,2567.53564453125,429827709,1103597963864.7056,JAL,9201.T,Stock
2024-01-11,2573.4296875,429827709,1106131386850.711,JAL,9201.T,Stock
2024-01-12,2543.052734375,429827709,1093074530682.5918,JAL,9201.T,Stock
2024-01-15,2529.451171875,429827709,1087228202234.3965,JAL,9201.T,Stock
2024-01-16,2516.302734375,429827709,1081576639466.8418,JAL,9201.T,Stock
2024-01-17,2523.55712890625,429827709,1084694779248.3911,JAL,9201.T,Stock
2024-01-18,2518.1162109375,429827709,1082356121943.0264,JAL,9201.T,Stock
2024-01-19,2537.15869140625,429827709,1090541107696.5864,JAL,9201.T,Stock
2024-01-22,2563.455322265625,429827709,1101844128293.2903,JAL,9201.T,Stock
2024-01-23,2573.88330078125,429827709,1106326362408.1626,JAL,9201.T,Stock
2024-01-24,2555.74755859375,429827709,1098531117892.6948,JAL,9201.T,Stock
2024-01-25,2573.88330078125,429827709,1106326362408.1626,JAL,9201.T,Stock
2024-01-26,2549.400390625,429827709,1095802929226.0488,JAL,9201.T,Stock
2024-01-29,2582.950927734375,429827709,1110223879727.491,JAL,9201.T,Stock
2024-01-30,2570.709716796875,429827709,1104962268074.8396,JAL,9201.T,Stock
2024-01-31,2578.417236328125,429827709,1108275173537.0295,JAL,9201.T,Stock
2024-02-01,2599.726318359375,429827709,1117434407447.4148,JAL,9201.T,Stock
2024-02-02,2601.086669921875,429827709,1118019124242.9587,JAL,9201.T,Stock
2024-02-05,2579.32373046875,429827709,1108664809836.7163,JAL,9201.T,Stock
2024-02-06,2545.319580078125,429827709,1094048883777.8225,JAL,9201.T,Stock
2024-02-07,2532.171630859375,429827709,1088397530887.0789,JAL,9201.T,Stock
2024-02-08,2541.69287109375,429827709,1092490023763.8589,JAL,9201.T,Stock
2024-02-09,2524.010498046875,429827709,1084889649867.4373,JAL,9201.T,Stock
2024-02-13,2549.853759765625,429827709,1095997799845.095,JAL,9201.T,Stock
2024-02-14,2514.03564453125,429827709,1080602181433.2056,JAL,9201.T,Stock
2024-02-15,2496.35400390625,429827709,1073002122352.0005,JAL,9201.T,Stock
2024-02-16,2509.04833984375,429827709,1078458499685.2925,JAL,9201.T,Stock
2024-02-19,2527.184326171875,429827709,1086253849139.1658,JAL,9201.T,Stock
2024-02-20,2529.904296875,429827709,1087422967915.0371,JAL,9201.T,Stock
2024-02-21,2494.0869140625,429827709,1072027664318.3643,JAL,9201.T,Stock
2024-02-22,2493.63330078125,429827709,1071832688760.9126,JAL,9201.T,Stock
2024-02-26,2519.0234375,429827709,1082746073057.9297,JAL,9201.T,Stock
2024-02-27,2513.12939453125,429827709,1080212650071.9243,JAL,9201.T,Stock
2024-02-28,2533.078125,429827709,1088787167186.7656,JAL,9201.T,Stock
2024-02-29,2535.34521484375,429827709,1089761625220.4019,JAL,9201.T,Stock
2024-03-01,2521.743408203125,429827709,1083915191833.801,JAL,9201.T,Stock
2024-03-04,2465.97705078125,429827709,1059945266183.8813,JAL,9201.T,Stock
2024-03-05,2472.32421875,429827709,1062673454850.5273,JAL,9201.T,Stock
2024-03-06,2479.57861328125,429827709,1065791594632.0767,JAL,9201.T,Stock
2024-03-07,2508.1416015625,429827709,1078068758447.2002,JAL,9201.T,Stock
2024-03-08,2497.260498046875,429827709,1073391758651.6873,JAL,9201.T,Stock
2024-03-11,2480.938720703125,429827709,1066376206489.2151,JAL,9201.T,Stock
2024-03-12,2469.603759765625,429827709,1061504126197.845,JAL,9201.T,Stock
2024-03-13,2471.417236328125,429827709,1062283608674.0295,JAL,9201.T,Stock
2024-03-14,2495.44677734375,429827709,1072612171237.0972,JAL,9201.T,Stock
2024-03-15,2499.52734375,429827709,1074366111746.918,JAL,9201.T,Stock
2024-03-18,2536.251953125,429827709,1090151366458.4941,JAL,9201.T,Stock
2024-03-19,2566.17529296875,429827709,1103013247069.1616,JAL,9201.T,Stock
2024-03-21,2584.311279296875,429827709,1110808596523.035,JAL,9201.T,Stock
2024-03-22,2638.7177734375,429827709,1134194015254.2217,JAL,9201.T,Stock
2024-03-25,2635.544189453125,429827709,1132829920920.8987,JAL,9201.T,Stock
2024-03-26,2631.46337890625,429827709,1131075875472.6724,JAL,9201.T,Stock
2024-03-27,2640.984130859375,429827709,1135168158472.6414,JAL,9201.T,Stock
2024-03-28,2644.207763671875,429827709,1136553765179.0955,JAL,9201.T,Stock
2024-03-29,2683.811279296875,429827709,1153576453568.535,JAL,9201.T,Stock
2024-04-01,2678.28515625,429827709,1151201172759.6445,JAL,9201.T,Stock
2024-04-02,2646.97119140625,429827709,1137741562991.149,JAL,9201.T,Stock
2024-04-03,2662.628173828125,429827709,1144471367875.3967,JAL,9201.T,Stock
2024-04-04,2636.83984375,429827709,1133386829038.9805,JAL,9201.T,Stock
2024-04-05,2652.95751953125,429827709,1140314652694.44,JAL,9201.T,Stock
2024-04-08,2622.564208984375,429827709,1127250765653.1511,JAL,9201.T,Stock
2024-04-09,2670.917236328125,429827709,1148034236619.5295,JAL,9201.T,Stock
2024-04-10,2670.917236328125,429827709,1148034236619.5295,JAL,9201.T,Stock
2024-04-11,2670.917236328125,429827709,1148034236619.5295,JAL,9201.T,Stock
2024-04-12,2673.219970703125,429827709,1149024015660.3713,JAL,9201.T,Stock
2024-04-15,2612.893798828125,429827709,1123094155410.5999,JAL,9201.T,Stock
2024-04-16,2567.30419921875,429827709,1103498482256.275,JAL,9201.T,Stock
2024-04-17,2533.687255859375,429827709,1089048988508.532,JAL,9201.T,Stock
2024-04-18,2611.972900390625,429827709,1122698327744.9875,JAL,9201.T,Stock
2024-04-19,2555.79150390625,429827709,1098550006805.688,JAL,9201.T,Stock
2024-04-22,2636.37939453125,429827709,1133188915206.1743,JAL,9201.T,Stock
2024-04-23,2629.47216796875,429827709,1130219997837.271,JAL,9201.T,Stock
2024-04-24,2631.31396484375,429827709,1131011653168.4956,JAL,9201.T,Stock
2024-04-25,2615.1962890625,429827709,1124083829513.0361,JAL,9201.T,Stock
2024-04-26,2616.577880859375,429827709,1124677675949.86,JAL,9201.T,Stock
2024-04-30,2578.35595703125,429827709,1108248833997.2446,JAL,9201.T,Stock
2024-05-01,2576.974609375,429827709,1107655092498.8262,JAL,9201.T,Stock
2024-05-02,2535.529541015625,429827709,1089840853716.5676,JAL,9201.T,Stock
2024-05-07,2513.42529296875,429827709,1080339835419.4116,JAL,9201.T,Stock
2024-05-08,2490.39990234375,429827709,1070442884518.2378,JAL,9201.T,Stock
2024-05-09,2497.307861328125,429827709,1073412116702.3577,JAL,9201.T,Stock
2024-05-10,2480.7294921875,429827709,1066286274275.6865,JAL,9201.T,Stock
2024-05-13,2515.727783203125,429827709,1081329509521.8479,JAL,9201.T,Stock
2024-05-14,2519.872314453125,429827709,1083110943893.9143,JAL,9201.T,Stock
2024-05-15,2491.3212890625,429827709,1070838922060.6611,JAL,9201.T,Stock
2024-05-16,2484.41357421875,429827709,1067869794814.9468,JAL,9201.T,Stock
2024-05-17,2495.0048828125,429827709,1072422232723.1104,JAL,9201.T,Stock
2024-05-20,2500.99169921875,429827709,1074995532303.2124,JAL,9201.T,Stock
2024-05-21,2490.86083984375,429827709,1070641008227.855,JAL,9201.T,Stock
2024-05-22,2487.176513671875,429827709,1069057382750.1892,JAL,9201.T,Stock
2024-05-23,2475.6640625,429827709,1064109012238.0078,JAL,9201.T,Stock
2024-05-24,2460.467529296875,429827709,1057577121186.5662,JAL,9201.T,Stock
2024-05-27,2457.243896484375,429827709,1056191514480.112,JAL,9201.T,Stock
2024-05-28,2454.94140625,429827709,1055201840377.6758,JAL,9201.T,Stock
2024-05-29,2416.719482421875,429827709,1038772998425.0603,JAL,9201.T,Stock
2024-05-30,2401.52294921875,429827709,1032241107373.6187,JAL,9201.T,Stock
2024-05-31,2438.36328125,429827709,1048076102889.4102,JAL,9201.T,Stock
2024-06-03,2441.5869140625,429827709,1049461709595.8643,JAL,9201.T,Stock
2024-06-04,2461.84912109375,429827709,1058170967623.3901,JAL,9201.T,Stock
2024-06-05,2441.1259765625,429827709,1049263585886.2471,JAL,9201.T,Stock
2024-06-06,2416.25927734375,429827709,1038575189530.6597,JAL,9201.T,Stock
2024-06-07,2411.193359375,429827709,1036397717616.1699,JAL,9201.T,Stock
2024-06-10,2417.640625,429827709,1039168931029.0781,JAL,9201.T,Stock
2024-06-11,2387.707763671875,429827709,1026302957820.5955,JAL,9201.T,Stock
2024-06-12,2363.76220703125,429827709,1016010494069.0259,JAL,9201.T,Stock
2024-06-13,2318.632568359375,429827709,996612524870.696,JAL,9201.T,Stock
2024-06-14,2322.77685546875,429827709,998393854304.3569,JAL,9201.T,Stock
2024-06-17,2267.516357421875,429827709,974641361030.6697,JAL,9201.T,Stock
2024-06-18,2281.331787109375,429827709,980579615522.0984,JAL,9201.T,Stock
2024-06-19,2307.119873046875,429827709,991664049420.1091,JAL,9201.T,Stock
2024-06-20,2318.172119140625,429827709,996414611037.8899,JAL,9201.T,Stock
2024-06-21,2327.381591796875,429827709,1000373097570.824,JAL,9201.T,Stock
2024-06-24,2345.341796875,429827709,1008092891372.7246,JAL,9201.T,Stock
2024-06-25,2371.59033203125,429827709,1019375239103.5415,JAL,9201.T,Stock
2024-06-26,2365.143310546875,429827709,1016604130629.0388,JAL,9201.T,Stock
2024-06-27,2355.012451171875,429827709,1012249606553.6814,JAL,9201.T,Stock
2024-06-28,2337.9736328125,429827709,1004925850294.2041,JAL,9201.T,Stock
2024-07-01,2343.960205078125,429827709,1007499044935.9006,JAL,9201.T,Stock
2024-07-02,2352.2490234375,429827709,1011061808741.6279,JAL,9201.T,Stock
2024-07-03,2355.47265625,429827709,1012447415448.082,JAL,9201.T,Stock
2024-07-04,2368.827392578125,429827709,1018187651168.2991,JAL,9201.T,Stock
2024-07-05,2363.76220703125,429827709,1016010494069.0259,JAL,9201.T,Stock
2024-07-08,2340.73681640625,429827709,1006113543167.852,JAL,9201.T,Stock
2024-07-09,2340.276123046875,429827709,1005915524396.6404,JAL,9201.T,Stock
2024-07-10,2360.998779296875,429827709,1014822696256.9724,JAL,9201.T,Stock
2024-07-11,2372.9716796875,429827709,1019968980601.96,JAL,9201.T,Stock
2024-07-12,2379.879150390625,429827709,1022938002909.2688,JAL,9201.T,Stock
2024-07-16,2359.15673828125,429827709,1014030935987.3423,JAL,9201.T,Stock
2024-07-17,2359.6171875,429827709,1014228849820.1484,JAL,9201.T,Stock
2024-07-18,2359.6171875,429827709,1014228849820.1484,JAL,9201.T,Stock
2024-07-19,2303.43603515625,429827709,990080633819.2544,JAL,9201.T,Stock
2024-07-22,2302.97509765625,429827709,989882510109.6372,JAL,9201.T,Stock
2024-07-23,2318.632568359375,429827709,996612524870.696,JAL,9201.T,Stock
2024-07-24,2263.3720703125,429827709,972860031597.0088,JAL,9201.T,Stock
2024-07-25,2270.739990234375,429827709,976026967737.1238,JAL,9201.T,Stock
2024-07-26,2225.150390625,429827709,956431294582.7988,JAL,9201.T,Stock
2024-07-29,2274.42431640625,429827709,977610593214.7896,JAL,9201.T,Stock
2024-07-30,2263.3720703125,429827709,972860031597.0088,JAL,9201.T,Stock
2024-07-31,2268.4375,429827709,975037293634.6875,JAL,9201.T,Stock
2024-08-01,2220.084716796875,429827709,954253927606.7146,JAL,9201.T,Stock
2024-08-02,2137.194580078125,429827709,918625450042.1975,JAL,9201.T,Stock
2024-08-05,1958.05859375,429827709,841627839439.3242,JAL,9201.T,Stock
2024-08-06,2104.959228515625,429827709,904769802731.2786,JAL,9201.T,Stock
2024-08-07,2146.404296875,429827709,922584041513.5371,JAL,9201.T,Stock
2024-08-08,2120.156005859375,429827709,911301798721.1257,JAL,9201.T,Stock
2024-08-09,2088.841552734375,429827709,897841979075.8191,JAL,9201.T,Stock
2024-08-13,2063.974365234375,429827709,887153372843.4207,JAL,9201.T,Stock
2024-08-14,2110.485107421875,429827709,907144978601.7634,JAL,9201.T,Stock
2024-08-15,2110.0244140625,429827709,906946959830.5518,JAL,9201.T,Stock
2024-08-16,2141.338623046875,429827709,920406674537.4529,JAL,9201.T,Stock
2024-08-19,2122.918701171875,429827709,912489281717.9626,JAL,9201.T,Stock
2024-08-20,2175.876953125,429827709,935252205827.6191,JAL,9201.T,Stock
2024-08-21,2202.125,429827709,946534343681.625,JAL,9201.T,Stock
2024-08-22,2218.70361328125,429827709,953660291046.7017,JAL,9201.T,Stock
2024-08-23,2228.83447265625,429827709,958014815122.0591,JAL,9201.T,Stock
2024-08-26,2286.85791015625,429827709,982954896330.9888,JAL,9201.T,Stock
2024-08-27,2285.9365234375,429827709,982558858788.5654,JAL,9201.T,Stock
2024-08-28,2271.660888671875,429827709,976422795402.7361,JAL,9201.T,Stock
2024-08-29,2266.595703125,429827709,974245638303.4629,JAL,9201.T,Stock
2024-08-30,2261.069580078125,429827709,971870357494.5725,JAL,9201.T,Stock
2024-09-02,2238.04443359375,429827709,961973511531.8042,JAL,9201.T,Stock
2024-09-03,2244.491455078125,429827709,964744620006.3069,JAL,9201.T,Stock
2024-09-04,2209.953857421875,429827709,949899403531.3572,JAL,9201.T,Stock
2024-09-05,2231.136962890625,429827709,959004489224.4954,JAL,9201.T,Stock
2024-09-06,2197.980712890625,429827709,944753014247.9641,JAL,9201.T,Stock
2024-09-09,2220.084716796875,429827709,954253927606.7146,JAL,9201.T,Stock
2024-09-10,2238.5048828125,429827709,962171425364.6104,JAL,9201.T,Stock
2024-09-11,2186.928466796875,429827709,940002452630.1833,JAL,9201.T,Stock
2024-09-12,2230.67626953125,429827709,958806470453.2837,JAL,9201.T,Stock
2024-09-13,2235.28125,429827709,960785818658.1562,JAL,9201.T,Stock
2024-09-17,2259.2275390625,429827709,971078597224.9424,JAL,9201.T,Stock
2024-09-18,2244.491455078125,429827709,964744620006.3069,JAL,9201.T,Stock
2024-09-19,2266.13525390625,429827709,974047724470.6567,JAL,9201.T,Stock
2024-09-20,2273.9638671875,429827709,977412679381.9834,JAL,9201.T,Stock
2024-09-24,2245.872802734375,429827709,965338361504.7253,JAL,9201.T,Stock
2024-09-25,2288.699951171875,429827709,983746656600.6189,JAL,9201.T,Stock
2024-09-26,2338.433837890625,429827709,1005123659188.6047,JAL,9201.T,Stock
2024-09-27,2373.056884765625,429827709,1020005604105.4856,JAL,9201.T,Stock
2024-09-30,2355.745361328125,429827709,1012564631647.0452,JAL,9201.T,Stock
2024-10-01,2343.58056640625,429827709,1007335865715.3208,JAL,9201.T,Stock
2024-10-02,2284.628662109375,429827709,981996703750.2078,JAL,9201.T,Stock
2024-10-03,2274.335205078125,429827709,977572290696.7756,JAL,9201.T,Stock
2024-10-04,2298.66455078125,429827709,988029717621.8188,JAL,9201.T,Stock
2024-10-07,2315.508056640625,429827709,995269523156.8821,JAL,9201.T,Stock
2024-10-08,2272.931640625,429827709,976968999803.4551,JAL,9201.T,Stock
2024-10-09,2282.7568359375,429827709,981192140995.1045,JAL,9201.T,Stock
2024-10-10,2290.242919921875,429827709,984409867323.49,JAL,9201.T,Stock
2024-10-11,2278.5458984375,429827709,979382163376.7373,JAL,9201.T,Stock
2024-10-15,2279.482177734375,429827709,979784602161.8972,JAL,9201.T,Stock
2024-10-16,2268.2529296875,429827709,974957960200.1162,JAL,9201.T,Stock
2024-10-17,2275.7392578125,429827709,978175791466.9072,JAL,9201.T,Stock
2024-10-18,2264.510009765625,429827709,973349149505.1262,JAL,9201.T,Stock
2024-10-21,2255.62060546875,429827709,969528237221.8257,JAL,9201.T,Stock
2024-10-22,2257.959716796875,429827709,970533652085.0896,JAL,9201.T,Stock
2024-10-23,2245.795166015625,429827709,965304991091.7708,JAL,9201.T,Stock
2024-10-24,2242.98779296875,429827709,964098304366.7241,JAL,9201.T,Stock
2024-10-25,2237.373291015625,429827709,961685035855.0364,JAL,9201.T,Stock
2024-10-28,2251.87744140625,429827709,967919321588.4302,JAL,9201.T,Stock
2024-10-29,2274.80322265625,429827709,977773457620.1528,JAL,9201.T,Stock
2024-10-30,2285.564453125,429827709,982398932658.5566,JAL,9201.T,Stock
2024-10-31,2297.72900390625,429827709,987627593651.8755,JAL,9201.T,Stock
2024-11-01,2269.188720703125,429827709,975360189108.4651,JAL,9201.T,Stock
2024-11-05,2237.373291015625,429827709,961685035855.0364,JAL,9201.T,Stock
2024-11-06,2264.510009765625,429827709,973349149505.1262,JAL,9201.T,Stock
2024-11-07,2287.903564453125,429827709,983404347521.8206,JAL,9201.T,Stock
2024-11-08,2262.63818359375,429827709,972544586750.023,JAL,9201.T,Stock
2024-11-11,2274.80322265625,429827709,977773457620.1528,JAL,9201.T,Stock
2024-11-12,2293.51806640625,429827709,985817616033.5083,JAL,9201.T,Stock
2024-11-13,2301.93994140625,429827709,989437571270.2427,JAL,9201.T,Stock
2024-11-14,2286.9677734375,429827709,983002118613.4717,JAL,9201.T,Stock
2024-11-15,2293.05029296875,429827709,985616554048.5366,JAL,9201.T,Stock
2024-11-18,2293.05029296875,429827709,985616554048.5366,JAL,9201.T,Stock
2024-11-19,2280.8857421875,429827709,980387893055.2178,JAL,9201.T,Stock
2024-11-20,2248.134521484375,429827709,966310510893.4402,JAL,9201.T,Stock
2024-11-21,2236.437744140625,429827709,961282911885.093,JAL,9201.T,Stock
2024-11-22,2257.959716796875,429827709,970533652085.0896,JAL,9201.T,Stock
2024-11-25,2243.45556640625,429827709,964299366351.6958,JAL,9201.T,Stock
2024-11-26,2288.37158203125,429827709,983605514445.1978,JAL,9201.T,Stock
2024-11-27,2310.361572265625,429827709,993057421568.5715,JAL,9201.T,Stock
2024-11-28,2321.590576171875,429827709,997883958591.947,JAL,9201.T,Stock
2024-11-29,2335.158935546875,429827709,1003716015416.992,JAL,9201.T,Stock
2024-12-02,2357.616943359375,429827709,1013369089463.7429,JAL,9201.T,Stock
2024-12-03,2346.3876953125,429827709,1008542447501.9619,JAL,9201.T,Stock
2024-12-04,2325.333740234375,429827709,999492874225.3425,JAL,9201.T,Stock
2024-12-05,2348.7275390625,429827709,1009548177180.4424,JAL,9201.T,Stock
2024-12-06,2366.974365234375,429827709,1017391168670.4207,JAL,9201.T,Stock
2024-12-09,2392.70751953125,429827709,1028451991427.19,JAL,9201.T,Stock
2024-12-10,2406.27587890625,429827709,1034284048252.2349,JAL,9201.T,Stock
2024-12-11,2405.340087890625,429827709,1033881819343.886,JAL,9201.T,Stock
2024-12-12,2420.311767578125,429827709,1040317062123.846,JAL,9201.T,Stock
2024-12-13,2398.322265625,429827709,1030865364877.2832,JAL,9201.T,Stock
2024-12-16,2380.54296875,429827709,1023223330433.8711,JAL,9201.T,Stock
2024-12-17,2386.1572265625,429827709,1025636494007.1533,JAL,9201.T,Stock
2024-12-18,2384.75390625,429827709,1025033308052.2383,JAL,9201.T,Stock
2024-12-19,2370.71728515625,429827709,1018999979365.4106,JAL,9201.T,Stock
2024-12-20,2337.498291015625,429827709,1004721535218.6614,JAL,9201.T,Stock
2024-12-23,2326.269287109375,429827709,999894998195.2859,JAL,9201.T,Stock
2024-12-24,2324.398193359375,429827709,999090750255.3992,JAL,9201.T,Stock
2024-12-25,2313.168701171875,429827709,994264003355.2126,JAL,9201.T,Stock
2024-12-26,2307.554443359375,429827709,991850839781.9304,JAL,9201.T,Stock
2024-12-27,2350.5986328125,429827709,1010352425120.3291,JAL,9201.T,Stock
2024-12-30,2332.351806640625,429827709,1002509433630.3508,JAL,9201.T,Stock
2025-01-06,2312.701171875,429827709,994063046308.6465,JAL,9201.T,Stock
2025-01-07,2317.379638671875,429827709,996073980973.5798,JAL,9201.T,Stock
2025-01-08,2311.765380859375,429827709,993660817400.2976,JAL,9201.T,Stock
2025-01-09,2280.8857421875,429827709,980387893055.2178,JAL,9201.T,Stock
2025-01-10,2283.224853515625,429827709,981393307918.4817,JAL,9201.T,Stock
2025-01-14,2273.867431640625,429827709,977371228711.804,JAL,9201.T,Stock
2025-01-15,2265.44580078125,429827709,973751378413.4751,JAL,9201.T,Stock
2025-01-16,2224.272705078125,429827709,956054041014.9631,JAL,9201.T,Stock
2025-01-17,2220.530029296875,429827709,954445335258.3787,JAL,9201.T,Stock
2025-01-20,2239.24462890625,429827709,962489388733.3286,JAL,9201.T,Stock
2025-01-21,2249.070068359375,429827709,966712634863.3835,JAL,9201.T,Stock
2025-01-22,2272.4638671875,429827709,976767937818.4834,JAL,9201.T,Stock
2025-01-23,2299.6005859375,429827709,988432051468.5732,JAL,9201.T,Stock
2025-01-24,2302.40771484375,429827709,989638633255.2144,JAL,9201.T,Stock
2025-01-27,2331.884033203125,429827709,1002308371645.3792,JAL,9201.T,Stock
2025-01-28,2373.524658203125,429827709,1020206666090.4573,JAL,9201.T,Stock
2025-01-29,2371.65283203125,429827709,1019402103335.354,JAL,9201.T,Stock
2025-01-30,2403.468505859375,429827709,1033077361527.1882,JAL,9201.T,Stock
2025-01-31,2392.70751953125,429827709,1028451991427.19,JAL,9201.T,Stock
2025-02-03,2382.414306640625,429827709,1024027683312.1633,JAL,9201.T,Stock
2025-02-04,2354.8095703125,429827709,1012162402738.6963,JAL,9201.T,Stock
2025-02-05,2293.05029296875,429827709,985616554048.5366,JAL,9201.T,Stock
2025-02-06,2374.46044921875,429827709,1020608894998.8062,JAL,9201.T,Stock
2025-02-07,2407.21142578125,429827709,1034686172222.1782,JAL,9201.T,Stock
2025-02-10,2419.84423828125,429827709,1040116105077.2798,JAL,9201.T,Stock
2025-02-12,2412.825927734375,429827709,1037099440733.866,JAL,9201.T,Stock
2025-02-13,2445.5771484375,429827709,1051176822895.6436,JAL,9201.T,Stock
2025-02-14,2431.072998046875,429827709,1044942537162.2498,JAL,9201.T,Stock
2025-02-17,2393.17529296875,429827709,1028653053412.1616,JAL,9201.T,Stock
2025-02-18,2427.7978515625,429827709,1043534788452.2314,JAL,9201.T,Stock
2025-02-19,2432.008544921875,429827709,1045344661132.1931,JAL,9201.T,Stock
2025-02-20,2450.723876953125,429827709,1053389029422.3596,JAL,9201.T,Stock
2025-02-21,2476.456787109375,429827709,1064449747240.7234,JAL,9201.T,Stock
2025-02-25,2478.79638671875,429827709,1065455371980.7983,JAL,9201.T,Stock
2025-02-26,2487.2177734375,429827709,1069075117340.7217,JAL,9201.T,Stock
2025-02-27,2437.62353515625,429827709,1047758139520.6919,JAL,9201.T,Stock
2025-02-28,2415.63330078125,429827709,1038306127458.9126,JAL,9201.T,Stock
2025-03-03,2446.980712890625,429827709,1051780113788.9641,JAL,9201.T,Stock
2025-03-04,2462.888671875,429827709,1058617795354.084,JAL,9201.T,Stock
2025-03-05,2446.045166015625,429827709,1051377989819.0208,JAL,9201.T,Stock
2025-03-06,2484.410888671875,429827709,1067868640492.4861,JAL,9201.T,Stock
2025-03-07,2486.75,429827709,1068874055355.75,JAL,9201.T,Stock
2025-03-10,2469.43896484375,429827709,1061433292774.1206,JAL,9201.T,Stock
2025-03-11,2433.88037109375,429827709,1046149223887.2964,JAL,9201.T,Stock
2025-03-12,2449.7880859375,429827709,1052986800514.0107,JAL,9201.T,Stock
2025-03-13,2432.008544921875,429827709,1045344661132.1931,JAL,9201.T,Stock
2025-03-14,2417.5048828125,429827709,1039110585275.6104,JAL,9201.T,Stock
2025-03-17,2419.84423828125,429827709,1040116105077.2798,JAL,9201.T,Stock
2025-03-18,2430.605224609375,429827709,1044741475177.2781,JAL,9201.T,Stock
2025-03-19,2477.86083984375,429827709,1065053248010.855,JAL,9201.T,Stock
2025-03-21,2505.93310546875,429827709,1077119485630.8882,JAL,9201.T,Stock
2025-03-24,2505.93310546875,429827709,1077119485630.8882,JAL,9201.T,Stock
2025-03-25,2519.03369140625,429827709,1082750480470.9614,JAL,9201.T,Stock
2025-03-26,2537.280517578125,429827709,1090593471960.9397,JAL,9201.T,Stock
2025-03-27,2534.94140625,429827709,1089588057097.6758,JAL,9201.T,Stock
2025-03-28,2523.042236328125,429827709,1084473464151.1545,JAL,9201.T,Stock
2025-03-31,2433.5625,429827709,1046012594083.3125,JAL,9201.T,Stock
2025-04-01,2420.711669921875,429827709,1040488951232.0837,JAL,9201.T,Stock
2025-04-02,2401.67333984375,429827709,1032305749431.4175,JAL,9201.T,Stock
2025-04-03,2362.169189453125,429827709,1015325770973.0237,JAL,9201.T,Stock
2025-04-04,2329.328125,429827709,1001209771478.0156,JAL,9201.T,Stock
2025-04-07,2159.887939453125,429827709,928379684711.8674,JAL,9201.T,Stock
2025-04-08,2240.32421875,429827709,962953426362.5273,JAL,9201.T,Stock
2025-04-09,2210.33935546875,429827709,950065101273.6694,JAL,9201.T,Stock
2025-04-10,2344.55859375,429827709,1007756248967.8242,JAL,9201.T,Stock
2025-04-11,2322.188720703125,429827709,998141057685.4651,JAL,9201.T,Stock
2025-04-14,2321.237060546875,429827709,997732007780.7576,JAL,9201.T,Stock
2025-04-15,2305.5302734375,429827709,990980795461.7842,JAL,9201.T,Stock
2025-04-16,2351.22216796875,429827709,1010620437808.021,JAL,9201.T,Stock
2025-04-17,2366.452392578125,429827709,1017166810359.4241,JAL,9201.T,Stock
2025-04-18,2396.9140625,429827709,1030260080154.2578,JAL,9201.T,Stock
2025-04-21,2412.14453125,429827709,1036806557644.0664,JAL,9201.T,Stock
2025-04-22,2466.879638671875,429827709,1060333223469.0798,JAL,9201.T,Stock
2025-04-23,2489.725341796875,429827709,1070152939703.7927,JAL,9201.T,Stock
2025-04-24,2463.5478515625,429827709,1058901129048.9814,JAL,9201.T,Stock
2025-04-25,2468.783203125,429827709,1061151428216.9004,JAL,9201.T,Stock
2025-04-28,2484.965576171875,429827709,1068107060549.822,JAL,9201.T,Stock
2025-04-30,2457.3603515625,429827709,1056241570099.544,JAL,9201.T,Stock
2025-05-01,2474.49462890625,429827709,1063606357275.5786,JAL,9201.T,Stock
2025-05-02,2503.0517578125,429827709,1075881002568.9697,JAL,9201.T,Stock
2025-05-07,2634.416015625,429827709,1132345000549.002,JAL,9201.T,Stock
2025-05-08,2626.800537109375,429827709,1129071656865.6921,JAL,9201.T,Stock
2025-05-09,2634.416015625,429827709,1132345000549.002,JAL,9201.T,Stock
2025-05-12,2653.929931640625,429827709,1140732622363.6165,JAL,9201.T,Stock
2025-05-13,2651.55029296875,429827709,1139709787725.0366,JAL,9201.T,Stock
2025-05-14,2652.502197265625,429827709,1140118942568.1497,JAL,9201.T,Stock
2025-05-15,2657.261474609375,429827709,1142164611845.3093,JAL,9201.T,Stock
2025-05-16,2665.35302734375,429827709,1145642585419.3784,JAL,9201.T,Stock
2025-05-19,2708.18896484375,429827709,1164054658297.8706,JAL,9201.T,Stock
2025-05-20,2673.920166015625,429827709,1149324979007.3958,JAL,9201.T,Stock
2025-05-21,2677.727783203125,429827709,1150961598379.848,JAL,9201.T,Stock
2025-05-22,2617.757568359375,429827709,1125184738325.321,JAL,9201.T,Stock
2025-05-23,2641.55517578125,429827709,1135413609403.147,JAL,9201.T,Stock
2025-05-26,2684.8671875,429827709,1154030312172.3984,JAL,9201.T,Stock
2025-05-27,2687.72314453125,429827709,1155257881640.143,JAL,9201.T,Stock
2025-05-28,2706.760986328125,429827709,1163440873563.9983,JAL,9201.T,Stock
2025-05-29,2763.875732421875,429827709,1187990374027.5916,JAL,9201.T,Stock
2025-05-30,2782.438232421875,429827709,1195969050875.904,JAL,9201.T,Stock
2025-06-02,2784.341796875,429827709,1196787255623.7246,JAL,9201.T,Stock
2025-06-03,2796.24072265625,429827709,1201901743631.8403,JAL,9201.T,Stock
2025-06-04,2853.83154296875,429827709,1226655873986.1929,JAL,9201.T,Stock
2025-06-05,2803.38037109375,429827709,1204970562362.7964,JAL,9201.T,Stock
2025-06-06,2810.04345703125,429827709,1207834541326.1821,JAL,9201.T,Stock
2025-06-09,2801.952392578125,429827709,1204356777628.924,JAL,9201.T,Stock
2025-06-10,2801.952392578125,429827709,1204356777628.924,JAL,9201.T,Stock
2025-06-11,2775.298828125,429827709,1192900337083.3535,JAL,9201.T,Stock
2025-06-12,2762.923828125,429827709,1187581219184.4785,JAL,9201.T,Stock
2025-06-13,2661.0693359375,429827709,1143801336156.167,JAL,9201.T,Stock
2025-06-16,2649.170654296875,429827709,1138686953086.4568,JAL,9201.T,Stock
2025-06-17,2666.781005859375,429827709,1146256370153.2507,JAL,9201.T,Stock
2025-06-18,2695.81396484375,429827709,1158735540398.9956,JAL,9201.T,Stock
2025-06-19,2711.044677734375,429827709,1165282122827.2097,JAL,9201.T,Stock
2025-06-20,2686.77099609375,429827709,1154848621858.6245,JAL,9201.T,Stock
2025-06-23,2644.886962890625,429827709,1136845703823.2454,JAL,9201.T,Stock
2025-06-24,2721.515625,429827709,1169782826101.4531,JAL,9201.T,Stock
2025-06-25,2739.1259765625,429827709,1177352243168.247,JAL,9201.T,Stock
2025-06-26,2755.78466796875,429827709,1184512610330.3335,JAL,9201.T,Stock
2025-06-27,2798.144775390625,429827709,1202720158256.472,JAL,9201.T,Stock
2025-06-30,2800.048583984375,429827709,1203538467942.698,JAL,9201.T,Stock
2025-07-01,2783.39013671875,429827709,1196378205719.017,JAL,9201.T,Stock
2025-07-02,2813.851318359375,429827709,1209471265637.0398,JAL,9201.T,Stock
2025-07-03,2799.0966796875,429827709,1203129313099.585,JAL,9201.T,Stock
2025-07-04,2814.80322265625,429827709,1209880420480.1528,JAL,9201.T,Stock
2025-07-07,2825.274169921875,429827709,1214381123754.3962,JAL,9201.T,Stock
2025-07-08,2818.610595703125,429827709,1211516934914.1995,JAL,9201.T,Stock
2025-07-09,2811.947509765625,429827709,1208652955950.8137,JAL,9201.T,Stock
2025-07-10,2788.149658203125,429827709,1198423979934.5823,JAL,9201.T,Stock
2025-07-11,2820.5146484375,429827709,1212335349538.831,JAL,9201.T,Stock
2025-07-14,2797.668701171875,429827709,1202515528365.7126,JAL,9201.T,Stock
2025-07-15,2827.177978515625,429827709,1215199433440.6223,JAL,9201.T,Stock
2025-07-16,2811.947509765625,429827709,1208652955950.8137,JAL,9201.T,Stock
2025-07-17,2834.793212890625,429827709,1218472672185.5266,JAL,9201.T,Stock
2025-07-18,2792.43310546875,429827709,1200265124259.3882,JAL,9201.T,Stock
2025-07-22,2781.486328125,429827709,1195559896032.791,JAL,9201.T,Stock
2025-07-23,2816.23095703125,429827709,1210494100275.6196,JAL,9201.T,Stock
2025-07-24,2829.5576171875,429827709,1216222268079.2021,JAL,9201.T,Stock
2025-07-25,2811.471435546875,429827709,1208448326060.0544,JAL,9201.T,Stock
2025-07-28,2785.77001953125,429827709,1197401145296.0024,JAL,9201.T,Stock
2025-07-29,2783.865966796875,429827709,1196582730671.3708,JAL,9201.T,Stock
2025-07-30,2787.19775390625,429827709,1198014825091.4692,JAL,9201.T,Stock
2025-07-31,2864.302734375,429827709,1231156682198.8418,JAL,9201.T,Stock
2025-08-01,2870.01416015625,429827709,1233611611257.52,JAL,9201.T,Stock
2025-08-04,2913.80224609375,429827709,1252432943917.5308,JAL,9201.T,Stock
2025-08-05,2947.118896484375,429827709,1266753363426.487,JAL,9201.T,Stock
2025-08-06,2976.628173828125,429827709,1279437268501.3967,JAL,9201.T,Stock
2025-08-07,2978.5322265625,429827709,1280255683126.0283,JAL,9201.T,Stock
2025-08-08,3002.329833984375,429827709,1290484554203.8542,JAL,9201.T,Stock
2025-08-12,3024.223876953125,429827709,1299895220533.8596,JAL,9201.T,Stock
2025-08-13,3074.675048828125,429827709,1321580532157.256,JAL,9201.T,Stock
2025-08-14,3016.6083984375,429827709,1296621876850.5498,JAL,9201.T,Stock
2025-08-15,3026.127685546875,429827709,1300713530220.0857,JAL,9201.T,Stock
2025-08-18,3028.983154296875,429827709,1301940889811.0193,JAL,9201.T,Stock
2025-08-19,3057.540771484375,429827709,1314215744981.2214,JAL,9201.T,Stock
2025-08-20,3054.684814453125,429827709,1312988175513.4768,JAL,9201.T,Stock
2025-08-21,3044.214111328125,429827709,1308487577177.639,JAL,9201.T,Stock
2025-08-22,3020.416015625,429827709,1298258496223.002,JAL,9201.T,Stock
2025-08-25,2976.628173828125,429827709,1279437268501.3967,JAL,9201.T,Stock
2025-08-26,2988.051025390625,429827709,1284347126618.7532,JAL,9201.T,Stock
2025-08-27,3028.031494140625,429827709,1301531839906.3118,JAL,9201.T,Stock
2025-08-28,3006.13720703125,429827709,1292121068637.901,JAL,9201.T,Stock
2025-08-29,2986.147216796875,429827709,1283528816932.527,JAL,9201.T,Stock
2025-09-01,2980.435791015625,429827709,1281073887873.8489,JAL,9201.T,Stock
2025-09-02,2995.66650390625,429827709,1287620470302.063,JAL,9201.T,Stock
2025-09-03,2991.85888671875,429827709,1285983850929.6108,JAL,9201.T,Stock
2025-09-04,3009.945068359375,429827709,1293757792948.7585,JAL,9201.T,Stock
2025-09-05,2979.48388671875,429827709,1280664733030.7358,JAL,9201.T,Stock
2025-09-08,3000.426025390625,429827709,1289666244517.6282,JAL,9201.T,Stock
2025-09-09,3011.84912109375,429827709,1294576207573.3901,JAL,9201.T,Stock
2025-09-10,3024.223876953125,429827709,1299895220533.8596,JAL,9201.T,Stock
2025-09-11,3006.13720703125,429827709,1292121068637.901,JAL,9201.T,Stock
2025-09-12,2994.714599609375,429827709,1287211315458.95,JAL,9201.T,Stock
2025-09-16,2983.29150390625,429827709,1282301352403.188,JAL,9201.T,Stock
2025-09-17,3013.752685546875,429827709,1295394412321.2107,JAL,9201.T,Stock
2025-09-18,2979.48388671875,429827709,1280664733030.7358,JAL,9201.T,Stock
2025-09-19,2929.984619140625,429827709,1259388576250.4524,JAL,9201.T,Stock
2025-09-22,2907.138427734375,429827709,1249568650138.9285,JAL,9201.T,Stock
2025-09-24,2937.599853515625,429827709,1262661814995.3567,JAL,9201.T,Stock
2025-09-25,2941.4072265625,429827709,1264298329429.4033,JAL,9201.T,Stock
2025-09-26,2949.022705078125,429827709,1267571673112.7131,JAL,9201.T,Stock
2025-09-29,2917.135986328125,429827709,1253865877844.8733,JAL,9201.T,Stock
2025-09-30,2882.350830078125,429827709,1238914253826.7288,JAL,9201.T,Stock
2025-10-01,2863.025634765625,429827709,1230607749399.5793,JAL,9201.T,Stock
2025-10-02,2804.083740234375,429827709,1205272889909.0925,JAL,9201.T,Stock
2025-10-03,2804.083740234375,429827709,1205272889909.0925,JAL,9201.T,Stock
2025-10-06,2790.556396484375,429827709,1199458462736.1746,JAL,9201.T,Stock
2025-10-07,2852.396728515625,429827709,1226039150976.966,JAL,9201.T,Stock
2025-10-08,2846.599365234375,429827709,1223547283599.5457,JAL,9201.T,Stock
2025-10-09,2812.297119140625,429827709,1208803227747.515,JAL,9201.T,Stock
2025-10-10,2802.1513671875,429827709,1204442302429.421,JAL,9201.T,Stock
2025-10-14,2773.16357421875,429827709,1191982545788.6968,JAL,9201.T,Stock
2025-10-15,2824.37548828125,429827709,1213994845483.686,JAL,9201.T,Stock
2025-10-16,2828.7236328125,429827709,1215863798485.954,JAL,9201.T,Stock
2025-10-17,2806.016357421875,429827709,1206103582327.1697,JAL,9201.T,Stock
2025-10-20,2838.385986328125,429827709,1220016945761.1233,JAL,9201.T,Stock
2025-10-21,2878.002685546875,429827709,1237045300824.4607,JAL,9201.T,Stock
2025-10-22,2883.31689453125,429827709,1239329495097.3618,JAL,9201.T,Stock
2025-10-23,2882.350830078125,429827709,1238914253826.7288,JAL,9201.T,Stock
2025-10-24,2850.947509765625,429827709,1225416236601.8137,JAL,9201.T,Stock
2025-10-27,2877.51953125,429827709,1236837627719.9414,JAL,9201.T,Stock
2025-10-28,2819.06103515625,429827709,1211710546272.3794,JAL,9201.T,Stock
2025-10-29,2767.365966796875,429827709,1189490573472.8708,JAL,9201.T,Stock
2025-10-30,2698.76171875,429827709,1160002566707.2148,JAL,9201.T,Stock
2025-10-31,2684.267578125,429827709,1153772583448.4473,JAL,9201.T,Stock
2025-11-04,2759.15283203125,429827709,1185960340572.854,JAL,9201.T,Stock
2025-11-05,2860.610107421875,429827709,1229569488815.3884,JAL,9201.T,Stock
2025-11-06,2848.048583984375,429827709,1224170197974.698,JAL,9201.T,Stock
2025-11-07,2844.18359375,429827709,1222508918076.9492,JAL,9201.T,Stock
2025-11-10,2888.1484375,429827709,1241406226142.5547,JAL,9201.T,Stock
2025-11-11,2868.8232421875,429827709,1233099721715.4053,JAL,9201.T,Stock
2025-11-12,2855.778564453125,429827709,1227492757770.1956,JAL,9201.T,Stock
2025-11-13,2893.462890625,429827709,1243690525353.8613,JAL,9201.T,Stock
2025-11-14,2915.203857421875,429827709,1253035395303.6072,JAL,9201.T,Stock
2025-11-17,2806.016357421875,429827709,1206103582327.1697,JAL,9201.T,Stock
2025-11-18,2779.927490234375,429827709,1194889864313.5613,JAL,9201.T,Stock
2025-11-19,2786.208251953125,429827709,1197589509733.9065,JAL,9201.T,Stock
2025-11-20,2818.57763671875,429827709,1211502768229.4546,JAL,9201.T,Stock
2025-11-21,2874.620849609375,429827709,1235591694031.2312,JAL,9201.T,Stock
2025-11-25,2805.050048828125,429827709,1205688236118.131,JAL,9201.T,Stock
2025-11-26,2855.295654296875,429827709,1227285189604.0818,JAL,9201.T,Stock
2025-11-27,2838.385986328125,429827709,1220016945761.1233,JAL,9201.T,Stock
2025-11-28,2814.712646484375,429827709,1209841488331.7058,JAL,9201.T,Stock
2025-12-01,2830.1728515625,429827709,1216486712861.1064,JAL,9201.T,Stock
2025-12-02,2815.19580078125,429827709,1210049161436.225,JAL,9201.T,Stock
2025-12-03,2802.1513671875,429827709,1204442302429.421,JAL,9201.T,Stock
2025-12-04,2796.353759765625,429827709,1201950330113.595,JAL,9201.T,Stock
2025-12-05,2734.51318359375,429827709,1175369536934.398,JAL,9201.T,Stock
2025-12-08,2746.59130859375,429827709,1180561049732.1636,JAL,9201.T,Stock
2025-12-09,2742.243408203125,429827709,1178692201668.301,JAL,9201.T,Stock
2025-12-10,2773.16357421875,429827709,1191982545788.6968,JAL,9201.T,Stock
2025-12-11,2753.83837890625,429827709,1183676041361.5474,JAL,9201.T,Stock
2025-12-12,2797.80322265625,429827709,1202573349427.1528,JAL,9201.T,Stock
2025-12-15,2807.4658203125,429827709,1206726601640.7275,JAL,9201.T,Stock
2025-12-16,2821.4765625,429827709,1212748806856.5703,JAL,9201.T,Stock
2025-12-17,2815.678955078125,429827709,1210256834540.7444,JAL,9201.T,Stock
2025-12-18,2861.576416015625,429827709,1229984835024.427,JAL,9201.T,Stock
2025-12-19,2850.947509765625,429827709,1225416236601.8137,JAL,9201.T,Stock
2025-12-22,2802.1513671875,429827709,1204442302429.421,JAL,9201.T,Stock
2025-12-23,2855.295654296875,429827709,1227285189604.0818,JAL,9201.T,Stock
2025-12-24,2802.1513671875,429827709,1204442302429.421,JAL,9201.T,Stock
2025-12-25,2827.27392578125,429827709,1215240674233.9907,JAL,9201.T,Stock
2025-12-26,2819.06103515625,429827709,1211710546272.3794,JAL,9201.T,Stock
2025-12-29,2825.341552734375,429827709,1214410086754.319,JAL,9201.T,Stock
2025-12-30,2806.982666015625,429827709,1206518928536.2083,JAL,9201.T,Stock
2026-01-05,2847.082275390625,429827709,1223754851765.6594,JAL,9201.T,Stock
2026-01-06,2893.94580078125,429827709,1243898093519.975,JAL,9201.T,Stock
2026-01-07,2859.643798828125,429827709,1229154142606.3499,JAL,9201.T,Stock
2026-01-08,2904.57470703125,429827709,1248466691942.5884,JAL,9201.T,Stock
2026-01-09,2891.04736328125,429827709,1242652264769.6704,JAL,9201.T,Stock
2026-01-13,2845.633056640625,429827709,1223131937390.507,JAL,9201.T,Stock
2026-01-14,2879.4521484375,429827709,1237668320138.0186,JAL,9201.T,Stock
2026-01-15,2886.2158203125,429827709,1240575533724.4775,JAL,9201.T,Stock
2026-01-16,2865.441162109375,429827709,1231646009983.7703,JAL,9201.T,Stock
2026-01-19,2859.16064453125,429827709,1228946469501.8306,JAL,9201.T,Stock
2026-01-20,2898.77734375,429827709,1245974824565.168,JAL,9201.T,Stock
2026-01-21,2859.16064453125,429827709,1228946469501.8306,JAL,9201.T,Stock
2026-01-22,2864.47509765625,429827709,1231230768713.1372,JAL,9201.T,Stock
2026-01-23,2860.126708984375,429827709,1229361710772.4636,JAL,9201.T,Stock
2026-01-26,2843.700439453125,429827709,1222301244972.43,JAL,9201.T,Stock
2026-01-27,2811.81396484375,429827709,1208595554642.9956,JAL,9201.T,Stock
2026-01-28,2780.893798828125,429827709,1195305210522.5999,JAL,9201.T,Stock
2026-01-29,2765.91650390625,429827709,1188867554159.313,JAL,9201.T,Stock
2026-01-30,2825.82470703125,429827709,1214617759858.8384,JAL,9201.T,Stock
2026-02-02,2849.014892578125,429827709,1224585544183.7366,JAL,9201.T,Stock
2026-02-03,2875.5869140625,429827709,1236006935301.8643,JAL,9201.T,Stock
2026-02-04,2915.203857421875,429827709,1253035395303.6072,JAL,9201.T,Stock
2026-02-05,3006.998291015625,429827709,1292491186394.1614,JAL,9201.T,Stock
2026-02-06,3023.4248046875,429827709,1299551757132.6006,JAL,9201.T,Stock
2026-02-09,3036.952392578125,429827709,1305366289243.924,JAL,9201.T,Stock
2026-02-10,2989.605712890625,429827709,1285015374385.089,JAL,9201.T,Stock
2026-02-12,2977.044189453125,429827709,1279616083544.3987,JAL,9201.T,Stock
2026-02-13,3002.1669921875,429827709,1290414560287.374,JAL,9201.T,Stock
2026-02-16,3022.45849609375,429827709,1299136410923.562,JAL,9201.T,Stock
2026-02-17,3046.614990234375,429827709,1309519541457.4988,JAL,9201.T,Stock
2026-02-18,3094.927734375,429827709,1330285697586.9668,JAL,9201.T,Stock
2026-02-19,3044.682373046875,429827709,1308688849039.4216,JAL,9201.T,Stock
2026-02-20,2949.98876953125,429827709,1267986914383.3462,JAL,9201.T,Stock
2026-02-24,3019.5595703125,429827709,1297890372296.4463,JAL,9201.T,Stock
2026-02-25,3069.80517578125,429827709,1319487325782.397,JAL,9201.T,Stock
2026-02-26,3106.52294921875,429827709,1335269642218.6187,JAL,9201.T,Stock
2026-02-27,3119.084228515625,429827709,1340668828120.9036,JAL,9201.T,Stock
2026-03-02,2935.4951171875,429827709,1261757141001.3896,JAL,9201.T,Stock
2026-03-03,2746.59130859375,429827709,1180561049732.1636,JAL,9201.T,Stock
2026-03-04,2667.84130859375,429827709,1146712117648.4136,JAL,9201.T,Stock
2026-03-05,2638.37060546875,429827709,1134044792841.5757,JAL,9201.T,Stock
2026-03-06,2626.775390625,429827709,1129060848209.9238,JAL,9201.T,Stock
2026-03-09,2534.980712890625,429827709,1089604952180.9641,JAL,9201.T,Stock
2026-03-10,2597.304443359375,429827709,1116393418464.6804,JAL,9201.T,Stock
2026-03-11,2574.1142578125,429827709,1106425634139.7822,JAL,9201.T,Stock
2026-03-12,2563.4853515625,429827709,1101857035717.169,JAL,9201.T,Stock
2026-03-13,2501.64453125,429827709,1075276137599.5664,JAL,9201.T,Stock
2026-03-16,2511.79052734375,429827709,1079637167856.0659,JAL,9201.T,Stock
2026-03-17,2477.48828125,429827709,1064893112004.0352,JAL,9201.T,Stock
2026-03-18,2626.2919921875,429827709,1128853070166.999,JAL,9201.T,Stock
2026-03-19,2520.48681640625,429827709,1083375073860.602,JAL,9201.T,Stock
2026-03-23,2483.285888671875,429827709,1067385084319.8611,JAL,9201.T,Stock
2026-03-24,2534.980712890625,429827709,1089604952180.9641,JAL,9201.T,Stock
2026-03-25,2600.203369140625,429827709,1117639457091.7961,JAL,9201.T,Stock
2026-03-26,2585.709228515625,429827709,1111409473833.0286,JAL,9201.T,Stock
2026-03-27,2594.888916015625,429827709,1115355157880.4895,JAL,9201.T,Stock
2026-03-30,2542.213134765625,429827709,1092713647506.0168,JAL,9201.T,Stock
2026-03-31,2520.059814453125,429827709,1083191536589.3518,JAL,9201.T,Stock
2026-04-01,2622.457275390625,429827709,1127204802631.5344,JAL,9201.T,Stock
2026-04-02,2599.811767578125,429827709,1117471135889.346,JAL,9201.T,Stock
2026-04-03,2587.99658203125,429827709,1112392641754.3228,JAL,9201.T,Stock
2026-04-06,2545.1669921875,429827709,1093983297274.374,JAL,9201.T,Stock
2026-04-07,2547.62841796875,429827709,1095041286278.8022,JAL,9201.T,Stock
2026-04-08,2637.718505859375,429827709,1133764502360.4382,JAL,9201.T,Stock
2026-04-09,2548.120849609375,429827709,1095252947042.7312,JAL,9201.T,Stock
2026-04-10,2548.613037109375,429827709,1095464502868.2546,JAL,9201.T,Stock
2026-04-13,2489.04541015625,429827709,1069860686244.4263,JAL,9201.T,Stock
2026-04-14,2485.10693359375,429827709,1068167819886.6167,JAL,9201.T,Stock
2026-04-15,2516.12158203125,429827709,1081498775169.9478,JAL,9201.T,Stock
2026-04-16,2530.398193359375,429827709,1087635258309.3992,JAL,9201.T,Stock
2026-04-17,2498.89111328125,429827709,1074092642262.1392,JAL,9201.T,Stock
2026-04-20,2536.7978515625,429827709,1090386008733.2314,JAL,9201.T,Stock
2026-04-21,2508.737060546875,429827709,1078324703218.2576,JAL,9201.T,Stock
2026-04-22,2479.199462890625,429827709,1065628625288.3079,JAL,9201.T,Stock
2026-04-23,2424.062255859375,429827709,1041929125909.407,JAL,9201.T,Stock
2026-04-24,2429.969970703125,429827709,1044468425446.1213,JAL,9201.T,Stock
2026-04-27,2405.355224609375,429827709,1033888325525.0281,JAL,9201.T,Stock
2026-04-28,2427.50830078125,429827709,1043410331503.2876,JAL,9201.T,Stock
2026-04-30,2416.185546875,429827709,1038543498132.1934,JAL,9201.T,Stock
2026-05-01,2488.060791015625,429827709,1069437469654.9739,JAL,9201.T,Stock
2026-05-07,2586.519775390625,429827709,1111757869339.347,JAL,9201.T,Stock
2026-05-08,2585.04296875,429827709,1111123096924.371,JAL,9201.T,Stock
2026-05-11,2520.059814453125,429827709,1083191536589.3518,JAL,9201.T,Stock
2026-05-12,2504.798828125,429827709,1076631941798.8535,JAL,9201.T,Stock
2026-05-13,2500.3681640625,429827709,1074727519615.5205,JAL,9201.T,Stock
2026-05-14,2503.32177734375,429827709,1075997064445.4722,JAL,9201.T,Stock
2026-05-15,2510.706298828125,429827709,1079171136397.1624,JAL,9201.T,Stock
2026-05-18,2482.153076171875,429827709,1066898170118.2595,JAL,9201.T,Stock
2026-05-19,2522.521484375,429827709,1084249630532.1855,JAL,9201.T,Stock
2026-05-20,2479.199462890625,429827709,1065628625288.3079,JAL,9201.T,Stock
2026-05-21,2532.3671875,429827709,1088481586549.8984,JAL,9201.T,Stock
2026-05-22,2540.244140625,429827709,1091867319265.5176,JAL,9201.T,Stock
2026-05-25,2657.902587890625,429827709,1142440180098.1985,JAL,9201.T,Stock
2026-05-26,2639.687744140625,429827709,1134610935539.343,JAL,9201.T,Stock
2026-05-27,2646.579833984375,429827709,1137573346727.1042,JAL,9201.T,Stock
2026-05-28,2617.534423828125,429827709,1125088824622.678,JAL,9201.T,Stock
2026-05-29,2697.2861328125,429827709,1159368318984.2666,JAL,9201.T,Stock
2026-06-01,2671.194580078125,429827709,1148153446648.1975,JAL,9201.T,Stock
2026-06-02,2617.0419921875,429827709,1124877163858.749,JAL,9201.T,Stock
2026-06-03,2569.78173828125,429827709,1104563397195.4673,JAL,9201.T,Stock
2026-06-04,2607.1962890625,429827709,1120645207841.0361,JAL,9201.T,Stock
2026-06-05,2629.841796875,429827709,1130378874583.2246,JAL,9201.T,Stock
2026-06-08,2584.058349609375,429827709,1110699880334.9187,JAL,9201.T,Stock
2026-06-09,2562.397216796875,429827709,1101389325243.777,JAL,9201.T,Stock
2026-06-10,2596.36572265625,429827709,1115989930295.4653,JAL,9201.T,Stock
2026-06-11,2544.6748046875,429827709,1093771741448.8506,JAL,9201.T,Stock
2026-06-12,2585.53515625,429827709,1111334652749.8945,JAL,9201.T,Stock
2026-06-15,2779.991943359375,429827709,1194917568052.618,JAL,9201.T,Stock
2026-06-16,2797.714599609375,429827709,1202535256785.95,JAL,9201.T,Stock
2026-06-17,2782.945556640625,429827709,1196187112882.5696,JAL,9201.T,Stock
2026-06-18,2755.377197265625,429827709,1184337468131.5247,JAL,9201.T,Stock
2026-06-19,2735.685302734375,429827709,1175873346219.2878,JAL,9201.T,Stock
2026-06-22,2748.977294921875,429827709,1181586612769.2869,JAL,9201.T,Stock
2026-06-23,2711.070556640625,429827709,1165293246298.1946,JAL,9201.T,Stock
2026-06-24,2731.746826171875,429827709,1174180479861.4783,JAL,9201.T,Stock
2026-06-25,2772.607421875,429827709,1191743496100.9277,JAL,9201.T,Stock
2026-06-26,2802.145263671875,429827709,1204439678969.283,JAL,9201.T,Stock
2026-06-29,2821.3447265625,429827709,1212692140117.5908,JAL,9201.T,Stock
2026-06-30,2806.08349609375,429827709,1206132440388.687,JAL,9201.T,Stock
2026-07-01,2810.02197265625,429827709,1207825306746.4966,JAL,9201.T,Stock
2026-07-02,2964.6025390625,429827709,1274268317460.8174,JAL,9201.T,Stock
2026-07-03,3003.001708984375,429827709,1290773344695.8386,JAL,9201.T,Stock
2026-07-06,3066.015380859375,429827709,1317858366913.5476,JAL,9201.T,Stock
2026-07-07,3049.27734375,429827709,1310663894769.668,JAL,9201.T,Stock
2026-07-08,2997.09423828125,429827709,1288234150097.5298,JAL,9201.T,Stock
2026-07-09,2937.5263671875,429827709,1262630228535.296,JAL,9201.T,Stock
2026-07-10,2899.12744140625,429827709,1246125306238.6802,JAL,9201.T,Stock
2026-07-13,2872.54345703125,429827709,1234698773138.6821,JAL,9201.T,Stock
2026-07-14,2884.3583984375,429827709,1239777162335.2998,JAL,9201.T,Stock
2026-07-15,2868.11279296875,429827709,1232794350955.349,JAL,9201.T,Stock
2026-07-16,2862.205078125,429827709,1230255051418.6348,JAL,9201.T,Stock
2026-07-17,2859.25146484375,429827709,1228985506588.683,JAL,9201.T,Stock
2026-07-21,2859.25146484375,429827709,1228985506588.683,JAL,9201.T,Stock
2026-07-22,2818.88330078125,429827709,1211634151113.1626,JAL,9201.T,Stock
2026-07-23,2805.098876953125,429827709,1205709223799.2346,JAL,9201.T,Stock
2026-07-24,2744.05419921875,429827709,1179470529822.025,JAL,9201.T,Stock
2026-07-27,2888.7890625,429827709,1241681584518.6328,JAL,9201.T,Stock
2026-07-28,2942.44921875,429827709,1264746206544.1523,JAL,9201.T,Stock
2026-07-29,3001.032470703125,429827709,1289926911516.9338,JAL,9201.T,Stock
2026-07-30,2932.603515625,429827709,1260514250526.4395,JAL,9201.T,Stock
2026-07-31,2897.650390625,429827709,1245490428885.2988,JAL,9201.T,Stock
2026-08-03,2933.588134765625,429827709,1260937467115.8918,JAL,9201.T,Stock
2026-08-04,2912.91162109375,429827709,1252050128614.2026,JAL,9201.T,Stock
2026-08-05,2988.23291015625,429827709,1284425305730.8638,JAL,9201.T,Stock
2026-08-06,2998.07861328125,429827709,1288657261748.5767,JAL,9201.T,Stock
2026-08-07,3003.001708984375,429827709,1290773344695.8386,JAL,9201.T,Stock
2026-08-10,3006.93994140625,429827709,1292466106115.2427,JAL,9201.T,Stock
2026-08-12,2989.21728515625,429827709,1284848417381.9106,JAL,9201.T,Stock
2026-08-13,2982.3251953125,429827709,1281886006194.1494,JAL,9201.T,Stock
2026-08-14,3006.93994140625,429827709,1292466106115.2427,JAL,9201.T,Stock
2026-08-17,2982.3251953125,429827709,1281886006194.1494,JAL,9201.T,Stock
2026-08-18,2949.833740234375,429827709,1267920278495.8425,JAL,9201.T,Stock
2026-08-19,2937.5263671875,429827709,1262630228535.296,JAL,9201.T,Stock
2026-08-20,2943.92626953125,429827709,1265381083897.5337,JAL,9201.T,Stock
2026-08-21,2955.7412109375,429827709,1270459473094.1514,JAL,9201.T,Stock
2026-08-24,2952.78759765625,429827709,1269189928264.1997,JAL,9201.T,Stock
2026-08-25,2976.417724609375,429827709,1279346811595.8406,JAL,9201.T,Stock
2026-08-26,2996.109619140625,429827709,1287810933508.0774,JAL,9201.T,Stock
2026-08-27,3002.01708984375,429827709,1290350128106.3862,JAL,9201.T,Stock
2026-08-28,3014.816650390625,429827709,1295851733892.4563,JAL,9201.T,Stock
2026-08-31,2965.587158203125,429827709,1274691534050.2698,JAL,9201.T,Stock
2026-09-01,2978.386962890625,429827709,1280193244774.7454,JAL,9201.T,Stock
2026-09-02,2881.89697265625,429827709,1238719173330.8716,JAL,9201.T,Stock
2026-09-03,2911.434814453125,429827709,1251415356199.2268,JAL,9201.T,Stock
2026-09-04,2956.725830078125,429827709,1270882689683.6038,JAL,9201.T,Stock
2026-09-07,2949.833740234375,429827709,1267920278495.8425,JAL,9201.T,Stock
2026-09-08,2953.772216796875,429827709,1269613144853.652,JAL,9201.T,Stock
2026-09-09,2944.41845703125,429827709,1265592639723.0571,JAL,9201.T,Stock
2026-09-10,2945.8955078125,429827709,1266227517076.4385,JAL,9201.T,Stock
2026-09-11,2918.326904296875,429827709,1254377767386.988,JAL,9201.T,Stock
2026-09-14,2947.864501953125,429827709,1267073845316.9377,JAL,9201.T,Stock
2026-09-15,2964.6025390625,429827709,1274268317460.8174,JAL,9201.T,Stock
2026-09-16,2957.71044921875,429827709,1271305906273.0562,JAL,9201.T,Stock
2026-09-17,3025.647216796875,429827709,1300507011438.027,JAL,9201.T,Stock
2026-09-18,3017.7705078125,429827709,1297121383660.8135,JAL,9201.T,Stock
2026-09-24,3036.477783203125,429827709,1305162288983.598,JAL,9201.T,Stock
2026-09-25,3048.292724609375,429827709,1310240678180.2156,JAL,9201.T,Stock
2026-09-28,3067.0,429827709,1318281583503.0,JAL,9201.T,Stock
2026-09-29,3012.0,429827709,1294641059508.0,JAL,9201.T,Stock
2026-09-30,3069.0,429827709,1319141238921.0,JAL,9201.T,Stock
2021-09-30,2712.905517578125,429391744,1164899231500.0938,ANA,9202.T,Stock
2021-10-01,2674.623046875,429391744,1148461054640.25,ANA,9202.T,Stock
2021-10-04,2739.98291015625,429391744,1176526040322.1875,ANA,9202.T,Stock
2021-10-05,2705.435791015625,429391744,1161691792584.2188,ANA,9202.T,Stock
2021-10-06,2594.32373046875,429391744,1113981191126.5625,ANA,9202.T,Stock
2021-10-07,2543.90283203125,429391744,1092330873612.4375,ANA,9202.T,Stock
2021-10-08,2538.767578125,429391744,1090125837981.75,ANA,9202.T,Stock
2021-10-11,2633.07275390625,429391744,1130619701878.6875,ANA,9202.T,Stock
2021-10-12,2580.78515625,429391744,1108167839131.5,ANA,9202.T,Stock
2021-10-13,2558.3759765625,429391744,1098545522383.875,ANA,9202.T,Stock
2021-10-14,2532.69873046875,429391744,1087519924902.5625,ANA,9202.T,Stock
2021-10-15,2544.3701171875,429391744,1092531522000.625,ANA,9202.T,Stock
2021-10-18,2538.301025390625,429391744,1089925504089.4688,ANA,9202.T,Stock
2021-10-19,2497.684326171875,429391744,1072485028776.4062,ANA,9202.T,Stock
2021-10-20,2570.51416015625,429391744,1103757558206.1875,ANA,9202.T,Stock
2021-10-21,2510.75634765625,429391744,1078098046879.1875,ANA,9202.T,Stock
2021-10-22,2520.093505859375,429391744,1082107345524.0312,ANA,9202.T,Stock
2021-10-25,2500.4853515625,429391744,1073687765953.875,ANA,9202.T,Stock
2021-10-26,2502.35302734375,429391744,1074489730514.8125,ANA,9202.T,Stock
2021-10-27,2472.473876953125,429391744,1061659870019.3438,ANA,9202.T,Stock
2021-10-28,2482.744873046875,429391744,1066070150944.6562,ANA,9202.T,Stock
2021-10-29,2477.142578125,429391744,1063664571757.75,ANA,9202.T,Stock
2021-11-01,2491.1484375,429391744,1069678572141.0,ANA,9202.T,Stock
2021-11-02,2522.427978515625,429391744,1083109748809.2188,ANA,9202.T,Stock
2021-11-04,2577.0498046875,429391744,1106563910009.625,ANA,9202.T,Stock
2021-11-05,2587.78759765625,429391744,1111174629659.1875,ANA,9202.T,Stock
2021-11-08,2699.366455078125,429391744,1159085669841.0938,ANA,9202.T,Stock
2021-11-09,2658.282958984375,429391744,1141444755803.7812,ANA,9202.T,Stock
2021-11-10,2582.65234375,429391744,1108969594028.5,ANA,9202.T,Stock
2021-11-11,2585.920654296875,429391744,1110372979594.1562,ANA,9202.T,Stock
2021-11-12,2617.66650390625,429391744,1124004385322.6875,ANA,9202.T,Stock
2021-11-15,2580.78515625,429391744,1108167839131.5,ANA,9202.T,Stock
2021-11-16,2591.055908203125,429391744,1112578015224.8438,ANA,9202.T,Stock
2021-11-17,2535.966552734375,429391744,1088923100804.2812,ANA,9202.T,Stock
2021-11-18,2548.571533203125,429391744,1094335575350.8438,ANA,9202.T,Stock
2021-11-19,2494.416259765625,429391744,1071081748042.7188,ANA,9202.T,Stock
2021-11-22,2479.01025390625,429391744,1064466536318.6875,ANA,9202.T,Stock
2021-11-24,2446.797119140625,429391744,1050634482201.9688,ANA,9202.T,Stock
2021-11-25,2308.607421875,429391744,991296967090.25,ANA,9202.T,Stock
2021-11-26,2204.498291015625,429391744,946593365824.2188,ANA,9202.T,Stock
2021-11-29,2114.39453125,429391744,907903555277.5,ANA,9202.T,Stock
2021-11-30,2091.0517578125,429391744,897880361081.375,ANA,9202.T,Stock
2021-12-01,2098.054931640625,429391744,900887466104.9688,ANA,9202.T,Stock
2021-12-02,2061.64013671875,429391744,885251253806.0625,ANA,9202.T,Stock
2021-12-03,2167.616455078125,429391744,930756609969.0938,ANA,9202.T,Stock
2021-12-06,2148.942138671875,429391744,922738012679.4062,ANA,9202.T,Stock
2021-12-07,2231.109130859375,429391744,958019840754.0312,ANA,9202.T,Stock
2021-12-08,2231.575927734375,429391744,958220279478.2812,ANA,9202.T,Stock
2021-12-09,2238.57861328125,429391744,961227174837.9375,ANA,9202.T,Stock
2021-12-10,2220.37158203125,429391744,953409225936.4375,ANA,9202.T,Stock
2021-12-13,2207.299560546875,429391744,947796207833.6562,ANA,9202.T,Stock
2021-12-14,2149.408935546875,429391744,922938451403.6562,ANA,9202.T,Stock
2021-12-15,2174.619384765625,429391744,933763610160.7188,ANA,9202.T,Stock
2021-12-16,2204.03125,429391744,946392822268.0,ANA,9202.T,Stock
2021-12-17,2185.35693359375,429391744,938374224978.3125,ANA,9202.T,Stock
2021-12-20,2149.408935546875,429391744,922938451403.6562,ANA,9202.T,Stock
2021-12-21,2159.679931640625,429391744,927348732328.9688,ANA,9202.T,Stock
2021-12-22,2184.89013671875,429391744,938173786254.0625,ANA,9202.T,Stock
2021-12-23,2235.778076171875,429391744,960024647324.4062,ANA,9202.T,Stock
2021-12-24,2225.0400390625,429391744,955413822842.875,ANA,9202.T,Stock
2021-12-27,2218.50390625,429391744,952607261375.5,ANA,9202.T,Stock
2021-12-28,2238.112060546875,429391744,961026840945.6562,ANA,9202.T,Stock
2021-12-29,2276.39453125,429391744,977465017805.5,ANA,9202.T,Stock
2021-12-30,2245.11474609375,429391744,964033736305.3125,ANA,9202.T,Stock
2022-01-04,2280.59619140625,429391744,979269175987.6875,ANA,9202.T,Stock
2022-01-05,2253.05126953125,429391744,967441613945.4375,ANA,9202.T,Stock
2022-01-06,2198.895751953125,429391744,944187681805.3438,ANA,9202.T,Stock
2022-01-07,2214.769287109375,429391744,951003646749.5312,ANA,9202.T,Stock
2022-01-11,2236.71142578125,429391744,960425419940.9375,ANA,9202.T,Stock
2022-01-12,2258.65380859375,429391744,969847297964.3125,ANA,9202.T,Stock
2022-01-13,2228.307861328125,429391744,956816998744.5938,ANA,9202.T,Stock
2022-01-14,2225.973388671875,429391744,955814595459.4062,ANA,9202.T,Stock
2022-01-17,2242.3134765625,429391744,962830894295.875,ANA,9202.T,Stock
2022-01-18,2233.91015625,429391744,959222577931.5,ANA,9202.T,Stock
2022-01-19,2203.564453125,429391744,946192383543.75,ANA,9202.T,Stock
2022-01-20,2203.564453125,429391744,946192383543.75,ANA,9202.T,Stock
2022-01-21,2285.7314453125,429391744,981474211618.375,ANA,9202.T,Stock
2022-01-24,2271.725830078125,429391744,975460316067.0938,ANA,9202.T,Stock
2022-01-25,2227.374267578125,429391744,956416121296.0938,ANA,9202.T,Stock
2022-01-26,2218.50390625,429391744,952607261375.5,ANA,9202.T,Stock
2022-01-27,2175.086181640625,429391744,933964048884.9688,ANA,9202.T,Stock
2022-01-28,2213.36865234375,429391744,950402225744.8125,ANA,9202.T,Stock
2022-01-31,2243.24755859375,429391744,963231981408.3125,ANA,9202.T,Stock
2022-02-01,2246.048583984375,429391744,964434718585.7812,ANA,9202.T,Stock
2022-02-02,2385.638916015625,429391744,1024373654702.2188,ANA,9202.T,Stock
2022-02-03,2364.630126953125,429391744,1015352654127.3438,ANA,9202.T,Stock
2022-02-04,2430.923828125,429391744,1043818622089.75,ANA,9202.T,Stock
2022-02-07,2414.583984375,429391744,1036802428085.25,ANA,9202.T,Stock
2022-02-08,2474.341796875,429391744,1062461939412.25,ANA,9202.T,Stock
2022-02-09,2472.007080078125,429391744,1061459431295.0938,ANA,9202.T,Stock
2022-02-10,2468.2724609375,429391744,1059855816669.125,ANA,9202.T,Stock
2022-02-14,2472.941162109375,429391744,1061860518407.5312,ANA,9202.T,Stock
2022-02-15,2406.180419921875,429391744,1033194006888.9062,ANA,9202.T,Stock
2022-02-16,2491.615234375,429391744,1069879010865.25,ANA,9202.T,Stock
2022-02-17,2487.88037109375,429391744,1068275291407.3125,ANA,9202.T,Stock
2022-02-18,2455.667236328125,429391744,1054443237290.5938,ANA,9202.T,Stock
2022-02-21,2439.3271484375,429391744,1047426938454.125,ANA,9202.T,Stock
2022-02-22,2385.638916015625,429391744,1024373654702.2188,ANA,9202.T,Stock
2022-02-24,2272.659423828125,429391744,975861193515.5938,ANA,9202.T,Stock
2022-02-25,2323.079833984375,429391744,997511301365.7812,ANA,9202.T,Stock
2022-02-28,2359.02783203125,429391744,1012947074940.4375,ANA,9202.T,Stock
2022-03-01,2323.079833984375,429391744,997511301365.7812,ANA,9202.T,Stock
2022-03-02,2240.913330078125,429391744,962229682955.0938,ANA,9202.T,Stock
2022-03-03,2264.72265625,429391744,972453211043.5,ANA,9202.T,Stock
2022-03-04,2221.77197265625,429391744,954010542109.1875,ANA,9202.T,Stock
2022-03-07,2096.654052734375,429391744,900285940268.2812,ANA,9202.T,Stock
2022-03-08,2023.357666015625,429391744,868813076946.2188,ANA,9202.T,Stock
2022-03-09,2052.769775390625,429391744,881442393885.4688,ANA,9202.T,Stock
2022-03-10,2165.282470703125,429391744,929754416347.8438,ANA,9202.T,Stock
2022-03-11,2177.887451171875,429391744,935166890894.4062,ANA,9202.T,Stock
2022-03-14,2241.846923828125,429391744,962630560403.5938,ANA,9202.T,Stock
2022-03-15,2290.866943359375,429391744,983679352081.0312,ANA,9202.T,Stock
2022-03-16,2354.826171875,429391744,1011142916758.25,ANA,9202.T,Stock
2022-03-17,2356.693603515625,429391744,1011944776487.2188,ANA,9202.T,Stock
2022-03-18,2340.820556640625,429391744,1005129021206.9688,ANA,9202.T,Stock
2022-03-22,2329.615966796875,429391744,1000317862833.1562,ANA,9202.T,Stock
2022-03-23,2352.958740234375,429391744,1010341057029.2812,ANA,9202.T,Stock
2022-03-24,2341.287109375,429391744,1005329355099.25,ANA,9202.T,Stock
2022-03-25,2339.420166015625,429391744,1004527705034.2188,ANA,9202.T,Stock
2022-03-28,2387.039306640625,429391744,1024974970874.9688,ANA,9202.T,Stock
2022-03-29,2363.2294921875,429391744,1014751233122.625,ANA,9202.T,Stock
2022-03-30,2417.385009765625,429391744,1038005165262.7188,ANA,9202.T,Stock
2022-03-31,2395.90966796875,429391744,1028783830795.5625,ANA,9202.T,Stock
2022-04-01,2399.64453125,429391744,1030387550253.5,ANA,9202.T,Stock
2022-04-04,2366.03076171875,429391744,1015954075132.0625,ANA,9202.T,Stock
2022-04-05,2356.2265625,429391744,1011744232931.0,ANA,9202.T,Stock
2022-04-06,2349.223876953125,429391744,1008737337571.3438,ANA,9202.T,Stock
2022-04-07,2302.5380859375,429391744,988690844347.125,ANA,9202.T,Stock
2022-04-08,2278.261474609375,429391744,978266667870.5312,ANA,9202.T,Stock
2022-04-11,2249.783447265625,429391744,966038438043.7188,ANA,9202.T,Stock
2022-04-12,2253.05126953125,429391744,967441613945.4375,ANA,9202.T,Stock
2022-04-13,2259.58740234375,429391744,970248175412.8125,ANA,9202.T,Stock
2022-04-14,2340.820556640625,429391744,1005129021206.9688,ANA,9202.T,Stock
2022-04-15,2317.944580078125,429391744,995306265735.0938,ANA,9202.T,Stock
2022-04-18,2296.468994140625,429391744,986084826435.9688,ANA,9202.T,Stock
2022-04-19,2300.670654296875,429391744,987888984618.1562,ANA,9202.T,Stock
2022-04-20,2320.278564453125,429391744,996308459356.3438,ANA,9202.T,Stock
2022-04-21,2317.010986328125,429391744,994905388286.5938,ANA,9202.T,Stock
2022-04-22,2329.615966796875,429391744,1000317862833.1562,ANA,9202.T,Stock
2022-04-25,2249.783447265625,429391744,966038438043.7188,ANA,9202.T,Stock
2022-04-26,2271.725830078125,429391744,975460316067.0938,ANA,9202.T,Stock
2022-04-27,2247.448974609375,429391744,965036034758.5312,ANA,9202.T,Stock
2022-04-28,2290.866943359375,429391744,983679352081.0312,ANA,9202.T,Stock
2022-05-02,2352.025146484375,429391744,1009940179580.7812,ANA,9202.T,Stock
2022-05-06,2414.116943359375,429391744,1036601884529.0312,ANA,9202.T,Stock
2022-05-09,2292.267333984375,429391744,984280668253.7812,ANA,9202.T,Stock
2022-05-10,2243.24755859375,429391744,963231981408.3125,ANA,9202.T,Stock
2022-05-11,2262.388671875,429391744,971451017422.25,ANA,9202.T,Stock
2022-05-12,2234.377197265625,429391744,959423121487.7188,ANA,9202.T,Stock
2022-05-13,2298.803466796875,429391744,987087229721.1562,ANA,9202.T,Stock
2022-05-16,2309.541015625,429391744,991697844538.75,ANA,9202.T,Stock
2022-05-17,2327.748291015625,429391744,999515898272.2188,ANA,9202.T,Stock
2022-05-18,2335.218017578125,429391744,1002723337188.0938,ANA,9202.T,Stock
2022-05-19,2319.811767578125,429391744,996108020632.0938,ANA,9202.T,Stock
2022-05-20,2340.353515625,429391744,1004928477650.75,ANA,9202.T,Stock
2022-05-23,2344.555419921875,429391744,1006732740664.9062,ANA,9202.T,Stock
2022-05-24,2349.223876953125,429391744,1008737337571.3438,ANA,9202.T,Stock
2022-05-25,2336.15185546875,429391744,1003124319468.5625,ANA,9202.T,Stock
2022-05-26,2380.50341796875,429391744,1022168514239.5625,ANA,9202.T,Stock
2022-05-27,2433.25830078125,429391744,1044821025374.9375,ANA,9202.T,Stock
2022-05-30,2429.056396484375,429391744,1043016762360.7812,ANA,9202.T,Stock
2022-05-31,2373.500244140625,429391744,1019161409215.9688,ANA,9202.T,Stock
2022-06-01,2394.975830078125,429391744,1028382848515.0938,ANA,9202.T,Stock
2022-06-02,2384.23828125,429391744,1023772233697.5,ANA,9202.T,Stock
2022-06-03,2352.4921875,429391744,1010140723137.0,ANA,9202.T,Stock
2022-06-06,2421.119873046875,429391744,1039608884720.6562,ANA,9202.T,Stock
2022-06-07,2393.108642578125,429391744,1027581093618.0938,ANA,9202.T,Stock
2022-06-08,2399.64453125,429391744,1030387550253.5,ANA,9202.T,Stock
2022-06-09,2387.039306640625,429391744,1024974970874.9688,ANA,9202.T,Stock
2022-06-10,2370.232666015625,429391744,1017758338146.2188,ANA,9202.T,Stock
2022-06-13,2380.03662109375,429391744,1021968075515.3125,ANA,9202.T,Stock
2022-06-14,2294.135009765625,429391744,985082632814.7188,ANA,9202.T,Stock
2022-06-15,2271.2587890625,429391744,975259772510.875,ANA,9202.T,Stock
2022-06-16,2273.593017578125,429391744,976262070964.0938,ANA,9202.T,Stock
2022-06-17,2250.250244140625,429391744,966238876767.9688,ANA,9202.T,Stock
2022-06-20,2305.80615234375,429391744,990094125080.8125,ANA,9202.T,Stock
2022-06-21,2372.099853515625,429391744,1018560093043.2188,ANA,9202.T,Stock
2022-06-22,2329.14892578125,429391744,1000117319276.9375,ANA,9202.T,Stock
2022-06-23,2374.901123046875,429391744,1019762935052.6562,ANA,9202.T,Stock
2022-06-24,2343.62158203125,429391744,1006331758384.4375,ANA,9202.T,Stock
2022-06-27,2334.28466796875,429391744,1002322564571.5625,ANA,9202.T,Stock
2022-06-28,2334.75146484375,429391744,1002523003295.8125,ANA,9202.T,Stock
2022-06-29,2347.356689453125,429391744,1007935582674.3438,ANA,9202.T,Stock
2022-06-30,2333.8173828125,429391744,1002121916183.375,ANA,9202.T,Stock
2022-07-01,2275.927490234375,429391744,977264474249.2812,ANA,9202.T,Stock
2022-07-04,2308.607421875,429391744,991296967090.25,ANA,9202.T,Stock
2022-07-05,2310.474609375,429391744,992098721987.25,ANA,9202.T,Stock
2022-07-06,2234.377197265625,429391744,959423121487.7188,ANA,9202.T,Stock
2022-07-07,2235.778076171875,429391744,960024647324.4062,ANA,9202.T,Stock
2022-07-08,2261.92138671875,429391744,971250369034.0625,ANA,9202.T,Stock
2022-07-11,2298.336669921875,429391744,986886790996.9062,ANA,9202.T,Stock
2022-07-12,2255.3857421875,429391744,968444017230.625,ANA,9202.T,Stock
2022-07-13,2279.661865234375,429391744,978867984043.2812,ANA,9202.T,Stock
2022-07-14,2254.9189453125,429391744,968243578506.375,ANA,9202.T,Stock
2022-07-15,2248.849365234375,429391744,965637350931.2812,ANA,9202.T,Stock
2022-07-19,2266.590087890625,429391744,973255070772.4688,ANA,9202.T,Stock
2022-07-20,2300.670654296875,429391744,987888984618.1562,ANA,9202.T,Stock
2022-07-21,2275.46044921875,429391744,977063930693.0625,ANA,9202.T,Stock
2022-07-22,2253.985107421875,429391744,967842596225.9062,ANA,9202.T,Stock
2022-07-25,2293.66796875,429391744,984882089258.5,ANA,9202.T,Stock
2022-07-26,2284.33056640625,429391744,980872685781.6875,ANA,9202.T,Stock
2022-07-27,2299.270263671875,429391744,987287668445.4062,ANA,9202.T,Stock
2022-07-28,2289.93310546875,429391744,983278369800.5625,ANA,9202.T,Stock
2022-07-29,2309.07421875,429391744,991497405814.5,ANA,9202.T,Stock
2022-08-01,2364.1630859375,429391744,1015152110571.125,ANA,9202.T,Stock
2022-08-02,2372.099853515625,429391744,1018560093043.2188,ANA,9202.T,Stock
2022-08-03,2387.039306640625,429391744,1024974970874.9688,ANA,9202.T,Stock
2022-08-04,2377.235107421875,429391744,1020765128673.9062,ANA,9202.T,Stock
2022-08-05,2411.31591796875,429391744,1035399147351.5625,ANA,9202.T,Stock
2022-08-08,2405.24658203125,429391744,1032793024608.4375,ANA,9202.T,Stock
2022-08-09,2413.650146484375,429391744,1036401445804.7812,ANA,9202.T,Stock
2022-08-10,2373.500244140625,429391744,1019161409215.9688,ANA,9202.T,Stock
2022-08-12,2386.10546875,429391744,1024573988594.5,ANA,9202.T,Stock
2022-08-15,2401.978759765625,429391744,1031389848706.7188,ANA,9202.T,Stock
2022-08-16,2432.32421875,429391744,1044419938262.5,ANA,9202.T,Stock
2022-08-17,2425.788330078125,429391744,1041613481627.0938,ANA,9202.T,Stock
2022-08-18,2401.978759765625,429391744,1031389848706.7188,ANA,9202.T,Stock
2022-08-19,2399.177490234375,429391744,1030187006697.2812,ANA,9202.T,Stock
2022-08-22,2391.707763671875,429391744,1026979567781.4062,ANA,9202.T,Stock
2022-08-23,2469.673095703125,429391744,1060457237673.8438,ANA,9202.T,Stock
2022-08-24,2431.857421875,429391744,1044219499538.25,ANA,9202.T,Stock
2022-08-25,2446.330078125,429391744,1050433938645.75,ANA,9202.T,Stock
2022-08-26,2466.405029296875,429391744,1059053956940.1562,ANA,9202.T,Stock
2022-08-29,2451.465576171875,429391744,1052639079108.4062,ANA,9202.T,Stock
2022-08-30,2480.41064453125,429391744,1065067852491.4375,ANA,9202.T,Stock
2022-08-31,2509.355712890625,429391744,1077496625874.4688,ANA,9202.T,Stock
2022-09-01,2495.35009765625,429391744,1071482730323.1875,ANA,9202.T,Stock
2022-09-02,2463.603759765625,429391744,1057851114930.7188,ANA,9202.T,Stock
2022-09-05,2439.3271484375,429391744,1047426938454.125,ANA,9202.T,Stock
2022-09-06,2428.123046875,429391744,1042615989744.25,ANA,9202.T,Stock
2022-09-07,2423.921142578125,429391744,1040811726730.0938,ANA,9202.T,Stock
2022-09-08,2484.612548828125,429391744,1066872115505.5938,ANA,9202.T,Stock
2022-09-09,2460.335693359375,429391744,1056447834197.0312,ANA,9202.T,Stock
2022-09-12,2522.894775390625,429391744,1083310187533.4688,ANA,9202.T,Stock
2022-09-13,2575.1826171875,429391744,1105762155112.625,ANA,9202.T,Stock
2022-09-14,2577.0498046875,429391744,1106563910009.625,ANA,9202.T,Stock
2022-09-15,2620.468017578125,429391744,1125207332164.0938,ANA,9202.T,Stock
2022-09-16,2597.591552734375,429391744,1115384367028.2812,ANA,9202.T,Stock
2022-09-20,2603.6611328125,429391744,1117990594603.375,ANA,9202.T,Stock
2022-09-21,2552.306640625,429391744,1095939399640.75,ANA,9202.T,Stock
2022-09-22,2569.113525390625,429391744,1103156137201.4688,ANA,9202.T,Stock
2022-09-26,2538.767578125,429391744,1090125837981.75,ANA,9202.T,Stock
2022-09-27,2569.580078125,429391744,1103356471093.75,ANA,9202.T,Stock
2022-09-28,2564.911865234375,429391744,1101351979019.2812,ANA,9202.T,Stock
2022-09-29,2563.51123046875,429391744,1100750558014.5625,ANA,9202.T,Stock
2022-09-30,2537.834228515625,429391744,1089725065365.2188,ANA,9202.T,Stock
2022-10-03,2536.900390625,429391744,1089324083084.75,ANA,9202.T,Stock
2022-10-04,2585.45361328125,429391744,1110172436037.9375,ANA,9202.T,Stock
2022-10-05,2579.38427734375,429391744,1107566313294.8125,ANA,9202.T,Stock
2022-10-06,2587.32080078125,429391744,1110974190934.9375,ANA,9202.T,Stock
2022-10-07,2598.05859375,429391744,1115584910584.5,ANA,9202.T,Stock
2022-10-11,2647.07861328125,429391744,1136633702261.9375,ANA,9202.T,Stock
2022-10-12,2714.305908203125,429391744,1165500547672.8438,ANA,9202.T,Stock
2022-10-13,2635.8740234375,429391744,1131822543888.125,ANA,9202.T,Stock
2022-10-14,2648.479248046875,429391744,1137235123266.6562,ANA,9202.T,Stock
2022-10-17,2680.6923828125,429391744,1151067177383.375,ANA,9202.T,Stock
2022-10-18,2712.4384765625,429391744,1164698687943.875,ANA,9202.T,Stock
2022-10-19,2725.5107421875,429391744,1170311810878.625,ANA,9202.T,Stock
2022-10-20,2769.86181640625,429391744,1189355795985.6875,ANA,9202.T,Stock
2022-10-21,2712.4384765625,429391744,1164698687943.875,ANA,9202.T,Stock
2022-10-24,2685.82763671875,429391744,1153272213014.0625,ANA,9202.T,Stock
2022-10-25,2694.697998046875,429391744,1157081072934.6562,ANA,9202.T,Stock
2022-10-26,2699.83349609375,429391744,1159286213397.3125,ANA,9202.T,Stock
2022-10-27,2675.090087890625,429391744,1148661598196.4688,ANA,9202.T,Stock
2022-10-28,2671.822021484375,429391744,1147258317462.7812,ANA,9202.T,Stock
2022-10-31,2699.366455078125,429391744,1159085669841.0938,ANA,9202.T,Stock
2022-11-01,2767.060791015625,429391744,1188153058808.2188,ANA,9202.T,Stock
2022-11-02,2791.80419921875,429391744,1198777674009.0625,ANA,9202.T,Stock
2022-11-04,2813.279541015625,429391744,1207999008476.2188,ANA,9202.T,Stock
2022-11-07,2780.599609375,429391744,1193966515635.25,ANA,9202.T,Stock
2022-11-08,2747.919677734375,429391744,1179934022794.2812,ANA,9202.T,Stock
2022-11-09,2695.631591796875,429391744,1157481950383.1562,ANA,9202.T,Stock
2022-11-10,2695.164794921875,429391744,1157281511658.9062,ANA,9202.T,Stock
2022-11-11,2652.680908203125,429391744,1139039281448.8438,ANA,9202.T,Stock
2022-11-14,2600.392822265625,429391744,1116587209037.7188,ANA,9202.T,Stock
2022-11-15,2611.130615234375,429391744,1121197928687.2812,ANA,9202.T,Stock
2022-11-16,2586.85400390625,429391744,1110773752210.6875,ANA,9202.T,Stock
2022-11-17,2663.41845703125,429391744,1143649896266.4375,ANA,9202.T,Stock
2022-11-18,2646.611572265625,429391744,1136433158705.7188,ANA,9202.T,Stock
2022-11-21,2673.22216796875,429391744,1147859528803.5625,ANA,9202.T,Stock
2022-11-22,2700.300048828125,429391744,1159486547289.5938,ANA,9202.T,Stock
2022-11-24,2705.90283203125,429391744,1161892336140.4375,ANA,9202.T,Stock
2022-11-25,2732.513427734375,429391744,1173318706238.2812,ANA,9202.T,Stock
2022-11-28,2733.9140625,429391744,1173920127243.0,ANA,9202.T,Stock
2022-11-29,2754.455322265625,429391744,1182740374597.7188,ANA,9202.T,Stock
2022-11-30,2749.3203125,429391744,1180535443799.0,ANA,9202.T,Stock
2022-12-01,2721.775634765625,429391744,1168707986588.7188,ANA,9202.T,Stock
2022-12-02,2679.758544921875,429391744,1150666195102.9062,ANA,9202.T,Stock
2022-12-05,2696.5654296875,429391744,1157882932663.625,ANA,9202.T,Stock
2022-12-06,2692.83056640625,429391744,1156279213205.6875,ANA,9202.T,Stock
2022-12-07,2726.9111328125,429391744,1170913127051.375,ANA,9202.T,Stock
2022-12-08,2724.57666015625,429391744,1169910723766.1875,ANA,9202.T,Stock
2022-12-09,2711.0380859375,429391744,1164097371771.125,ANA,9202.T,Stock
2022-12-12,2711.0380859375,429391744,1164097371771.125,ANA,9202.T,Stock
2022-12-13,2728.311767578125,429391744,1171514548056.0938,ANA,9202.T,Stock
2022-12-14,2707.77001953125,429391744,1162694091037.4375,ANA,9202.T,Stock
2022-12-15,2699.366455078125,429391744,1159085669841.0938,ANA,9202.T,Stock
2022-12-16,2694.697998046875,429391744,1157081072934.6562,ANA,9202.T,Stock
2022-12-19,2691.896728515625,429391744,1155878230925.2188,ANA,9202.T,Stock
2022-12-20,2632.605712890625,429391744,1130419158322.4688,ANA,9202.T,Stock
2022-12-21,2636.3408203125,429391744,1132022982612.375,ANA,9202.T,Stock
2022-12-22,2632.13916015625,429391744,1130218824430.1875,ANA,9202.T,Stock
2022-12-23,2623.735595703125,429391744,1126610403233.8438,ANA,9202.T,Stock
2022-12-26,2634.4736328125,429391744,1131221227715.375,ANA,9202.T,Stock
2022-12-27,2672.755859375,429391744,1147659299743.25,ANA,9202.T,Stock
2022-12-28,2638.675048828125,429391744,1133025281065.5938,ANA,9202.T,Stock
2022-12-29,2612.998046875,429391744,1121999788416.25,ANA,9202.T,Stock
2022-12-30,2614.398681640625,429391744,1122601209420.9688,ANA,9202.T,Stock
2023-01-04,2592.4560546875,429391744,1113179226565.625,ANA,9202.T,Stock
2023-01-05,2560.7099609375,429391744,1099547716005.125,ANA,9202.T,Stock
2023-01-06,2576.583251953125,429391744,1106363576117.3438,ANA,9202.T,Stock
2023-01-10,2578.45068359375,429391744,1107165435846.3125,ANA,9202.T,Stock
2023-01-11,2549.505615234375,429391744,1094736662463.2812,ANA,9202.T,Stock
2023-01-12,2549.972412109375,429391744,1094937101187.5312,ANA,9202.T,Stock
2023-01-13,2586.38720703125,429391744,1110573313486.4375,ANA,9202.T,Stock
2023-01-16,2580.78515625,429391744,1108167839131.5,ANA,9202.T,Stock
2023-01-17,2565.845458984375,429391744,1101752856467.7812,ANA,9202.T,Stock
2023-01-18,2601.79345703125,429391744,1117188630042.4375,ANA,9202.T,Stock
2023-01-19,2615.799072265625,429391744,1123202525593.7188,ANA,9202.T,Stock
2023-01-20,2675.55712890625,429391744,1148862141752.6875,ANA,9202.T,Stock
2023-01-23,2681.6259765625,429391744,1151468054831.875,ANA,9202.T,Stock
2023-01-24,2687.6953125,429391744,1154074177575.0,ANA,9202.T,Stock
2023-01-25,2693.76416015625,429391744,1156680090654.1875,ANA,9202.T,Stock
2023-01-26,2701.234130859375,429391744,1159887634402.0312,ANA,9202.T,Stock
2023-01-27,2689.095703125,429391744,1154675493747.75,ANA,9202.T,Stock
2023-01-30,2711.5048828125,429391744,1164297810495.375,ANA,9202.T,Stock
2023-01-31,2679.291748046875,429391744,1150465756378.6562,ANA,9202.T,Stock
2023-02-01,2683.026611328125,429391744,1152069475836.5938,ANA,9202.T,Stock
2023-02-02,2644.277587890625,429391744,1135430965084.4688,ANA,9202.T,Stock
2023-02-03,2688.628662109375,429391744,1154474950191.5312,ANA,9202.T,Stock
2023-02-06,2660.617431640625,429391744,1142447159088.9688,ANA,9202.T,Stock
2023-02-07,2647.07861328125,429391744,1136633702261.9375,ANA,9202.T,Stock
2023-02-08,2668.0869140625,429391744,1145654493172.875,ANA,9202.T,Stock
2023-02-09,2677.42431640625,429391744,1149663896649.6875,ANA,9202.T,Stock
2023-02-10,2637.7412109375,429391744,1132624298785.125,ANA,9202.T,Stock
2023-02-13,2620.468017578125,429391744,1125207332164.0938,ANA,9202.T,Stock
2023-02-14,2637.2744140625,429391744,1132423860060.875,ANA,9202.T,Stock
2023-02-15,2630.73876953125,429391744,1129617508257.4375,ANA,9202.T,Stock
2023-02-16,2606.462158203125,429391744,1119193331780.8438,ANA,9202.T,Stock
2023-02-17,2606.928955078125,429391744,1119393770505.0938,ANA,9202.T,Stock
2023-02-20,2626.536865234375,429391744,1127813245243.2812,ANA,9202.T,Stock
2023-02-21,2597.124755859375,429391744,1115183928304.0312,ANA,9202.T,Stock
2023-02-22,2573.315185546875,429391744,1104960295383.6562,ANA,9202.T,Stock
2023-02-24,2594.32373046875,429391744,1113981191126.5625,ANA,9202.T,Stock
2023-02-27,2596.657958984375,429391744,1114983489579.7812,ANA,9202.T,Stock
2023-02-28,2580.318115234375,429391744,1107967295575.2812,ANA,9202.T,Stock
2023-03-01,2585.45361328125,429391744,1110172436037.9375,ANA,9202.T,Stock
2023-03-02,2596.19140625,429391744,1114783155687.5,ANA,9202.T,Stock
2023-03-03,2594.790771484375,429391744,1114181734682.7812,ANA,9202.T,Stock
2023-03-06,2625.603271484375,429391744,1127412367794.7812,ANA,9202.T,Stock
2023-03-07,2636.807861328125,429391744,1132223526168.5938,ANA,9202.T,Stock
2023-03-08,2648.01220703125,429391744,1137034579710.4375,ANA,9202.T,Stock
2023-03-09,2670.88818359375,429391744,1146857335182.3125,ANA,9202.T,Stock
2023-03-10,2607.862548828125,429391744,1119794647953.5938,ANA,9202.T,Stock
2023-03-13,2593.85693359375,429391744,1113780752402.3125,ANA,9202.T,Stock
2023-03-14,2555.57470703125,429391744,1097342680374.4375,ANA,9202.T,Stock
2023-03-15,2577.0498046875,429391744,1106563910009.625,ANA,9202.T,Stock
2023-03-16,2537.834228515625,429391744,1089725065365.2188,ANA,9202.T,Stock
2023-03-17,2609.72998046875,429391744,1120596507682.5625,ANA,9202.T,Stock
2023-03-20,2568.646728515625,429391744,1102955698477.2188,ANA,9202.T,Stock
2023-03-22,2569.113525390625,429391744,1103156137201.4688,ANA,9202.T,Stock
2023-03-23,2588.721435546875,429391744,1111575611939.6562,ANA,9202.T,Stock
2023-03-24,2598.525634765625,429391744,1115785454140.7188,ANA,9202.T,Stock
2023-03-27,2626.070068359375,429391744,1127612806519.0312,ANA,9202.T,Stock
2023-03-28,2627.003662109375,429391744,1128013683967.5312,ANA,9202.T,Stock
2023-03-29,2651.747314453125,429391744,1138638404000.3438,ANA,9202.T,Stock
2023-03-30,2668.0869140625,429391744,1145654493172.875,ANA,9202.T,Stock
2023-03-31,2685.36083984375,429391744,1153071774289.8125,ANA,9202.T,Stock
2023-04-03,2687.6953125,429391744,1154074177575.0,ANA,9202.T,Stock
2023-04-04,2656.882568359375,429391744,1140843439631.0312,ANA,9202.T,Stock
2023-04-05,2601.32666015625,429391744,1116988191318.1875,ANA,9202.T,Stock
2023-04-06,2583.5859375,429391744,1109370471477.0,ANA,9202.T,Stock
2023-04-07,2605.9951171875,429391744,1118992788224.625,ANA,9202.T,Stock
2023-04-10,2622.802001953125,429391744,1126209525785.3438,ANA,9202.T,Stock
2023-04-11,2616.26611328125,429391744,1123403069149.9375,ANA,9202.T,Stock
2023-04-12,2615.799072265625,429391744,1123202525593.7188,ANA,9202.T,Stock
2023-04-13,2597.124755859375,429391744,1115183928304.0312,ANA,9202.T,Stock
2023-04-14,2598.525634765625,429391744,1115785454140.7188,ANA,9202.T,Stock
2023-04-17,2631.67236328125,429391744,1130018385705.9375,ANA,9202.T,Stock
2023-04-18,2640.54248046875,429391744,1133827140794.5625,ANA,9202.T,Stock
2023-04-19,2658.282958984375,429391744,1141444755803.7812,ANA,9202.T,Stock
2023-04-20,2669.487548828125,429391744,1146255914177.5938,ANA,9202.T,Stock
2023-04-21,2662.01806640625,429391744,1143048580093.6875,ANA,9202.T,Stock
2023-04-24,2761.458740234375,429391744,1185747584453.2812,ANA,9202.T,Stock
2023-04-25,2749.786865234375,429391744,1180735777691.2812,ANA,9202.T,Stock
2023-04-26,2735.781494140625,429391744,1174721986971.9688,ANA,9202.T,Stock
2023-04-27,2693.76416015625,429391744,1156680090654.1875,ANA,9202.T,Stock
2023-04-28,2761.458740234375,429391744,1185747584453.2812,ANA,9202.T,Stock
2023-05-01,2801.141357421875,429391744,1202786972653.9062,ANA,9202.T,Stock
2023-05-02,2775.464111328125,429391744,1191761375172.5938,ANA,9202.T,Stock
2023-05-08,2820.7490234375,429391744,1211206342560.125,ANA,9202.T,Stock
2023-05-09,2815.147216796875,429391744,1208800973037.1562,ANA,9202.T,Stock
2023-05-10,2814.213623046875,429391744,1208400095588.6562,ANA,9202.T,Stock
2023-05-11,2802.0751953125,429391744,1203187954934.375,ANA,9202.T,Stock
2023-05-12,2841.291015625,429391744,1220026904410.75,ANA,9202.T,Stock
2023-05-15,2847.826904296875,429391744,1222833361046.1562,ANA,9202.T,Stock
2023-05-16,2889.84423828125,429391744,1240875257363.9375,ANA,9202.T,Stock
2023-05-17,2945.866943359375,429391744,1264930944401.0312,ANA,9202.T,Stock
2023-05-18,2923.457763671875,429391744,1255308627653.4062,ANA,9202.T,Stock
2023-05-19,2892.64501953125,429391744,1242077889709.4375,ANA,9202.T,Stock
2023-05-22,2950.535400390625,429391744,1266935541307.4688,ANA,9202.T,Stock
2023-05-23,2902.916259765625,429391744,1246488275466.7188,ANA,9202.T,Stock
2023-05-24,2829.15283203125,429391744,1214814868588.4375,ANA,9202.T,Stock
2023-05-25,2811.412109375,429391744,1207197148747.25,ANA,9202.T,Stock
2023-05-26,2860.89892578125,429391744,1228446379148.9375,ANA,9202.T,Stock
2023-05-29,2881.44091796875,429391744,1237266940999.5625,ANA,9202.T,Stock
2023-05-30,2867.43505859375,429391744,1231252940616.3125,ANA,9202.T,Stock
2023-05-31,2889.84423828125,429391744,1240875257363.9375,ANA,9202.T,Stock
2023-06-01,2898.247802734375,429391744,1244483678560.2812,ANA,9202.T,Stock
2023-06-02,2902.916259765625,429391744,1246488275466.7188,ANA,9202.T,Stock
2023-06-05,2922.52392578125,429391744,1254907645372.9375,ANA,9202.T,Stock
2023-06-06,2932.794921875,429391744,1259317926298.25,ANA,9202.T,Stock
2023-06-07,2907.584716796875,429391744,1248492872373.1562,ANA,9202.T,Stock
2023-06-08,2914.120849609375,429391744,1251299433840.5312,ANA,9202.T,Stock
2023-06-09,2913.18701171875,429391744,1250898451560.0625,ANA,9202.T,Stock
2023-06-12,2934.66259765625,429391744,1260119890859.1875,ANA,9202.T,Stock
2023-06-13,2941.198486328125,429391744,1262926347494.5938,ANA,9202.T,Stock
2023-06-14,2997.221435546875,429391744,1286982139363.6562,ANA,9202.T,Stock
2023-06-15,2982.28173828125,429391744,1280567156699.9375,ANA,9202.T,Stock
2023-06-16,3029.901123046875,429391744,1301014527372.6562,ANA,9202.T,Stock
2023-06-19,3019.63037109375,429391744,1296604351279.3125,ANA,9202.T,Stock
2023-06-20,3019.63037109375,429391744,1296604351279.3125,ANA,9202.T,Stock
2023-06-21,3099.929931640625,429391744,1331084319624.9688,ANA,9202.T,Stock
2023-06-22,3121.405029296875,429391744,1340305549260.1562,ANA,9202.T,Stock
2023-06-23,3110.200927734375,429391744,1335494600550.2812,ANA,9202.T,Stock
2023-06-26,3116.736572265625,429391744,1338300952353.7188,ANA,9202.T,Stock
2023-06-27,3160.62109375,429391744,1357144603568.5,ANA,9202.T,Stock
2023-06-28,3254.92626953125,429391744,1397638467465.4375,ANA,9202.T,Stock
2023-06-29,3214.7763671875,429391744,1380398430876.625,ANA,9202.T,Stock
2023-06-30,3198.903564453125,429391744,1373582780428.3438,ANA,9202.T,Stock
2023-07-03,3199.837158203125,429391744,1373983657876.8438,ANA,9202.T,Stock
2023-07-04,3190.5,429391744,1369974359232.0,ANA,9202.T,Stock
2023-07-05,3196.102294921875,429391744,1372379938418.9062,ANA,9202.T,Stock
2023-07-06,3203.572021484375,429391744,1375587377334.7812,ANA,9202.T,Stock
2023-07-07,3199.837158203125,429391744,1373983657876.8438,ANA,9202.T,Stock
2023-07-10,3170.89208984375,429391744,1361554884493.8125,ANA,9202.T,Stock
2023-07-11,3133.54345703125,429391744,1345517689914.4375,ANA,9202.T,Stock
2023-07-12,3102.73095703125,429391744,1332287056802.4375,ANA,9202.T,Stock
2023-07-13,3077.5205078125,429391744,1321461898045.375,ANA,9202.T,Stock
2023-07-14,3055.111572265625,429391744,1311839686129.7188,ANA,9202.T,Stock
2023-07-18,3065.38232421875,429391744,1316249862223.0625,ANA,9202.T,Stock
2023-07-19,3105.531982421875,429391744,1333489793979.9062,ANA,9202.T,Stock
2023-07-20,3118.60400390625,429391744,1339102812082.6875,ANA,9202.T,Stock
2023-07-21,3152.2177734375,429391744,1353536287204.125,ANA,9202.T,Stock
2023-07-24,3169.958251953125,429391744,1361153902213.3438,ANA,9202.T,Stock
2023-07-25,3174.626708984375,429391744,1363158499119.7812,ANA,9202.T,Stock
2023-07-26,3155.95263671875,429391744,1355140006662.0625,ANA,9202.T,Stock
2023-07-27,3171.82568359375,429391744,1361955761942.3125,ANA,9202.T,Stock
2023-07-28,3196.102294921875,429391744,1372379938418.9062,ANA,9202.T,Stock
2023-07-31,3180.229248046875,429391744,1365564183138.6562,ANA,9202.T,Stock
2023-08-01,3197.9697265625,429391744,1373181798147.875,ANA,9202.T,Stock
2023-08-02,3126.07373046875,429391744,1342310250998.5625,ANA,9202.T,Stock
2023-08-03,3052.310302734375,429391744,1310636844120.2812,ANA,9202.T,Stock
2023-08-04,3064.44873046875,429391744,1315848984774.5625,ANA,9202.T,Stock
2023-08-07,3070.05078125,429391744,1318254459129.5,ANA,9202.T,Stock
2023-08-08,3093.393798828125,429391744,1328277758157.5938,ANA,9202.T,Stock
2023-08-09,3145.681884765625,429391744,1350729830568.7188,ANA,9202.T,Stock
2023-08-10,3185.83154296875,429391744,1367969762325.5625,ANA,9202.T,Stock
2023-08-14,3155.01904296875,429391744,1354739129213.5625,ANA,9202.T,Stock
2023-08-15,3158.753662109375,429391744,1356342743839.5312,ANA,9202.T,Stock
2023-08-16,3103.66455078125,429391744,1332687934250.9375,ANA,9202.T,Stock
2023-08-17,3100.863525390625,429391744,1331485197073.4688,ANA,9202.T,Stock
2023-08-18,3058.846435546875,429391744,1313443405587.6562,ANA,9202.T,Stock
2023-08-21,3056.978759765625,429391744,1312641441026.7188,ANA,9202.T,Stock
2023-08-22,3067.24951171875,429391744,1317051617120.0625,ANA,9202.T,Stock
2023-08-23,3091.5263671875,429391744,1327475898428.625,ANA,9202.T,Stock
2023-08-24,3090.5927734375,429391744,1327075020980.125,ANA,9202.T,Stock
2023-08-25,3070.05078125,429391744,1318254459129.5,ANA,9202.T,Stock
2023-08-28,3034.56982421875,429391744,1303019229111.0625,ANA,9202.T,Stock
2023-08-29,3053.243896484375,429391744,1311037721568.7812,ANA,9202.T,Stock
2023-08-30,3026.166259765625,429391744,1299410807914.7188,ANA,9202.T,Stock
2023-08-31,3071.91845703125,429391744,1319056423690.4375,ANA,9202.T,Stock
2023-09-01,3078.454345703125,429391744,1321862880325.8438,ANA,9202.T,Stock
2023-09-04,3078.454345703125,429391744,1321862880325.8438,ANA,9202.T,Stock
2023-09-05,3089.658935546875,429391744,1326674038699.6562,ANA,9202.T,Stock
2023-09-06,3101.797119140625,429391744,1331886074521.9688,ANA,9202.T,Stock
2023-09-07,3067.24951171875,429391744,1317051617120.0625,ANA,9202.T,Stock
2023-09-08,3050.44287109375,429391744,1309834984391.3125,ANA,9202.T,Stock
2023-09-11,3071.91845703125,429391744,1319056423690.4375,ANA,9202.T,Stock
2023-09-12,3086.85791015625,429391744,1325471301522.1875,ANA,9202.T,Stock
2023-09-13,3071.91845703125,429391744,1319056423690.4375,ANA,9202.T,Stock
2023-09-14,3074.719482421875,429391744,1320259160867.9062,ANA,9202.T,Stock
2023-09-15,3056.04541015625,429391744,1312240668410.1875,ANA,9202.T,Stock
2023-09-19,3049.509033203125,429391744,1309434002110.8438,ANA,9202.T,Stock
2023-09-20,3022.431396484375,429391744,1297807088456.7812,ANA,9202.T,Stock
2023-09-21,3012.16064453125,429391744,1293396912363.4375,ANA,9202.T,Stock
2023-09-22,3052.310302734375,429391744,1310636844120.2812,ANA,9202.T,Stock
2023-09-25,3081.25537109375,429391744,1323065617503.3125,ANA,9202.T,Stock
2023-09-26,3055.111572265625,429391744,1311839686129.7188,ANA,9202.T,Stock
2023-09-27,3056.978759765625,429391744,1312641441026.7188,ANA,9202.T,Stock
2023-09-28,2955.204345703125,429391744,1268940347877.8438,ANA,9202.T,Stock
2023-09-29,2925.325439453125,429391744,1256110592214.3438,ANA,9202.T,Stock
2023-10-02,2848.760986328125,429391744,1223234448158.5938,ANA,9202.T,Stock
2023-10-03,2820.7490234375,429391744,1211206342560.125,ANA,9202.T,Stock
2023-10-04,2769.86181640625,429391744,1189355795985.6875,ANA,9202.T,Stock
2023-10-05,2869.302490234375,429391744,1232054800345.2812,ANA,9202.T,Stock
2023-10-06,2868.36865234375,429391744,1231653818064.8125,ANA,9202.T,Stock
2023-10-10,2844.092041015625,429391744,1221229641588.2188,ANA,9202.T,Stock
2023-10-11,2845.959716796875,429391744,1222031606149.1562,ANA,9202.T,Stock
2023-10-12,2845.02587890625,429391744,1221630623868.6875,ANA,9202.T,Stock
2023-10-13,2811.412109375,429391744,1207197148747.25,ANA,9202.T,Stock
2023-10-16,2746.519287109375,429391744,1179332706621.5312,ANA,9202.T,Stock
2023-10-17,2737.18212890625,429391744,1175323407976.6875,ANA,9202.T,Stock
2023-10-18,2753.054931640625,429391744,1182139058424.9688,ANA,9202.T,Stock
2023-10-19,2702.634765625,429391744,1160489055406.75,ANA,9202.T,Stock
2023-10-20,2681.158935546875,429391744,1151267511275.6562,ANA,9202.T,Stock
2023-10-23,2676.95751953125,429391744,1149463457925.4375,ANA,9202.T,Stock
2023-10-24,2714.305908203125,429391744,1165500547672.8438,ANA,9202.T,Stock
2023-10-25,2721.775634765625,429391744,1168707986588.7188,ANA,9202.T,Stock
2023-10-26,2702.167724609375,429391744,1160288511850.5312,ANA,9202.T,Stock
2023-10-27,2739.98291015625,429391744,1176526040322.1875,ANA,9202.T,Stock
2023-10-30,2722.709228515625,429391744,1169108864037.2188,ANA,9202.T,Stock
2023-10-31,2756.3232421875,429391744,1183542443990.625,ANA,9202.T,Stock
2023-11-01,2759.591064453125,429391744,1184945619892.3438,ANA,9202.T,Stock
2023-11-02,2782.00048828125,429391744,1194568041471.9375,ANA,9202.T,Stock
2023-11-06,2831.9541015625,429391744,1216017710597.875,ANA,9202.T,Stock
2023-11-07,2785.26806640625,429391744,1195971112541.6875,ANA,9202.T,Stock
2023-11-08,2812.345947265625,429391744,1207598131027.7188,ANA,9202.T,Stock
2023-11-09,2862.7666015625,429391744,1229248343709.875,ANA,9202.T,Stock
2023-11-10,2864.6337890625,429391744,1230050098606.875,ANA,9202.T,Stock
2023-11-13,2852.49560546875,429391744,1224838062784.5625,ANA,9202.T,Stock
2023-11-14,2841.291015625,429391744,1220026904410.75,ANA,9202.T,Stock
2023-11-15,2855.296630859375,429391744,1226040799962.0312,ANA,9202.T,Stock
2023-11-16,2826.3515625,429391744,1213612026579.0,ANA,9202.T,Stock
2023-11-17,2916.921875,429391744,1252502171018.0,ANA,9202.T,Stock
2023-11-20,2899.181396484375,429391744,1244884556008.7812,ANA,9202.T,Stock
2023-11-21,2915.98828125,429391744,1252101293569.5,ANA,9202.T,Stock
2023-11-22,2906.65087890625,429391744,1248091890092.6875,ANA,9202.T,Stock
2023-11-24,2893.579345703125,429391744,1242479081653.8438,ANA,9202.T,Stock
2023-11-27,2878.6396484375,429391744,1236064098990.125,ANA,9202.T,Stock
2023-11-28,2870.236083984375,429391744,1232455677793.7812,ANA,9202.T,Stock
2023-11-29,2845.02587890625,429391744,1221630623868.6875,ANA,9202.T,Stock
2023-11-30,2849.694580078125,429391744,1223635325607.0938,ANA,9202.T,Stock
2023-12-01,2843.158447265625,429391744,1220828764139.7188,ANA,9202.T,Stock
2023-12-04,2812.345947265625,429391744,1207598131027.7188,ANA,9202.T,Stock
2023-12-05,2817.014404296875,429391744,1209602727934.1562,ANA,9202.T,Stock
2023-12-06,2851.561767578125,429391744,1224437080504.0938,ANA,9202.T,Stock
2023-12-07,2882.374267578125,429391744,1237667713616.0938,ANA,9202.T,Stock
2023-12-08,2895.4462890625,429391744,1243280731718.875,ANA,9202.T,Stock
2023-12-11,2900.114990234375,429391744,1245285433457.2812,ANA,9202.T,Stock
2023-12-12,2888.91064453125,429391744,1240474379915.4375,ANA,9202.T,Stock
2023-12-13,2884.24169921875,429391744,1238469573345.0625,ANA,9202.T,Stock
2023-12-14,2875.838623046875,429391744,1234861361812.6562,ANA,9202.T,Stock
2023-12-15,2887.9765625,429391744,1240073292803.0,ANA,9202.T,Stock
2023-12-18,2860.89892578125,429391744,1228446379148.9375,ANA,9202.T,Stock
2023-12-19,2835.68896484375,429391744,1217621430055.8125,ANA,9202.T,Stock
2023-12-20,2851.561767578125,429391744,1224437080504.0938,ANA,9202.T,Stock
2023-12-21,2844.092041015625,429391744,1221229641588.2188,ANA,9202.T,Stock
2023-12-22,2859.96533203125,429391744,1228045501700.4375,ANA,9202.T,Stock
2023-12-25,2859.03173828125,429391744,1227644624251.9375,ANA,9202.T,Stock
2023-12-26,2836.62255859375,429391744,1218022307504.3125,ANA,9202.T,Stock
2023-12-27,2855.296630859375,429391744,1226040799962.0312,ANA,9202.T,Stock
2023-12-28,2865.5673828125,429391744,1230450976055.375,ANA,9202.T,Stock
2023-12-29,2857.1640625,429391744,1226842659691.0,ANA,9202.T,Stock
2024-01-04,2912.253173828125,429391744,1250497469279.5938,ANA,9202.T,Stock
2024-01-05,2929.06005859375,429391744,1257714206840.3125,ANA,9202.T,Stock
2024-01-09,2955.204345703125,429391744,1268940347877.8438,ANA,9202.T,Stock
2024-01-10,2972.010986328125,429391744,1276156980606.5938,ANA,9202.T,Stock
2024-01-11,2987.88427734375,429391744,1282972840718.8125,ANA,9202.T,Stock
2024-01-12,2971.0771484375,429391744,1275755998326.125,ANA,9202.T,Stock
2024-01-15,2938.3974609375,429391744,1261723610317.125,ANA,9202.T,Stock
2024-01-16,2948.668212890625,429391744,1266133786410.4688,ANA,9202.T,Stock
2024-01-17,2952.4033203125,429391744,1267737610700.375,ANA,9202.T,Stock
2024-01-18,2930.927734375,429391744,1258516171401.25,ANA,9202.T,Stock
2024-01-19,2955.204345703125,429391744,1268940347877.8438,ANA,9202.T,Stock
2024-01-22,2986.0166015625,429391744,1282170876157.875,ANA,9202.T,Stock
2024-01-23,2991.61865234375,429391744,1284576350512.8125,ANA,9202.T,Stock
2024-01-24,2964.541015625,429391744,1272949436858.75,ANA,9202.T,Stock
2024-01-25,2979.48095703125,429391744,1279364524354.4375,ANA,9202.T,Stock
2024-01-26,2952.4033203125,429391744,1267737610700.375,ANA,9202.T,Stock
2024-01-29,3011.226806640625,429391744,1292995930082.9688,ANA,9202.T,Stock
2024-01-30,3014.9619140625,429391744,1294599754372.875,ANA,9202.T,Stock
2024-01-31,3053.243896484375,429391744,1311037721568.7812,ANA,9202.T,Stock
2024-02-01,3089.658935546875,429391744,1326674038699.6562,ANA,9202.T,Stock
2024-02-02,3061.647705078125,429391744,1314646247597.0938,ANA,9202.T,Stock
2024-02-05,3068.183349609375,429391744,1317452599400.5312,ANA,9202.T,Stock
2024-02-06,3082.189453125,429391744,1323466704615.75,ANA,9202.T,Stock
2024-02-07,3027.10009765625,429391744,1299811790195.1875,ANA,9202.T,Stock
2024-02-08,3058.846435546875,429391744,1313443405587.6562,ANA,9202.T,Stock
2024-02-09,3033.635986328125,429391744,1302618246830.5938,ANA,9202.T,Stock
2024-02-13,3052.310302734375,429391744,1310636844120.2812,ANA,9202.T,Stock
2024-02-14,3004.69091796875,429391744,1290189473447.5625,ANA,9202.T,Stock
2024-02-15,3003.757080078125,429391744,1289788491167.0938,ANA,9202.T,Stock
2024-02-16,3039.23828125,429391744,1305023826017.5,ANA,9202.T,Stock
2024-02-19,3017.762939453125,429391744,1295802491550.3438,ANA,9202.T,Stock
2024-02-20,3014.9619140625,429391744,1294599754372.875,ANA,9202.T,Stock
2024-02-21,3012.16064453125,429391744,1293396912363.4375,ANA,9202.T,Stock
2024-02-22,3016.829345703125,429391744,1295401614101.8438,ANA,9202.T,Stock
2024-02-26,3034.56982421875,429391744,1303019229111.0625,ANA,9202.T,Stock
2024-02-27,3019.63037109375,429391744,1296604351279.3125,ANA,9202.T,Stock
2024-02-28,3031.7685546875,429391744,1301816387101.625,ANA,9202.T,Stock
2024-02-29,3047.641845703125,429391744,1308632247213.8438,ANA,9202.T,Stock
2024-03-01,3028.967529296875,429391744,1300613649924.1562,ANA,9202.T,Stock
2024-03-04,2963.607421875,429391744,1272548559410.25,ANA,9202.T,Stock
2024-03-05,2971.0771484375,429391744,1275755998326.125,ANA,9202.T,Stock
2024-03-06,2953.336669921875,429391744,1268138383316.9062,ANA,9202.T,Stock
2024-03-07,2977.61328125,429391744,1278562559793.5,ANA,9202.T,Stock
2024-03-08,2931.861328125,429391744,1258917048849.75,ANA,9202.T,Stock
2024-03-11,2916.921875,429391744,1252502171018.0,ANA,9202.T,Stock
2024-03-12,2936.52978515625,429391744,1260921645756.1875,ANA,9202.T,Stock
2024-03-13,2948.668212890625,429391744,1266133786410.4688,ANA,9202.T,Stock
2024-03-14,2978.546875,429391744,1278963437242.0,ANA,9202.T,Stock
2024-03-15,2983.2158203125,429391744,1280968243812.375,ANA,9202.T,Stock
2024-03-18,2993.486328125,429391744,1285378315073.75,ANA,9202.T,Stock
2024-03-19,2987.88427734375,429391744,1282972840718.8125,ANA,9202.T,Stock
2024-03-21,2982.28173828125,429391744,1280567156699.9375,ANA,9202.T,Stock
2024-03-22,3010.29345703125,429391744,1292595157466.4375,ANA,9202.T,Stock
2024-03-25,3005.624755859375,429391744,1290590455728.0312,ANA,9202.T,Stock
2024-03-26,2986.0166015625,429391744,1282170876157.875,ANA,9202.T,Stock
2024-03-27,2997.221435546875,429391744,1286982139363.6562,ANA,9202.T,Stock
2024-03-28,2997.22119140625,429391744,1286982034531.6875,ANA,9202.T,Stock
2024-03-29,3031.36669921875,429391744,1301643833681.0625,ANA,9202.T,Stock
2024-04-01,3018.087890625,429391744,1295942022900.75,ANA,9202.T,Stock
2024-04-02,2963.07568359375,429391744,1272320235382.3125,ANA,9202.T,Stock
2024-04-03,2959.28173828125,429391744,1270691146587.9375,ANA,9202.T,Stock
2024-04-04,2905.2177734375,429391744,1247476526436.125,ANA,9202.T,Stock
2024-04-05,2905.2177734375,429391744,1247476526436.125,ANA,9202.T,Stock
2024-04-08,2927.9814453125,429391744,1257251059202.375,ANA,9202.T,Stock
2024-04-09,2985.83935546875,429391744,1282094768148.5625,ANA,9202.T,Stock
2024-04-10,2982.04541015625,429391744,1280465679354.1875,ANA,9202.T,Stock
2024-04-11,2960.230224609375,429391744,1271098418786.5312,ANA,9202.T,Stock
2024-04-12,2953.590576171875,429391744,1268247408564.4062,ANA,9202.T,Stock
2024-04-15,2940.311767578125,429391744,1262545597784.0938,ANA,9202.T,Stock
2024-04-16,2898.578369140625,429391744,1244625621045.9688,ANA,9202.T,Stock
2024-04-17,2847.360107421875,429391744,1222632922321.9062,ANA,9202.T,Stock
2024-04-18,2879.608642578125,429391744,1236480177074.0938,ANA,9202.T,Stock
2024-04-19,2805.626708984375,429391744,1204712945583.7812,ANA,9202.T,Stock
2024-04-22,2896.681396484375,429391744,1243811076648.7812,ANA,9202.T,Stock
2024-04-23,2910.90869140625,429391744,1249920159627.6875,ANA,9202.T,Stock
2024-04-24,2916.599853515625,429391744,1252363897651.2188,ANA,9202.T,Stock
2024-04-25,2875.814697265625,429391744,1234851088279.7188,ANA,9202.T,Stock
2024-04-26,2902.372314453125,429391744,1246254709840.3438,ANA,9202.T,Stock
2024-04-30,2845.463134765625,429391744,1221818377924.7188,ANA,9202.T,Stock
2024-05-01,2846.411865234375,429391744,1222225754955.2812,ANA,9202.T,Stock
2024-05-02,2842.143310546875,429391744,1220392872813.6562,ANA,9202.T,Stock
2024-05-07,2883.40234375,429391744,1238109161036.5,ANA,9202.T,Stock
2024-05-08,2814.63720703125,429391744,1208581979054.4375,ANA,9202.T,Stock
2024-05-09,2807.523681640625,429391744,1205527489980.9688,ANA,9202.T,Stock
2024-05-10,2847.360107421875,429391744,1222632922321.9062,ANA,9202.T,Stock
2024-05-13,2867.278564453125,429391744,1231185743324.3438,ANA,9202.T,Stock
2024-05-14,2860.638916015625,429391744,1228334733102.2188,ANA,9202.T,Stock
2024-05-15,2833.1328125,429391744,1216523839343.0,ANA,9202.T,Stock
2024-05-16,2847.360107421875,429391744,1222632922321.9062,ANA,9202.T,Stock
2024-05-17,2850.20556640625,429391744,1223854738917.6875,ANA,9202.T,Stock
2024-05-20,2878.66015625,429391744,1236072904875.5,ANA,9202.T,Stock
2024-05-21,2898.578369140625,429391744,1244625621045.9688,ANA,9202.T,Stock
2024-05-22,2885.299560546875,429391744,1238923810265.6562,ANA,9202.T,Stock
2024-05-23,2894.784423828125,429391744,1242996532251.5938,ANA,9202.T,Stock
2024-05-24,2895.73291015625,429391744,1243403804450.1875,ANA,9202.T,Stock
2024-05-27,2906.166259765625,429391744,1247883798634.7188,ANA,9202.T,Stock
2024-05-28,2874.866455078125,429391744,1234443920913.0938,ANA,9202.T,Stock
2024-05-29,2826.493408203125,429391744,1213672933952.8438,ANA,9202.T,Stock
2024-05-30,2811.317626953125,429391744,1207156578775.3438,ANA,9202.T,Stock
2024-05-31,2837.875244140625,429391744,1218560200335.9688,ANA,9202.T,Stock
2024-06-03,2850.20556640625,429391744,1223854738917.6875,ANA,9202.T,Stock
2024-06-04,2873.91796875,429391744,1234036648714.5,ANA,9202.T,Stock
2024-06-05,2822.22509765625,429391744,1211840156643.1875,ANA,9202.T,Stock
2024-06-06,2819.85400390625,429391744,1210822028562.6875,ANA,9202.T,Stock
2024-06-07,2827.916259765625,429391744,1214283894666.7188,ANA,9202.T,Stock
2024-06-10,2835.02978515625,429391744,1217338383740.1875,ANA,9202.T,Stock
2024-06-11,2798.03857421875,429391744,1201454663163.0625,ANA,9202.T,Stock
2024-06-12,2768.6357421875,429391744,1188829329838.625,ANA,9202.T,Stock
2024-06-13,2746.8203125,429391744,1179461964439.0,ANA,9202.T,Stock
2024-06-14,2784.760009765625,429391744,1195752957214.7188,ANA,9202.T,Stock
2024-06-17,2739.706787109375,429391744,1176407475365.5312,ANA,9202.T,Stock
2024-06-18,2735.4384765625,429391744,1174574698055.875,ANA,9202.T,Stock
2024-06-19,2743.0263671875,429391744,1177832875644.625,ANA,9202.T,Stock
2024-06-20,2769.584228515625,429391744,1189236602037.2188,ANA,9202.T,Stock
2024-06-21,2780.966064453125,429391744,1194123868420.3438,ANA,9202.T,Stock
2024-06-24,2796.141845703125,429391744,1200640223597.8438,ANA,9202.T,Stock
2024-06-25,2822.22509765625,429391744,1211840156643.1875,ANA,9202.T,Stock
2024-06-26,2820.328369140625,429391744,1211025717077.9688,ANA,9202.T,Stock
2024-06-27,2825.07080078125,429391744,1213062078070.9375,ANA,9202.T,Stock
2024-06-28,2816.5341796875,429391744,1209396523451.625,ANA,9202.T,Stock
2024-07-01,2817.95703125,429391744,1210007484165.5,ANA,9202.T,Stock
2024-07-02,2844.04052734375,429391744,1221207522042.8125,ANA,9202.T,Stock
2024-07-03,2869.175537109375,429391744,1232000287721.5312,ANA,9202.T,Stock
2024-07-04,2876.763427734375,429391744,1235258465310.2812,ANA,9202.T,Stock
2024-07-05,2852.102783203125,429391744,1224669388146.8438,ANA,9202.T,Stock
2024-07-08,2842.61767578125,429391744,1220596561328.9375,ANA,9202.T,Stock
2024-07-09,2841.195068359375,429391744,1219985705447.0312,ANA,9202.T,Stock
2024-07-10,2865.38134765625,429391744,1230371094095.1875,ANA,9202.T,Stock
2024-07-11,2865.38134765625,429391744,1230371094095.1875,ANA,9202.T,Stock
2024-07-12,2890.0419921875,429391744,1240960171258.625,ANA,9202.T,Stock
2024-07-16,2859.690673828125,429391744,1227927565735.5938,ANA,9202.T,Stock
2024-07-17,2881.505615234375,429391744,1237294721471.2812,ANA,9202.T,Stock
2024-07-18,2871.072265625,429391744,1232814727286.75,ANA,9202.T,Stock
2024-07-19,2834.555419921875,429391744,1217134695224.9062,ANA,9202.T,Stock
2024-07-22,2813.688720703125,429391744,1208174706855.8438,ANA,9202.T,Stock
2024-07-23,2823.648193359375,429391744,1212451222189.0312,ANA,9202.T,Stock
2024-07-24,2750.6142578125,429391744,1181091053233.375,ANA,9202.T,Stock
2024-07-25,2771.481201171875,429391744,1190051146434.4062,ANA,9202.T,Stock
2024-07-26,2748.2431640625,429391744,1180072925152.875,ANA,9202.T,Stock
2024-07-29,2806.100830078125,429391744,1204916529267.0938,ANA,9202.T,Stock
2024-07-30,2810.843505859375,429391744,1206952995092.0312,ANA,9202.T,Stock
2024-07-31,2728.32470703125,429391744,1171520104150.4375,ANA,9202.T,Stock
2024-08-01,2713.14892578125,429391744,1165003748972.9375,ANA,9202.T,Stock
2024-08-02,2633.001708984375,429391744,1130589195775.7812,ANA,9202.T,Stock
2024-08-05,2489.7802734375,429391744,1069091093788.125,ANA,9202.T,Stock
2024-08-06,2615.454833984375,429391744,1123054712517.7812,ANA,9202.T,Stock
2024-08-07,2637.744384765625,429391744,1132625661600.7188,ANA,9202.T,Stock
2024-08-08,2649.126220703125,429391744,1137512927983.8438,ANA,9202.T,Stock
2024-08-09,2613.083740234375,429391744,1122036584437.2812,ANA,9202.T,Stock
2024-08-13,2593.6396484375,429391744,1113687451950.125,ANA,9202.T,Stock
2024-08-14,2620.197265625,429391744,1125091073510.75,ANA,9202.T,Stock
2024-08-15,2599.8046875,429391744,1116334668825.0,ANA,9202.T,Stock
2024-08-16,2641.538330078125,429391744,1134254750395.0938,ANA,9202.T,Stock
2024-08-19,2631.10498046875,429391744,1129774756210.5625,ANA,9202.T,Stock
2024-08-20,2683.27197265625,429391744,1152174831965.1875,ANA,9202.T,Stock
2024-08-21,2708.406494140625,429391744,1162967387979.9688,ANA,9202.T,Stock
2024-08-22,2700.81884765625,429391744,1159709315223.1875,ANA,9202.T,Stock
2024-08-23,2721.211181640625,429391744,1168465615076.9688,ANA,9202.T,Stock
2024-08-26,2780.017333984375,429391744,1193716491389.7812,ANA,9202.T,Stock
2024-08-27,2779.069091796875,429391744,1193309324023.1562,ANA,9202.T,Stock
2024-08-28,2771.481201171875,429391744,1190051146434.4062,ANA,9202.T,Stock
2024-08-29,2795.193359375,429391744,1200232951399.25,ANA,9202.T,Stock
2024-08-30,2793.7705078125,429391744,1199621990685.375,ANA,9202.T,Stock
2024-09-02,2793.296142578125,429391744,1199418302170.0938,ANA,9202.T,Stock
2024-09-03,2813.214599609375,429391744,1207971123172.5312,ANA,9202.T,Stock
2024-09-04,2793.296142578125,429391744,1199418302170.0938,ANA,9202.T,Stock
2024-09-05,2818.905517578125,429391744,1210414756364.0938,ANA,9202.T,Stock
2024-09-06,2800.884033203125,429391744,1202676479758.8438,ANA,9202.T,Stock
2024-09-09,2812.740478515625,429391744,1207767539489.2188,ANA,9202.T,Stock
2024-09-10,2844.5146484375,429391744,1221411105726.125,ANA,9202.T,Stock
2024-09-11,2787.131103515625,429391744,1196771085295.2188,ANA,9202.T,Stock
2024-09-12,2832.184326171875,429391744,1216116567144.4062,ANA,9202.T,Stock
2024-09-13,2840.720703125,429391744,1219782016931.75,ANA,9202.T,Stock
2024-09-17,2874.866455078125,429391744,1234443920913.0938,ANA,9202.T,Stock
2024-09-18,2831.7099609375,429391744,1215912878629.125,ANA,9202.T,Stock
2024-09-19,2896.681396484375,429391744,1243811076648.7812,ANA,9202.T,Stock
2024-09-20,2893.8359375,429391744,1242589260053.0,ANA,9202.T,Stock
2024-09-24,2859.690673828125,429391744,1227927565735.5938,ANA,9202.T,Stock
2024-09-25,2891.93896484375,429391744,1241774715655.8125,ANA,9202.T,Stock
2024-09-26,2917.548095703125,429391744,1252771065017.8438,ANA,9202.T,Stock
2024-09-27,2934.62109375,429391744,1260102069424.5,ANA,9202.T,Stock
2024-09-30,2910.90869140625,429391744,1249920159627.6875,ANA,9202.T,Stock
2024-10-01,2869.175537109375,429391744,1232000287721.5312,ANA,9202.T,Stock
2024-10-02,2789.976806640625,429391744,1197993006722.9688,ANA,9202.T,Stock
2024-10-03,2795.66748046875,429391744,1200436535082.5625,ANA,9202.T,Stock
2024-10-04,2793.296142578125,429391744,1199418302170.0938,ANA,9202.T,Stock
2024-10-07,2777.172119140625,429391744,1192494779625.9688,ANA,9202.T,Stock
2024-10-08,2758.676513671875,429391744,1184552919337.4062,ANA,9202.T,Stock
2024-10-09,2755.8310546875,429391744,1183331102741.625,ANA,9202.T,Stock
2024-10-10,2756.779296875,429391744,1183738270108.25,ANA,9202.T,Stock
2024-10-11,2749.665771484375,429391744,1180683781034.7812,ANA,9202.T,Stock
2024-10-15,2744.92333984375,429391744,1178647420041.8125,ANA,9202.T,Stock
2024-10-16,2744.448974609375,429391744,1178443731526.5312,ANA,9202.T,Stock
2024-10-17,2800.884033203125,429391744,1202676479758.8438,ANA,9202.T,Stock
2024-10-18,2793.296142578125,429391744,1199418302170.0938,ANA,9202.T,Stock
2024-10-21,2790.925048828125,429391744,1198400174089.5938,ANA,9202.T,Stock
2024-10-22,2777.172119140625,429391744,1192494779625.9688,ANA,9202.T,Stock
2024-10-23,2771.0068359375,429391744,1189847457919.125,ANA,9202.T,Stock
2024-10-24,2762.944580078125,429391744,1186385591815.0938,ANA,9202.T,Stock
2024-10-25,2761.99609375,429391744,1185978319616.5,ANA,9202.T,Stock
2024-10-28,2798.512939453125,429391744,1201658351678.3438,ANA,9202.T,Stock
2024-10-29,2833.1328125,429391744,1216523839343.0,ANA,9202.T,Stock
2024-10-30,2835.978271484375,429391744,1217745655938.7812,ANA,9202.T,Stock
2024-10-31,2854.947998046875,429391744,1225891099910.6562,ANA,9202.T,Stock
2024-11-01,2766.264404296875,429391744,1187811096926.1562,ANA,9202.T,Stock
2024-11-05,2718.36572265625,429391744,1167243798481.1875,ANA,9202.T,Stock
2024-11-06,2707.93212890625,429391744,1162763699464.6875,ANA,9202.T,Stock
2024-11-07,2721.211181640625,429391744,1168465615076.9688,ANA,9202.T,Stock
2024-11-08,2680.900634765625,429391744,1151156599052.7188,ANA,9202.T,Stock
2024-11-11,2704.61279296875,429391744,1161338404017.5625,ANA,9202.T,Stock
2024-11-12,2719.78857421875,429391744,1167854759195.0625,ANA,9202.T,Stock
2024-11-13,2738.758056640625,429391744,1176000098334.9688,ANA,9202.T,Stock
2024-11-14,2730.696044921875,429391744,1172538337062.9062,ANA,9202.T,Stock
2024-11-15,2728.799072265625,429391744,1171723792665.7188,ANA,9202.T,Stock
2024-11-18,2740.6552734375,429391744,1176814747564.125,ANA,9202.T,Stock
2024-11-19,2727.8505859375,429391744,1171316520467.125,ANA,9202.T,Stock
2024-11-20,2701.293212890625,429391744,1159913003738.4688,ANA,9202.T,Stock
2024-11-21,2691.333984375,429391744,1155636593237.25,ANA,9202.T,Stock
2024-11-22,2691.808349609375,429391744,1155840281752.5312,ANA,9202.T,Stock
2024-11-25,2683.74609375,429391744,1152378415648.5,ANA,9202.T,Stock
2024-11-26,2703.18994140625,429391744,1160727443303.6875,ANA,9202.T,Stock
2024-11-27,2701.767333984375,429391744,1160116587421.7812,ANA,9202.T,Stock
2024-11-28,2727.8505859375,429391744,1171316520467.125,ANA,9202.T,Stock
2024-11-29,2740.180908203125,429391744,1176611059048.8438,ANA,9202.T,Stock
2024-12-02,2773.3779296875,429391744,1190865585999.625,ANA,9202.T,Stock
2024-12-03,2765.7900390625,429391744,1187607408410.875,ANA,9202.T,Stock
2024-12-04,2733.54150390625,429391744,1173760153658.6875,ANA,9202.T,Stock
2024-12-05,2747.294677734375,429391744,1179665652954.2812,ANA,9202.T,Stock
2024-12-06,2766.264404296875,429391744,1187811096926.1562,ANA,9202.T,Stock
2024-12-09,2802.78125,429391744,1203491128988.0,ANA,9202.T,Stock
2024-12-10,2807.04931640625,429391744,1205323801465.6875,ANA,9202.T,Stock
2024-12-11,2816.5341796875,429391744,1209396523451.625,ANA,9202.T,Stock
2024-12-12,2835.02978515625,429391744,1217338383740.1875,ANA,9202.T,Stock
2024-12-13,2817.008544921875,429391744,1209600211966.9062,ANA,9202.T,Stock
2024-12-16,2770.532470703125,429391744,1189643769403.8438,ANA,9202.T,Stock
2024-12-17,2766.264404296875,429391744,1187811096926.1562,ANA,9202.T,Stock
2024-12-18,2766.73876953125,429391744,1188014785441.4375,ANA,9202.T,Stock
2024-12-19,2751.088623046875,429391744,1181294741748.6562,ANA,9202.T,Stock
2024-12-20,2709.35498046875,429391744,1163374660178.5625,ANA,9202.T,Stock
2024-12-23,2699.396240234375,429391744,1159098459341.2812,ANA,9202.T,Stock
2024-12-24,2701.767333984375,429391744,1160116587421.7812,ANA,9202.T,Stock
2024-12-25,2694.65380859375,429391744,1157062098348.3125,ANA,9202.T,Stock
2024-12-26,2701.293212890625,429391744,1159913003738.4688,ANA,9202.T,Stock
2024-12-27,2726.902099609375,429391744,1170909248268.5312,ANA,9202.T,Stock
2024-12-30,2717.8916015625,429391744,1167040214797.875,ANA,9202.T,Stock
2025-01-06,2700.344482421875,429391744,1159505626707.9062,ANA,9202.T,Stock
2025-01-07,2706.035400390625,429391744,1161949259899.4688,ANA,9202.T,Stock
2025-01-08,2696.55078125,429391744,1157876642745.5,ANA,9202.T,Stock
2025-01-09,2663.353759765625,429391744,1143622115794.7188,ANA,9202.T,Stock
2025-01-10,2652.920166015625,429391744,1139142016778.2188,ANA,9202.T,Stock
2025-01-14,2643.435302734375,429391744,1135069294792.2812,ANA,9202.T,Stock
2025-01-15,2651.023193359375,429391744,1138327472381.0312,ANA,9202.T,Stock
2025-01-16,2605.969970703125,429391744,1118981990531.8438,ANA,9202.T,Stock
2025-01-17,2605.969970703125,429391744,1118981990531.8438,ANA,9202.T,Stock
2025-01-20,2594.11376953125,429391744,1113891035633.4375,ANA,9202.T,Stock
2025-01-21,2617.825927734375,429391744,1124072840598.2812,ANA,9202.T,Stock
2025-01-22,2648.177978515625,429391744,1137105760617.2188,ANA,9202.T,Stock
2025-01-23,2662.87939453125,429391744,1143418427279.4375,ANA,9202.T,Stock
2025-01-24,2668.5703125,429391744,1145862060471.0,ANA,9202.T,Stock
2025-01-27,2698.921875,429391744,1158894770826.0,ANA,9202.T,Stock
2025-01-28,2722.15966796875,429391744,1168872887275.5625,ANA,9202.T,Stock
2025-01-29,2722.634033203125,429391744,1169076575790.8438,ANA,9202.T,Stock
2025-01-30,2758.676513671875,429391744,1184552919337.4062,ANA,9202.T,Stock
2025-01-31,2764.367431640625,429391744,1186996552528.9688,ANA,9202.T,Stock
2025-02-03,2729.273193359375,429391744,1171927376349.0312,ANA,9202.T,Stock
2025-02-04,2695.1279296875,429391744,1157265682031.625,ANA,9202.T,Stock
2025-02-05,2692.756591796875,429391744,1156247449119.1562,ANA,9202.T,Stock
2025-02-06,2746.8203125,429391744,1179461964439.0,ANA,9202.T,Stock
2025-02-07,2750.6142578125,429391744,1181091053233.375,ANA,9202.T,Stock
2025-02-10,2721.685302734375,429391744,1168669198760.2812,ANA,9202.T,Stock
2025-02-12,2738.758056640625,429391744,1176000098334.9688,ANA,9202.T,Stock
2025-02-13,2765.31591796875,429391744,1187403824727.5625,ANA,9202.T,Stock
2025-02-14,2747.768798828125,429391744,1179869236637.5938,ANA,9202.T,Stock
2025-02-17,2720.73681640625,429391744,1168261926561.6875,ANA,9202.T,Stock
2025-02-18,2743.0263671875,429391744,1177832875644.625,ANA,9202.T,Stock
2025-02-19,2740.6552734375,429391744,1176814747564.125,ANA,9202.T,Stock
2025-02-20,2752.036865234375,429391744,1181701909115.2812,ANA,9202.T,Stock
2025-02-21,2771.481201171875,429391744,1190051146434.4062,ANA,9202.T,Stock
2025-02-25,2789.976806640625,429391744,1197993006722.9688,ANA,9202.T,Stock
2025-02-26,2753.4599609375,429391744,1182312974661.125,ANA,9202.T,Stock
2025-02-27,2701.767333984375,429391744,1160116587421.7812,ANA,9202.T,Stock
2025-02-28,2703.18994140625,429391744,1160727443303.6875,ANA,9202.T,Stock
2025-03-03,2737.33544921875,429391744,1175389242453.0625,ANA,9202.T,Stock
2025-03-04,2758.2021484375,429391744,1184349230822.125,ANA,9202.T,Stock
2025-03-05,2731.64453125,429391744,1172945609261.5,ANA,9202.T,Stock
2025-03-06,2755.356689453125,429391744,1183127414226.3438,ANA,9202.T,Stock
2025-03-07,2762.944580078125,429391744,1186385591815.0938,ANA,9202.T,Stock
2025-03-10,2760.573486328125,429391744,1185367463734.5938,ANA,9202.T,Stock
2025-03-11,2753.4599609375,429391744,1182312974661.125,ANA,9202.T,Stock
2025-03-12,2722.634033203125,429391744,1169076575790.8438,ANA,9202.T,Stock
2025-03-13,2712.6748046875,429391744,1164800165289.625,ANA,9202.T,Stock
2025-03-14,2692.756591796875,429391744,1156247449119.1562,ANA,9202.T,Stock
2025-03-17,2684.694580078125,429391744,1152785687847.0938,ANA,9202.T,Stock
2025-03-18,2705.56103515625,429391744,1161745571384.1875,ANA,9202.T,Stock
2025-03-19,2726.902099609375,429391744,1170909248268.5312,ANA,9202.T,Stock
2025-03-21,2736.861083984375,429391744,1175185553937.7812,ANA,9202.T,Stock
2025-03-24,2729.74755859375,429391744,1172131064864.3125,ANA,9202.T,Stock
2025-03-25,2746.34619140625,429391744,1179258380755.6875,ANA,9202.T,Stock
2025-03-26,2755.356689453125,429391744,1183127414226.3438,ANA,9202.T,Stock
2025-03-27,2752.985595703125,429391744,1182109286145.8438,ANA,9202.T,Stock
2025-03-28,2741.363525390625,429391744,1177118865105.4688,ANA,9202.T,Stock
2025-03-31,2672.599365234375,429391744,1147592102451.2812,ANA,9202.T,Stock
2025-04-01,2683.2529296875,429391744,1152166655071.625,ANA,9202.T,Stock
2025-04-02,2648.870849609375,429391744,1137403273744.5312,ANA,9202.T,Stock
2025-04-03,2635.31201171875,429391744,1131581220696.0625,ANA,9202.T,Stock
2025-04-04,2626.111083984375,429391744,1127630418289.7812,ANA,9202.T,Stock
2025-04-07,2477.92919921875,429391744,1064002340361.0625,ANA,9202.T,Stock
2025-04-08,2564.12646484375,429391744,1101014734575.8125,ANA,9202.T,Stock
2025-04-09,2510.374267578125,429391744,1077933984848.0938,ANA,9202.T,Stock
2025-04-10,2630.953369140625,429391744,1129709655557.9688,ANA,9202.T,Stock
2025-04-11,2599.47705078125,429391744,1116193984322.9375,ANA,9202.T,Stock
2025-04-14,2571.390380859375,429391744,1104133800142.0312,ANA,9202.T,Stock
2025-04-15,2543.303466796875,429391744,1092073511129.1562,ANA,9202.T,Stock
2025-04-16,2596.087158203125,429391744,1114738392436.8438,ANA,9202.T,Stock
2025-04-17,2595.60302734375,429391744,1114530510642.8125,ANA,9202.T,Stock
2025-04-18,2627.56396484375,429391744,1128254273335.8125,ANA,9202.T,Stock
2025-04-21,2609.162109375,429391744,1120352668523.25,ANA,9202.T,Stock
2025-04-22,2641.607177734375,429391744,1134284313010.2812,ANA,9202.T,Stock
2025-04-23,2668.725341796875,429391744,1145928628771.1562,ANA,9202.T,Stock
2025-04-24,2642.09130859375,429391744,1134492194804.3125,ANA,9202.T,Stock
2025-04-25,2618.363037109375,429391744,1124303470929.5312,ANA,9202.T,Stock
2025-04-28,2646.44970703125,429391744,1136363655110.4375,ANA,9202.T,Stock
2025-04-30,2649.83935546875,429391744,1137819142164.5625,ANA,9202.T,Stock
2025-05-01,2682.768798828125,429391744,1151958773277.5938,ANA,9202.T,Stock
2025-05-02,2694.875,429391744,1157157076112.0,ANA,9202.T,Stock
2025-05-07,2738.942138671875,429391744,1176079141639.4062,ANA,9202.T,Stock
2025-05-08,2748.14306640625,429391744,1180029944045.6875,ANA,9202.T,Stock
2025-05-09,2737.973876953125,429391744,1175663378051.3438,ANA,9202.T,Stock
2025-05-12,2769.450439453125,429391744,1189179154118.3438,ANA,9202.T,Stock
2025-05-13,2761.702392578125,429391744,1185852206758.0938,ANA,9202.T,Stock
2025-05-14,2778.166748046875,429391744,1192921865066.6562,ANA,9202.T,Stock
2025-05-15,2764.60791015625,429391744,1187099812018.1875,ANA,9202.T,Stock
2025-05-16,2784.946533203125,429391744,1195833048838.8438,ANA,9202.T,Stock
2025-05-19,2802.86376953125,429391744,1203526562193.4375,ANA,9202.T,Stock
2025-05-20,2759.281005859375,429391744,1184812483292.0312,ANA,9202.T,Stock
2025-05-21,2765.576171875,429391744,1187515575606.25,ANA,9202.T,Stock
2025-05-22,2728.28857421875,429391744,1171504589019.0625,ANA,9202.T,Stock
2025-05-23,2709.886962890625,429391744,1163603089038.4688,ANA,9202.T,Stock
2025-05-26,2749.595703125,429391744,1180653694259.75,ANA,9202.T,Stock
2025-05-27,2737.005126953125,429391744,1175247404799.3438,ANA,9202.T,Stock
2025-05-28,2751.532958984375,429391744,1181485535931.7812,ANA,9202.T,Stock
2025-05-29,2783.009521484375,429391744,1195001311998.7812,ANA,9202.T,Stock
2025-05-30,2767.029052734375,429391744,1188139430652.2812,ANA,9202.T,Stock
2025-06-02,2752.501220703125,429391744,1181901299519.8438,ANA,9202.T,Stock
2025-06-03,2755.89111328125,429391744,1183356891405.9375,ANA,9202.T,Stock
2025-06-04,2751.532958984375,429391744,1181485535931.7812,ANA,9202.T,Stock
2025-06-05,2772.83984375,429391744,1190634536340.5,ANA,9202.T,Stock
2025-06-06,2786.88330078125,429391744,1196664680846.9375,ANA,9202.T,Stock
2025-06-09,2796.084228515625,429391744,1200615483253.2188,ANA,9202.T,Stock
2025-06-10,2796.084228515625,429391744,1200615483253.2188,ANA,9202.T,Stock
2025-06-11,2758.796630859375,429391744,1184604496666.0312,ANA,9202.T,Stock
2025-06-12,2732.162841796875,429391744,1173168167531.1562,ANA,9202.T,Stock
2025-06-13,2657.103271484375,429391744,1140938207730.7812,ANA,9202.T,Stock
2025-06-16,2663.398681640625,429391744,1143641404876.9688,ANA,9202.T,Stock
2025-06-17,2675.9892578125,429391744,1149047694337.375,ANA,9202.T,Stock
2025-06-18,2683.7373046875,429391744,1152374641697.625,ANA,9202.T,Stock
2025-06-19,2692.938232421875,429391744,1156325444103.9062,ANA,9202.T,Stock
2025-06-20,2673.08349609375,429391744,1147799984245.3125,ANA,9202.T,Stock
2025-06-23,2642.57568359375,429391744,1134700181430.3125,ANA,9202.T,Stock
2025-06-24,2710.85546875,429391744,1164018957458.5,ANA,9202.T,Stock
2025-06-25,2712.30810546875,429391744,1164642707672.5625,ANA,9202.T,Stock
2025-06-26,2716.182373046875,429391744,1166306286184.6562,ANA,9202.T,Stock
2025-06-27,2738.457763671875,429391744,1175871155013.4062,ANA,9202.T,Stock
2025-06-30,2733.615478515625,429391744,1173791917745.2188,ANA,9202.T,Stock
2025-07-01,2757.828125,429391744,1184188628246.0,ANA,9202.T,Stock
2025-07-02,2811.58056640625,429391744,1207269482805.6875,ANA,9202.T,Stock
2025-07-03,2811.09619140625,429391744,1207061496179.6875,ANA,9202.T,Stock
2025-07-04,2820.296875,429391744,1211012193754.0,ANA,9202.T,Stock
2025-07-07,2812.548828125,429391744,1207685246393.75,ANA,9202.T,Stock
2025-07-08,2841.1201171875,429391744,1219953522032.625,ANA,9202.T,Stock
2025-07-09,2852.257568359375,429391744,1224735851615.0312,ANA,9202.T,Stock
2025-07-10,2852.257568359375,429391744,1224735851615.0312,ANA,9202.T,Stock
2025-07-11,2906.494384765625,429391744,1248024692800.7188,ANA,9202.T,Stock
2025-07-14,2886.155517578125,429391744,1239291351148.0938,ANA,9202.T,Stock
2025-07-15,2857.58447265625,429391744,1227023180341.1875,ANA,9202.T,Stock
2025-07-16,2843.541259765625,429391744,1220993140666.7188,ANA,9202.T,Stock
2025-07-17,2870.659423828125,429391744,1232637456427.5938,ANA,9202.T,Stock
2025-07-18,2835.793212890625,429391744,1217666193306.4688,ANA,9202.T,Stock
2025-07-22,2818.84423828125,429391744,1210388443539.9375,ANA,9202.T,Stock
2025-07-23,2855.6474609375,429391744,1226191443501.125,ANA,9202.T,Stock
2025-07-24,2865.33251953125,429391744,1230350127701.4375,ANA,9202.T,Stock
2025-07-25,2848.3837890625,429391744,1223072482766.875,ANA,9202.T,Stock
2025-07-28,2852.257568359375,429391744,1224735851615.0312,ANA,9202.T,Stock
2025-07-29,2822.71826171875,429391744,1212051917220.0625,ANA,9202.T,Stock
2025-07-30,2707.465576171875,429391744,1162563365572.4062,ANA,9202.T,Stock
2025-07-31,2719.572265625,429391744,1167761878070.75,ANA,9202.T,Stock
2025-08-01,2745.237548828125,429391744,1178782338785.5938,ANA,9202.T,Stock
2025-08-04,2723.930419921875,429391744,1169633233544.9062,ANA,9202.T,Stock
2025-08-05,2731.194091796875,429391744,1172752194279.1562,ANA,9202.T,Stock
2025-08-06,2747.658935546875,429391744,1179822062251.6562,ANA,9202.T,Stock
2025-08-07,2777.6826171875,429391744,1192713983272.625,ANA,9202.T,Stock
2025-08-08,2834.82470703125,429391744,1217250324886.4375,ANA,9202.T,Stock
2025-08-12,2851.289306640625,429391744,1224320088026.9688,ANA,9202.T,Stock
2025-08-13,2936.517822265625,429391744,1260916508989.7188,ANA,9202.T,Stock
2025-08-14,2869.69091796875,429391744,1232221588007.5625,ANA,9202.T,Stock
2025-08-15,2897.777587890625,429391744,1244281772188.4688,ANA,9202.T,Stock
2025-08-18,2905.525634765625,429391744,1247608719548.7188,ANA,9202.T,Stock
2025-08-19,2915.210693359375,429391744,1251767403749.0312,ANA,9202.T,Stock
2025-08-20,2911.3369140625,429391744,1250104034900.875,ANA,9202.T,Stock
2025-08-21,2902.6201171875,429391744,1246361114288.625,ANA,9202.T,Stock
2025-08-22,2894.3876953125,429391744,1242826180302.375,ANA,9202.T,Stock
2025-08-25,2850.32080078125,429391744,1223904219606.9375,ANA,9202.T,Stock
2025-08-26,2820.78125,429391744,1211220180380.0,ANA,9202.T,Stock
2025-08-27,2876.470458984375,429391744,1235132666947.7812,ANA,9202.T,Stock
2025-08-28,2890.998291015625,429391744,1241370798080.2188,ANA,9202.T,Stock
2025-08-29,2876.954833984375,429391744,1235340653573.7812,ANA,9202.T,Stock
2025-09-01,2887.1240234375,429391744,1239707219568.125,ANA,9202.T,Stock
2025-09-02,2890.513916015625,429391744,1241162811454.2188,ANA,9202.T,Stock
2025-09-03,2887.1240234375,429391744,1239707219568.125,ANA,9202.T,Stock
2025-09-04,2899.714599609375,429391744,1245113509028.5312,ANA,9202.T,Stock
2025-09-05,2868.238037109375,429391744,1231597732961.5312,ANA,9202.T,Stock
2025-09-08,2873.08056640625,429391744,1233677075061.6875,ANA,9202.T,Stock
2025-09-09,2873.08056640625,429391744,1233677075061.6875,ANA,9202.T,Stock
2025-09-10,2899.23046875,429391744,1244905627234.5,ANA,9202.T,Stock
2025-09-11,2876.470458984375,429391744,1235132666947.7812,ANA,9202.T,Stock
2025-09-12,2867.753662109375,429391744,1231389746335.5312,ANA,9202.T,Stock
2025-09-16,2858.06884765625,429391744,1227231166967.1875,ANA,9202.T,Stock
2025-09-17,2871.1435546875,429391744,1232845338221.625,ANA,9202.T,Stock
2025-09-18,2841.1201171875,429391744,1219953522032.625,ANA,9202.T,Stock
2025-09-19,2814.001708984375,429391744,1208309101439.7812,ANA,9202.T,Stock
2025-09-22,2790.273193359375,429391744,1198120272733.0312,ANA,9202.T,Stock
2025-09-24,2818.84423828125,429391744,1210388443539.9375,ANA,9202.T,Stock
2025-09-25,2815.454345703125,429391744,1208932851653.8438,ANA,9202.T,Stock
2025-09-26,2831.9189453125,429391744,1216002614794.375,ANA,9202.T,Stock
2025-09-29,2781.556640625,429391744,1194377456952.75,ANA,9202.T,Stock
2025-09-30,2770.903076171875,429391744,1189802904332.4062,ANA,9202.T,Stock
2025-10-01,2740.39501953125,429391744,1176702996685.4375,ANA,9202.T,Stock
2025-10-02,2689.54833984375,429391744,1154869852217.8125,ANA,9202.T,Stock
2025-10-03,2723.446044921875,429391744,1169425246918.9062,ANA,9202.T,Stock
2025-10-06,2723.446044921875,429391744,1169425246918.9062,ANA,9202.T,Stock
2025-10-07,2756.37548828125,429391744,1183564878031.9375,ANA,9202.T,Stock
2025-10-08,2731.194091796875,429391744,1172752194279.1562,ANA,9202.T,Stock
2025-10-09,2717.635009765625,429391744,1166930036398.7188,ANA,9202.T,Stock
2025-10-10,2706.012939453125,429391744,1161939615358.3438,ANA,9202.T,Stock
2025-10-14,2686.158447265625,429391744,1153414260331.7188,ANA,9202.T,Stock
2025-10-15,2721.509033203125,429391744,1168593510078.8438,ANA,9202.T,Stock
2025-10-16,2726.8359375,429391744,1170880838805.0,ANA,9202.T,Stock
2025-10-17,2714.7294921875,429391744,1165682431138.625,ANA,9202.T,Stock
2025-10-20,2729.741455078125,429391744,1172128444065.0938,ANA,9202.T,Stock
2025-10-21,2750.564453125,429391744,1181069667511.75,ANA,9202.T,Stock
2025-10-22,2763.63916015625,429391744,1186683838766.1875,ANA,9202.T,Stock
2025-10-23,2747.658935546875,429391744,1179822062251.6562,ANA,9202.T,Stock
2025-10-24,2736.03662109375,429391744,1174831536379.3125,ANA,9202.T,Stock
2025-10-27,2752.01708984375,429391744,1181693417725.8125,ANA,9202.T,Stock
2025-10-28,2761.218017578125,429391744,1185644220132.0938,ANA,9202.T,Stock
2025-10-29,2690.516845703125,429391744,1155285720637.8438,ANA,9202.T,Stock
2025-10-30,2689.06396484375,429391744,1154661865591.8125,ANA,9202.T,Stock
2025-10-31,2798.021240234375,429391744,1201447220093.2812,ANA,9202.T,Stock
2025-11-04,2854.678955078125,429391744,1225775575081.0938,ANA,9202.T,Stock
2025-11-05,2772.83984375,429391744,1190634536340.5,ANA,9202.T,Stock
2025-11-06,2790.757568359375,429391744,1198328259359.0312,ANA,9202.T,Stock
2025-11-07,2787.36767578125,429391744,1196872667472.9375,ANA,9202.T,Stock
2025-11-10,2787.85205078125,429391744,1197080654098.9375,ANA,9202.T,Stock
2025-11-11,2924.89599609375,429391744,1255926192781.3125,ANA,9202.T,Stock
2025-11-12,2939.42333984375,429391744,1262164114249.8125,ANA,9202.T,Stock
2025-11-13,2954.919677734375,429391744,1268818113802.2812,ANA,9202.T,Stock
2025-11-14,2948.14013671875,429391744,1265907034862.0625,ANA,9202.T,Stock
2025-11-17,2849.35205078125,429391744,1223488246354.9375,ANA,9202.T,Stock
2025-11-18,2813.517333984375,429391744,1208101114813.7812,ANA,9202.T,Stock
2025-11-19,2824.6552734375,429391744,1212883654060.125,ANA,9202.T,Stock
2025-11-20,2825.1396484375,429391744,1213091640686.125,ANA,9202.T,Stock
2025-11-21,2848.8681640625,429391744,1223280469392.875,ANA,9202.T,Stock
2025-11-25,2832.8876953125,429391744,1216418588046.375,ANA,9202.T,Stock
2025-11-26,2863.8798828125,429391744,1229726377487.375,ANA,9202.T,Stock
2025-11-27,2861.94287109375,429391744,1228894640647.3125,ANA,9202.T,Stock
2025-11-28,2853.710693359375,429391744,1225359811493.0312,ANA,9202.T,Stock
2025-12-01,2830.950439453125,429391744,1215586746374.3438,ANA,9202.T,Stock
2025-12-02,2848.3837890625,429391744,1223072482766.875,ANA,9202.T,Stock
2025-12-03,2811.09619140625,429391744,1207061496179.6875,ANA,9202.T,Stock
2025-12-04,2829.497802734375,429391744,1214962996160.2812,ANA,9202.T,Stock
2025-12-05,2788.8203125,429391744,1197496417687.0,ANA,9202.T,Stock
2025-12-08,2791.725830078125,429391744,1198744022947.0938,ANA,9202.T,Stock
2025-12-09,2768.481689453125,429391744,1188763180866.3438,ANA,9202.T,Stock
2025-12-10,2765.091796875,429391744,1187307588980.25,ANA,9202.T,Stock
2025-12-11,2754.438232421875,429391744,1182733036359.9062,ANA,9202.T,Stock
2025-12-12,2798.505615234375,429391744,1201655206719.2812,ANA,9202.T,Stock
2025-12-15,2805.28515625,429391744,1204566285659.5,ANA,9202.T,Stock
2025-12-16,2873.08056640625,429391744,1233677075061.6875,ANA,9202.T,Stock
2025-12-17,2876.954833984375,429391744,1235340653573.7812,ANA,9202.T,Stock
2025-12-18,2926.8330078125,429391744,1256757929621.375,ANA,9202.T,Stock
2025-12-19,2953.951171875,429391744,1268402245382.25,ANA,9202.T,Stock
2025-12-22,2899.23046875,429391744,1244905627234.5,ANA,9202.T,Stock
2025-12-23,2947.171630859375,429391744,1265491166442.0312,ANA,9202.T,Stock
2025-12-24,2901.65185546875,429391744,1245945350700.5625,ANA,9202.T,Stock
2025-12-25,2903.1044921875,429391744,1246569100914.625,ANA,9202.T,Stock
2025-12-26,2897.29345703125,429391744,1244073890394.4375,ANA,9202.T,Stock
2025-12-29,2897.777587890625,429391744,1244281772188.4688,ANA,9202.T,Stock
2025-12-30,2885.18701171875,429391744,1238875482728.0625,ANA,9202.T,Stock
2026-01-05,2907.462646484375,429391744,1248440456388.7812,ANA,9202.T,Stock
2026-01-06,2946.203125,429391744,1265075298022.0,ANA,9202.T,Stock
2026-01-07,2937.486572265625,429391744,1261332482241.7188,ANA,9202.T,Stock
2026-01-08,2974.289794921875,429391744,1277135482202.9062,ANA,9202.T,Stock
2026-01-09,2992.69140625,429391744,1285036982183.5,ANA,9202.T,Stock
2026-01-13,2952.01416015625,429391744,1267570508542.1875,ANA,9202.T,Stock
2026-01-14,2969.447265625,429391744,1275056140102.75,ANA,9202.T,Stock
2026-01-15,2953.951171875,429391744,1268402245382.25,ANA,9202.T,Stock
2026-01-16,2949.108642578125,429391744,1266322903282.0938,ANA,9202.T,Stock
2026-01-19,2958.793701171875,429391744,1270481587482.4062,ANA,9202.T,Stock
2026-01-20,2998.502685546875,429391744,1287532297535.6562,ANA,9202.T,Stock
2026-01-21,2949.108642578125,429391744,1266322903282.0938,ANA,9202.T,Stock
2026-01-22,2966.541748046875,429391744,1273808534842.6562,ANA,9202.T,Stock
2026-01-23,2951.045654296875,429391744,1267154640122.1562,ANA,9202.T,Stock
2026-01-26,2954.919677734375,429391744,1268818113802.2812,ANA,9202.T,Stock
2026-01-27,2905.525634765625,429391744,1247608719548.7188,ANA,9202.T,Stock
2026-01-28,2866.785400390625,429391744,1230973982747.4688,ANA,9202.T,Stock
2026-01-29,2848.8681640625,429391744,1223280469392.875,ANA,9202.T,Stock
2026-01-30,2910.3681640625,429391744,1249688061648.875,ANA,9202.T,Stock
2026-02-02,3010.12451171875,429391744,1292522613744.0625,ANA,9202.T,Stock
2026-02-03,3071.140625,429391744,1318722429038.0,ANA,9202.T,Stock
2026-02-04,3137.9677734375,429391744,1347417454852.125,ANA,9202.T,Stock
2026-02-05,3190.267333984375,429391744,1369874454365.7812,ANA,9202.T,Stock
2026-02-06,3215.448486328125,429391744,1380687033286.5938,ANA,9202.T,Stock
2026-02-09,3240.629638671875,429391744,1391499612207.4062,ANA,9202.T,Stock
2026-02-10,3229.97607421875,429391744,1386925059587.0625,ANA,9202.T,Stock
2026-02-12,3202.857666015625,429391744,1375280638994.2188,ANA,9202.T,Stock
2026-02-13,3239.6611328125,429391744,1391083743787.375,ANA,9202.T,Stock
2026-02-16,3223.196533203125,429391744,1384013980646.8438,ANA,9202.T,Stock
2026-02-17,3264.842529296875,429391744,1401896427540.1562,ANA,9202.T,Stock
2026-02-18,3278.401611328125,429391744,1407718585420.5938,ANA,9202.T,Stock
2026-02-19,3287.117919921875,429391744,1411461296368.9062,ANA,9202.T,Stock
2026-02-20,3199.9521484375,429391744,1374033033734.125,ANA,9202.T,Stock
2026-02-24,3226.102294921875,429391744,1385261690738.9062,ANA,9202.T,Stock
2026-02-25,3244.50390625,429391744,1393163190719.5,ANA,9202.T,Stock
2026-02-26,3262.905517578125,429391744,1401064690700.0938,ANA,9202.T,Stock
2026-02-27,3295.834716796875,429391744,1415204216981.1562,ANA,9202.T,Stock
2026-03-02,3119.566162109375,429391744,1339515954871.5312,ANA,9202.T,Stock
2026-03-03,3016.904296875,429391744,1295433797516.25,ANA,9202.T,Stock
2026-03-04,2993.66015625,429391744,1285452955435.5,ANA,9202.T,Stock
2026-03-05,2974.289794921875,429391744,1277135482202.9062,ANA,9202.T,Stock
2026-03-06,2961.69921875,429391744,1271729192742.5,ANA,9202.T,Stock
2026-03-09,2870.659423828125,429391744,1232637456427.5938,ANA,9202.T,Stock
2026-03-10,2883.734130859375,429391744,1238251627682.0312,ANA,9202.T,Stock
2026-03-11,2924.89599609375,429391744,1255926192781.3125,ANA,9202.T,Stock
2026-03-12,2903.588623046875,429391744,1246776982708.6562,ANA,9202.T,Stock
2026-03-13,2844.025390625,429391744,1221201022460.75,ANA,9202.T,Stock
2026-03-16,2824.1708984375,429391744,1212675667434.125,ANA,9202.T,Stock
2026-03-17,2860.974365234375,429391744,1228478772227.2812,ANA,9202.T,Stock
2026-03-18,2934.5810546875,429391744,1260084876981.625,ANA,9202.T,Stock
2026-03-19,2800.442626953125,429391744,1202486943559.3438,ANA,9202.T,Stock
2026-03-23,2790.757568359375,429391744,1198328259359.0312,ANA,9202.T,Stock
2026-03-24,2842.08837890625,429391744,1220369285620.6875,ANA,9202.T,Stock
2026-03-25,2886.155517578125,429391744,1239291351148.0938,ANA,9202.T,Stock
2026-03-26,2893.90380859375,429391744,1242618403340.3125,ANA,9202.T,Stock
2026-03-27,2889.06103515625,429391744,1240538956408.1875,ANA,9202.T,Stock
2026-03-30,2836.091552734375,429391744,1217794297972.2812,ANA,9202.T,Stock
2026-03-31,2776.191650390625,429391744,1192073774439.4688,ANA,9202.T,Stock
2026-04-01,2881.635498046875,429391744,1237350492078.6562,ANA,9202.T,Stock
2026-04-02,2889.55615234375,429391744,1240751555640.8125,ANA,9202.T,Stock
2026-04-03,2913.813232421875,429391744,1251167345559.9062,ANA,9202.T,Stock
2026-04-06,2898.466796875,429391744,1244577712836.25,ANA,9202.T,Stock
2026-04-07,2871.734619140625,429391744,1233099136417.9688,ANA,9202.T,Stock
2026-04-08,2954.406494140625,429391744,1268597757003.9688,ANA,9202.T,Stock
2026-04-09,2861.3388671875,429391744,1228635286356.625,ANA,9202.T,Stock
2026-04-10,2867.7744140625,429391744,1231398657052.875,ANA,9202.T,Stock
2026-04-13,2825.69580078125,429391744,1213330447910.9375,ANA,9202.T,Stock
2026-04-14,2828.1708984375,429391744,1214393234410.125,ANA,9202.T,Stock
2026-04-15,2845.992431640625,429391744,1222045653632.9688,ANA,9202.T,Stock
2026-04-16,2830.151123046875,429391744,1215243526508.6562,ANA,9202.T,Stock
2026-04-17,2793.023193359375,429391744,1199301100029.0312,ANA,9202.T,Stock
2026-04-20,2853.418212890625,429391744,1225234222794.4688,ANA,9202.T,Stock
2026-04-21,2824.210693359375,429391744,1212692755045.0312,ANA,9202.T,Stock
2026-04-22,2794.01318359375,429391744,1199726193662.3125,ANA,9202.T,Stock
2026-04-23,2687.084228515625,429391744,1153811783157.2188,ANA,9202.T,Stock
2026-04-24,2670.2529296875,429391744,1146584562399.625,ANA,9202.T,Stock
2026-04-27,2640.55029296875,429391744,1133830495417.5625,ANA,9202.T,Stock
2026-04-28,2602.92724609375,429391744,1117675469705.3125,ANA,9202.T,Stock
2026-04-30,2575.699951171875,429391744,1105984294054.4062,ANA,9202.T,Stock
2026-05-01,2682.62890625,429391744,1151898704559.5,ANA,9202.T,Stock
2026-05-07,2820.250244140625,429391744,1210992170847.9688,ANA,9202.T,Stock
2026-05-08,2809.8544921875,429391744,1206528320786.625,ANA,9202.T,Stock
2026-05-11,2800.44873046875,429391744,1202489564358.5625,ANA,9202.T,Stock
2026-05-12,2761.83544921875,429391744,1185909340181.0625,ANA,9202.T,Stock
2026-05-13,2738.073486328125,429391744,1175706149494.5938,ANA,9202.T,Stock
2026-05-14,2741.538818359375,429391744,1177194134459.0312,ANA,9202.T,Stock
2026-05-15,2717.77685546875,429391744,1166990943772.5625,ANA,9202.T,Stock
2026-05-18,2690.054443359375,429391744,1155087168889.0312,ANA,9202.T,Stock
2026-05-19,2718.766845703125,429391744,1167416037405.8438,ANA,9202.T,Stock
2026-05-20,2690.054443359375,429391744,1155087168889.0312,ANA,9202.T,Stock
2026-05-21,2757.380126953125,429391744,1183996261583.3438,ANA,9202.T,Stock
2026-05-22,2756.39013671875,429391744,1183571167950.0625,ANA,9202.T,Stock
2026-05-25,2845.992431640625,429391744,1222045653632.9688,ANA,9202.T,Stock
2026-05-26,2860.84375,429391744,1228422687124.0,ANA,9202.T,Stock
2026-05-27,2854.408203125,429391744,1225659316427.75,ANA,9202.T,Stock
2026-05-28,2857.37841796875,429391744,1226934702159.5625,ANA,9202.T,Stock
2026-05-29,2958.86181640625,429391744,1270510835601.6875,ANA,9202.T,Stock
2026-06-01,2886.5859375,429391744,1239476169909.0,ANA,9202.T,Stock
2026-06-02,2817.775146484375,429391744,1209929384348.7812,ANA,9202.T,Stock
2026-06-03,2801.933837890625,429391744,1203127257224.4688,ANA,9202.T,Stock
2026-06-04,2787.57763671875,429391744,1196962822966.0625,ANA,9202.T,Stock
2026-06-05,2811.834716796875,429391744,1207378612885.1562,ANA,9202.T,Stock
2026-06-08,2771.2412109375,429391744,1189948096609.125,ANA,9202.T,Stock
2026-06-09,2748.96435546875,429391744,1180382598788.5625,ANA,9202.T,Stock
2026-06-10,2795.003173828125,429391744,1200151287295.5938,ANA,9202.T,Stock
2026-06-11,2776.686767578125,429391744,1192286373672.0938,ANA,9202.T,Stock
2026-06-12,2810.844482421875,429391744,1206953414419.9062,ANA,9202.T,Stock
2026-06-15,2980.148681640625,429391744,1279651239788.9688,ANA,9202.T,Stock
2026-06-16,3012.821533203125,429391744,1293680692502.8438,ANA,9202.T,Stock
2026-06-17,3002.920654296875,429391744,1289429336842.1562,ANA,9202.T,Stock
2026-06-18,2966.28759765625,429391744,1273699404763.1875,ANA,9202.T,Stock
2026-06-19,2931.634521484375,429391744,1258819659950.7812,ANA,9202.T,Stock
2026-06-22,2905.3974609375,429391744,1247553682765.125,ANA,9202.T,Stock
2026-06-23,2891.041259765625,429391744,1241389248506.7188,ANA,9202.T,Stock
2026-06-24,2922.723876953125,429391744,1254993502755.3438,ANA,9202.T,Stock
2026-06-25,2962.3271484375,429391744,1271998820566.125,ANA,9202.T,Stock
2026-06-26,2970.247802734375,429391744,1275399884128.2812,ANA,9202.T,Stock
2026-06-29,2969.2578125,429391744,1274974790495.0,ANA,9202.T,Stock
2026-06-30,2938.565185546875,429391744,1261795629879.6562,ANA,9202.T,Stock
2026-07-01,2927.17919921875,429391744,1256906581353.0625,ANA,9202.T,Stock
2026-07-02,3052.4248046875,429391744,1310686010313.625,ANA,9202.T,Stock
2026-07-03,3108.859375,429391744,1334918548882.0,ANA,9202.T,Stock
2026-07-06,3148.462646484375,429391744,1351923866692.7812,ANA,9202.T,Stock
2026-07-07,3132.621337890625,429391744,1345121739568.4688,ANA,9202.T,Stock
2026-07-08,3097.968505859375,429391744,1330242099588.0312,ANA,9202.T,Stock
2026-07-09,3022.72216796875,429391744,1297931943331.5625,ANA,9202.T,Stock
2026-07-10,2986.089111328125,429391744,1282202011252.5938,ANA,9202.T,Stock
2026-07-13,2985.09912109375,429391744,1281776917619.3125,ANA,9202.T,Stock
2026-07-14,3012.821533203125,429391744,1293680692502.8438,ANA,9202.T,Stock
2026-07-15,2974.208251953125,429391744,1277100468325.3438,ANA,9202.T,Stock
2026-07-16,2968.7626953125,429391744,1274762191262.375,ANA,9202.T,Stock
2026-07-17,2996.97998046875,429391744,1286878460546.5625,ANA,9202.T,Stock
2026-07-21,3021.732177734375,429391744,1297506849698.2812,ANA,9202.T,Stock
2026-07-22,2977.178466796875,429391744,1278375854057.1562,ANA,9202.T,Stock
2026-07-23,2963.3173828125,429391744,1272424019031.375,ANA,9202.T,Stock
2026-07-24,2921.73388671875,429391744,1254568409122.0625,ANA,9202.T,Stock
2026-07-27,3050.444580078125,429391744,1309835718215.0938,ANA,9202.T,Stock
2026-07-28,3108.859375,429391744,1334918548882.0,ANA,9202.T,Stock
2026-07-29,3189.05615234375,429391744,1369354382968.8125,ANA,9202.T,Stock
2026-07-30,3121.73046875,429391744,1340445290274.5,ANA,9202.T,Stock
2026-07-31,3085.097412109375,429391744,1324715358195.5312,ANA,9202.T,Stock
2026-08-03,3097.968505859375,429391744,1330242099588.0312,ANA,9202.T,Stock
2026-08-04,3069.256103515625,429391744,1317913231071.2188,ANA,9202.T,Stock
2026-08-05,3119.750244140625,429391744,1339594998175.9688,ANA,9202.T,Stock
2026-08-06,3132.621337890625,429391744,1345121739568.4688,ANA,9202.T,Stock
2026-08-07,3108.859375,429391744,1334918548882.0,ANA,9202.T,Stock
2026-08-10,3074.20654296875,429391744,1320038908901.5625,ANA,9202.T,Stock
2026-08-12,3047.474365234375,429391744,1308560332483.2812,ANA,9202.T,Stock
2026-08-13,3057.375244140625,429391744,1312811688143.9688,ANA,9202.T,Stock
2026-08-14,3094.998291015625,429391744,1328966713856.2188,ANA,9202.T,Stock
2026-08-17,3057.375244140625,429391744,1312811688143.9688,ANA,9202.T,Stock
2026-08-18,3009.85107421875,429391744,1292405201939.0625,ANA,9202.T,Stock
2026-08-19,2995.989990234375,429391744,1286453366913.2812,ANA,9202.T,Stock
2026-08-20,3012.821533203125,429391744,1293680692502.8438,ANA,9202.T,Stock
2026-08-21,3009.85107421875,429391744,1292405201939.0625,ANA,9202.T,Stock
2026-08-24,3009.85107421875,429391744,1292405201939.0625,ANA,9202.T,Stock
2026-08-25,3019.751953125,429391744,1296656557599.75,ANA,9202.T,Stock
2026-08-26,3046.484130859375,429391744,1308135134018.0312,ANA,9202.T,Stock
2026-08-27,3027.672607421875,429391744,1300057621161.9062,ANA,9202.T,Stock
2026-08-28,3037.573486328125,429391744,1304308976822.5938,ANA,9202.T,Stock
2026-08-31,3008.861083984375,429391744,1291980108305.7812,ANA,9202.T,Stock
2026-09-01,3006.880859375,429391744,1291129816207.25,ANA,9202.T,Stock
2026-09-02,2913.813232421875,429391744,1251167345559.9062,ANA,9202.T,Stock
2026-09-03,2947.47607421875,429391744,1265621891907.0625,ANA,9202.T,Stock
2026-09-04,2969.7529296875,429391744,1275187389727.625,ANA,9202.T,Stock
2026-09-07,2953.91162109375,429391744,1268385262603.3125,ANA,9202.T,Stock
2026-09-08,2961.832275390625,429391744,1271786326165.4688,ANA,9202.T,Stock
2026-09-09,2921.73388671875,429391744,1254568409122.0625,ANA,9202.T,Stock
2026-09-10,2934.10986328125,429391744,1259882551281.9375,ANA,9202.T,Stock
2026-09-11,2905.892578125,429391744,1247766281997.75,ANA,9202.T,Stock
2026-09-14,2944.0107421875,429391744,1264133906942.625,ANA,9202.T,Stock
2026-09-15,2946.48583984375,429391744,1265196693441.8125,ANA,9202.T,Stock
2026-09-16,2914.30810546875,429391744,1251379839960.5625,ANA,9202.T,Stock
2026-09-17,2970.247802734375,429391744,1275399884128.2812,ANA,9202.T,Stock
2026-09-18,2951.931396484375,429391744,1267534970504.7812,ANA,9202.T,Stock
2026-09-24,2982.12890625,429391744,1280501531887.5,ANA,9202.T,Stock
2026-09-25,3014.801513671875,429391744,1294530879769.4062,ANA,9202.T,Stock
2026-09-28,2995.0,429391744,1286028273280.0,ANA,9202.T,Stock
2026-09-29,2950.0,429391744,1266705644800.0,ANA,9202.T,Stock
2026-09-30,3001.0,429391744,1288604623744.0,ANA,9202.T,Stock
2021-09-30,29452.66015625,,,Nikkei225,^N225,Market
2021-10-01,28771.0703125,,,Nikkei225,^N225,Market
2021-10-04,28444.890625,,,Nikkei225,^N225,Market
2021-10-05,27822.119140625,,,Nikkei225,^N225,Market
2021-10-06,27528.869140625,,,Nikkei225,^N225,Market
2021-10-07,27678.2109375,,,Nikkei225,^N225,Market
2021-10-08,28048.939453125,,,Nikkei225,^N225,Market
2021-10-11,28498.19921875,,,Nikkei225,^N225,Market
2021-10-12,28230.609375,,,Nikkei225,^N225,Market
2021-10-13,28140.279296875,,,Nikkei225,^N225,Market
2021-10-14,28550.9296875,,,Nikkei225,^N225,Market
2021-10-15,29068.630859375,,,Nikkei225,^N225,Market
2021-10-18,29025.4609375,,,Nikkei225,^N225,Market
2021-10-19,29215.51953125,,,Nikkei225,^N225,Market
2021-10-20,29255.55078125,,,Nikkei225,^N225,Market
2021-10-21,28708.580078125,,,Nikkei225,^N225,Market
2021-10-22,28804.849609375,,,Nikkei225,^N225,Market
2021-10-25,28600.41015625,,,Nikkei225,^N225,Market
2021-10-26,29106.009765625,,,Nikkei225,^N225,Market
2021-10-27,29098.240234375,,,Nikkei225,^N225,Market
2021-10-28,28820.08984375,,,Nikkei225,^N225,Market
2021-10-29,28892.689453125,,,Nikkei225,^N225,Market
2021-11-01,29647.080078125,,,Nikkei225,^N225,Market
2021-11-02,29520.900390625,,,Nikkei225,^N225,Market
2021-11-04,29794.369140625,,,Nikkei225,^N225,Market
2021-11-05,29611.5703125,,,Nikkei225,^N225,Market
2021-11-08,29507.05078125,,,Nikkei225,^N225,Market
2021-11-09,29285.4609375,,,Nikkei225,^N225,Market
2021-11-10,29106.779296875,,,Nikkei225,^N225,Market
2021-11-11,29277.859375,,,Nikkei225,^N225,Market
2021-11-12,29609.970703125,,,Nikkei225,^N225,Market
2021-11-15,29776.80078125,,,Nikkei225,^N225,Market
2021-11-16,29808.119140625,,,Nikkei225,^N225,Market
2021-11-17,29688.330078125,,,Nikkei225,^N225,Market
2021-11-18,29598.66015625,,,Nikkei225,^N225,Market
2021-11-19,29745.869140625,,,Nikkei225,^N225,Market
2021-11-22,29774.109375,,,Nikkei225,^N225,Market
2021-11-24,29302.66015625,,,Nikkei225,^N225,Market
2021-11-25,29499.279296875,,,Nikkei225,^N225,Market
2021-11-26,28751.619140625,,,Nikkei225,^N225,Market
2021-11-29,28283.919921875,,,Nikkei225,^N225,Market
2021-11-30,27821.759765625,,,Nikkei225,^N225,Market
2021-12-01,27935.619140625,,,Nikkei225,^N225,Market
2021-12-02,27753.369140625,,,Nikkei225,^N225,Market
2021-12-03,28029.5703125,,,Nikkei225,^N225,Market
2021-12-06,27927.369140625,,,Nikkei225,^N225,Market
2021-12-07,28455.599609375,,,Nikkei225,^N225,Market
2021-12-08,28860.619140625,,,Nikkei225,^N225,Market
2021-12-09,28725.470703125,,,Nikkei225,^N225,Market
2021-12-10,28437.76953125,,,Nikkei225,^N225,Market
2021-12-13,28640.490234375,,,Nikkei225,^N225,Market
2021-12-14,28432.640625,,,Nikkei225,^N225,Market
2021-12-15,28459.720703125,,,Nikkei225,^N225,Market
2021-12-16,29066.3203125,,,Nikkei225,^N225,Market
2021-12-17,28545.6796875,,,Nikkei225,^N225,Market
2021-12-20,27937.810546875,,,Nikkei225,^N225,Market
2021-12-21,28517.58984375,,,Nikkei225,^N225,Market
2021-12-22,28562.2109375,,,Nikkei225,^N225,Market
2021-12-23,28798.369140625,,,Nikkei225,^N225,Market
2021-12-24,28782.58984375,,,Nikkei225,^N225,Market
2021-12-27,28676.4609375,,,Nikkei225,^N225,Market
2021-12-28,29069.16015625,,,Nikkei225,^N225,Market
2021-12-29,28906.880859375,,,Nikkei225,^N225,Market
2021-12-30,28791.7109375,,,Nikkei225,^N225,Market
2022-01-04,29301.7890625,,,Nikkei225,^N225,Market
2022-01-05,29332.16015625,,,Nikkei225,^N225,Market
2022-01-06,28487.869140625,,,Nikkei225,^N225,Market
2022-01-07,28478.560546875,,,Nikkei225,^N225,Market
2022-01-11,28222.48046875,,,Nikkei225,^N225,Market
2022-01-12,28765.66015625,,,Nikkei225,^N225,Market
2022-01-13,28489.130859375,,,Nikkei225,^N225,Market
2022-01-14,28124.279296875,,,Nikkei225,^N225,Market
2022-01-17,28333.51953125,,,Nikkei225,^N225,Market
2022-01-18,28257.25,,,Nikkei225,^N225,Market
2022-01-19,27467.23046875,,,Nikkei225,^N225,Market
2022-01-20,27772.9296875,,,Nikkei225,^N225,Market
2022-01-21,27522.259765625,,,Nikkei225,^N225,Market
2022-01-24,27588.369140625,,,Nikkei225,^N225,Market
2022-01-25,27131.33984375,,,Nikkei225,^N225,Market
2022-01-26,27011.330078125,,,Nikkei225,^N225,Market
2022-01-27,26170.30078125,,,Nikkei225,^N225,Market
2022-01-28,26717.33984375,,,Nikkei225,^N225,Market
2022-01-31,27001.98046875,,,Nikkei225,^N225,Market
2022-02-01,27078.48046875,,,Nikkei225,^N225,Market
2022-02-02,27533.599609375,,,Nikkei225,^N225,Market
2022-02-03,27241.310546875,,,Nikkei225,^N225,Market
2022-02-04,27439.990234375,,,Nikkei225,^N225,Market
2022-02-07,27248.869140625,,,Nikkei225,^N225,Market
2022-02-08,27284.51953125,,,Nikkei225,^N225,Market
2022-02-09,27579.869140625,,,Nikkei225,^N225,Market
2022-02-10,27696.080078125,,,Nikkei225,^N225,Market
2022-02-14,27079.58984375,,,Nikkei225,^N225,Market
2022-02-15,26865.189453125,,,Nikkei225,^N225,Market
2022-02-16,27460.400390625,,,Nikkei225,^N225,Market
2022-02-17,27232.869140625,,,Nikkei225,^N225,Market
2022-02-18,27122.0703125,,,Nikkei225,^N225,Market
2022-02-21,26910.869140625,,,Nikkei225,^N225,Market
2022-02-22,26449.609375,,,Nikkei225,^N225,Market
2022-02-24,25970.8203125,,,Nikkei225,^N225,Market
2022-02-25,26476.5,,,Nikkei225,^N225,Market
2022-02-28,26526.8203125,,,Nikkei225,^N225,Market
2022-03-01,26844.720703125,,,Nikkei225,^N225,Market
2022-03-02,26393.029296875,,,Nikkei225,^N225,Market
2022-03-03,26577.26953125,,,Nikkei225,^N225,Market
2022-03-04,25985.470703125,,,Nikkei225,^N225,Market
2022-03-07,25221.41015625,,,Nikkei225,^N225,Market
2022-03-08,24790.94921875,,,Nikkei225,^N225,Market
2022-03-09,24717.529296875,,,Nikkei225,^N225,Market
2022-03-10,25690.400390625,,,Nikkei225,^N225,Market
2022-03-11,25162.779296875,,,Nikkei225,^N225,Market
2022-03-14,25307.849609375,,,Nikkei225,^N225,Market
2022-03-15,25346.48046875,,,Nikkei225,^N225,Market
2022-03-16,25762.009765625,,,Nikkei225,^N225,Market
2022-03-17,26652.890625,,,Nikkei225,^N225,Market
2022-03-18,26827.4296875,,,Nikkei225,^N225,Market
2022-03-22,27224.109375,,,Nikkei225,^N225,Market
2022-03-23,28040.16015625,,,Nikkei225,^N225,Market
2022-03-24,28110.390625,,,Nikkei225,^N225,Market
2022-03-25,28149.83984375,,,Nikkei225,^N225,Market
2022-03-28,27943.890625,,,Nikkei225,^N225,Market
2022-03-29,28252.419921875,,,Nikkei225,^N225,Market
2022-03-30,28027.25,,,Nikkei225,^N225,Market
2022-03-31,27821.4296875,,,Nikkei225,^N225,Market
2022-04-01,27665.98046875,,,Nikkei225,^N225,Market
2022-04-04,27736.470703125,,,Nikkei225,^N225,Market
2022-04-05,27787.98046875,,,Nikkei225,^N225,Market
2022-04-06,27350.30078125,,,Nikkei225,^N225,Market
2022-04-07,26888.5703125,,,Nikkei225,^N225,Market
2022-04-08,26985.80078125,,,Nikkei225,^N225,Market
2022-04-11,26821.51953125,,,Nikkei225,^N225,Market
2022-04-12,26334.98046875,,,Nikkei225,^N225,Market
2022-04-13,26843.490234375,,,Nikkei225,^N225,Market
2022-04-14,27172.0,,,Nikkei225,^N225,Market
2022-04-15,27093.189453125,,,Nikkei225,^N225,Market
2022-04-18,26799.7109375,,,Nikkei225,^N225,Market
2022-04-19,26985.08984375,,,Nikkei225,^N225,Market
2022-04-20,27217.849609375,,,Nikkei225,^N225,Market
2022-04-21,27553.060546875,,,Nikkei225,^N225,Market
2022-04-22,27105.259765625,,,Nikkei225,^N225,Market
2022-04-25,26590.779296875,,,Nikkei225,^N225,Market
2022-04-26,26700.109375,,,Nikkei225,^N225,Market
2022-04-27,26386.630859375,,,Nikkei225,^N225,Market
2022-04-28,26847.900390625,,,Nikkei225,^N225,Market
2022-05-02,26818.529296875,,,Nikkei225,^N225,Market
2022-05-06,27003.560546875,,,Nikkei225,^N225,Market
2022-05-09,26319.33984375,,,Nikkei225,^N225,Market
2022-05-10,26167.099609375,,,Nikkei225,^N225,Market
2022-05-11,26213.640625,,,Nikkei225,^N225,Market
2022-05-12,25748.720703125,,,Nikkei225,^N225,Market
2022-05-13,26427.650390625,,,Nikkei225,^N225,Market
2022-05-16,26547.05078125,,,Nikkei225,^N225,Market
2022-05-17,26659.75,,,Nikkei225,^N225,Market
2022-05-18,26911.19921875,,,Nikkei225,^N225,Market
2022-05-19,26402.83984375,,,Nikkei225,^N225,Market
2022-05-20,26739.029296875,,,Nikkei225,^N225,Market
2022-05-23,27001.51953125,,,Nikkei225,^N225,Market
2022-05-24,26748.140625,,,Nikkei225,^N225,Market
2022-05-25,26677.80078125,,,Nikkei225,^N225,Market
2022-05-26,26604.83984375,,,Nikkei225,^N225,Market
2022-05-27,26781.6796875,,,Nikkei225,^N225,Market
2022-05-30,27369.4296875,,,Nikkei225,^N225,Market
2022-05-31,27279.80078125,,,Nikkei225,^N225,Market
2022-06-01,27457.890625,,,Nikkei225,^N225,Market
2022-06-02,27413.880859375,,,Nikkei225,^N225,Market
2022-06-03,27761.5703125,,,Nikkei225,^N225,Market
2022-06-06,27915.890625,,,Nikkei225,^N225,Market
2022-06-07,27943.94921875,,,Nikkei225,^N225,Market
2022-06-08,28234.2890625,,,Nikkei225,^N225,Market
2022-06-09,28246.529296875,,,Nikkei225,^N225,Market
2022-06-10,27824.2890625,,,Nikkei225,^N225,Market
2022-06-13,26987.439453125,,,Nikkei225,^N225,Market
2022-06-14,26629.859375,,,Nikkei225,^N225,Market
2022-06-15,26326.16015625,,,Nikkei225,^N225,Market
2022-06-16,26431.19921875,,,Nikkei225,^N225,Market
2022-06-17,25963.0,,,Nikkei225,^N225,Market
2022-06-20,25771.220703125,,,Nikkei225,^N225,Market
2022-06-21,26246.310546875,,,Nikkei225,^N225,Market
2022-06-22,26149.55078125,,,Nikkei225,^N225,Market
2022-06-23,26171.25,,,Nikkei225,^N225,Market
2022-06-24,26491.970703125,,,Nikkei225,^N225,Market
2022-06-27,26871.26953125,,,Nikkei225,^N225,Market
2022-06-28,27049.470703125,,,Nikkei225,^N225,Market
2022-06-29,26804.599609375,,,Nikkei225,^N225,Market
2022-06-30,26393.0390625,,,Nikkei225,^N225,Market
2022-07-01,25935.619140625,,,Nikkei225,^N225,Market
2022-07-04,26153.810546875,,,Nikkei225,^N225,Market
2022-07-05,26423.470703125,,,Nikkei225,^N225,Market
2022-07-06,26107.650390625,,,Nikkei225,^N225,Market
2022-07-07,26490.529296875,,,Nikkei225,^N225,Market
2022-07-08,26517.189453125,,,Nikkei225,^N225,Market
2022-07-11,26812.30078125,,,Nikkei225,^N225,Market
2022-07-12,26336.66015625,,,Nikkei225,^N225,Market
2022-07-13,26478.76953125,,,Nikkei225,^N225,Market
2022-07-14,26643.390625,,,Nikkei225,^N225,Market
2022-07-15,26788.470703125,,,Nikkei225,^N225,Market
2022-07-19,26961.6796875,,,Nikkei225,^N225,Market
2022-07-20,27680.259765625,,,Nikkei225,^N225,Market
2022-07-21,27803.0,,,Nikkei225,^N225,Market
2022-07-22,27914.66015625,,,Nikkei225,^N225,Market
2022-07-25,27699.25,,,Nikkei225,^N225,Market
2022-07-26,27655.2109375,,,Nikkei225,^N225,Market
2022-07-27,27715.75,,,Nikkei225,^N225,Market
2022-07-28,27815.48046875,,,Nikkei225,^N225,Market
2022-07-29,27801.640625,,,Nikkei225,^N225,Market
2022-08-01,27993.349609375,,,Nikkei225,^N225,Market
2022-08-02,27594.73046875,,,Nikkei225,^N225,Market
2022-08-03,27741.900390625,,,Nikkei225,^N225,Market
2022-08-04,27932.19921875,,,Nikkei225,^N225,Market
2022-08-05,28175.869140625,,,Nikkei225,^N225,Market
2022-08-08,28249.240234375,,,Nikkei225,^N225,Market
2022-08-09,27999.9609375,,,Nikkei225,^N225,Market
2022-08-10,27819.330078125,,,Nikkei225,^N225,Market
2022-08-12,28546.98046875,,,Nikkei225,^N225,Market
2022-08-15,28871.779296875,,,Nikkei225,^N225,Market
2022-08-16,28868.91015625,,,Nikkei225,^N225,Market
2022-08-17,29222.76953125,,,Nikkei225,^N225,Market
2022-08-18,28942.140625,,,Nikkei225,^N225,Market
2022-08-19,28930.330078125,,,Nikkei225,^N225,Market
2022-08-22,28794.5,,,Nikkei225,^N225,Market
2022-08-23,28452.75,,,Nikkei225,^N225,Market
2022-08-24,28313.470703125,,,Nikkei225,^N225,Market
2022-08-25,28479.009765625,,,Nikkei225,^N225,Market
2022-08-26,28641.380859375,,,Nikkei225,^N225,Market
2022-08-29,27878.9609375,,,Nikkei225,^N225,Market
2022-08-30,28195.580078125,,,Nikkei225,^N225,Market
2022-08-31,28091.529296875,,,Nikkei225,^N225,Market
2022-09-01,27661.470703125,,,Nikkei225,^N225,Market
2022-09-02,27650.83984375,,,Nikkei225,^N225,Market
2022-09-05,27619.609375,,,Nikkei225,^N225,Market
2022-09-06,27626.509765625,,,Nikkei225,^N225,Market
2022-09-07,27430.30078125,,,Nikkei225,^N225,Market
2022-09-08,28065.279296875,,,Nikkei225,^N225,Market
2022-09-09,28214.75,,,Nikkei225,^N225,Market
2022-09-12,28542.109375,,,Nikkei225,^N225,Market
2022-09-13,28614.630859375,,,Nikkei225,^N225,Market
2022-09-14,27818.619140625,,,Nikkei225,^N225,Market
2022-09-15,27875.91015625,,,Nikkei225,^N225,Market
2022-09-16,27567.650390625,,,Nikkei225,^N225,Market
2022-09-20,27688.419921875,,,Nikkei225,^N225,Market
2022-09-21,27313.130859375,,,Nikkei225,^N225,Market
2022-09-22,27153.830078125,,,Nikkei225,^N225,Market
2022-09-26,26431.55078125,,,Nikkei225,^N225,Market
2022-09-27,26571.869140625,,,Nikkei225,^N225,Market
2022-09-28,26173.98046875,,,Nikkei225,^N225,Market
2022-09-29,26422.05078125,,,Nikkei225,^N225,Market
2022-09-30,25937.2109375,,,Nikkei225,^N225,Market
2022-10-03,26215.7890625,,,Nikkei225,^N225,Market
2022-10-04,26992.2109375,,,Nikkei225,^N225,Market
2022-10-05,27120.529296875,,,Nikkei225,^N225,Market
2022-10-06,27311.30078125,,,Nikkei225,^N225,Market
2022-10-07,27116.109375,,,Nikkei225,^N225,Market
2022-10-11,26401.25,,,Nikkei225,^N225,Market
2022-10-12,26396.830078125,,,Nikkei225,^N225,Market
2022-10-13,26237.419921875,,,Nikkei225,^N225,Market
2022-10-14,27090.759765625,,,Nikkei225,^N225,Market
2022-10-17,26775.7890625,,,Nikkei225,^N225,Market
2022-10-18,27156.140625,,,Nikkei225,^N225,Market
2022-10-19,27257.380859375,,,Nikkei225,^N225,Market
2022-10-20,27006.9609375,,,Nikkei225,^N225,Market
2022-10-21,26890.580078125,,,Nikkei225,^N225,Market
2022-10-24,26974.900390625,,,Nikkei225,^N225,Market
2022-10-25,27250.279296875,,,Nikkei225,^N225,Market
2022-10-26,27431.83984375,,,Nikkei225,^N225,Market
2022-10-27,27345.240234375,,,Nikkei225,^N225,Market
2022-10-28,27105.19921875,,,Nikkei225,^N225,Market
2022-10-31,27587.4609375,,,Nikkei225,^N225,Market
2022-11-01,27678.919921875,,,Nikkei225,^N225,Market
2022-11-02,27663.390625,,,Nikkei225,^N225,Market
2022-11-04,27199.740234375,,,Nikkei225,^N225,Market
2022-11-07,27527.640625,,,Nikkei225,^N225,Market
2022-11-08,27872.109375,,,Nikkei225,^N225,Market
2022-11-09,27716.4296875,,,Nikkei225,^N225,Market
2022-11-10,27446.099609375,,,Nikkei225,^N225,Market
2022-11-11,28263.5703125,,,Nikkei225,^N225,Market
2022-11-14,27963.470703125,,,Nikkei225,^N225,Market
2022-11-15,27990.169921875,,,Nikkei225,^N225,Market
2022-11-16,28028.30078125,,,Nikkei225,^N225,Market
2022-11-17,27930.5703125,,,Nikkei225,^N225,Market
2022-11-18,27899.76953125,,,Nikkei225,^N225,Market
2022-11-21,27944.7890625,,,Nikkei225,^N225,Market
2022-11-22,28115.740234375,,,Nikkei225,^N225,Market
2022-11-24,28383.08984375,,,Nikkei225,^N225,Market
2022-11-25,28283.029296875,,,Nikkei225,^N225,Market
2022-11-28,28162.830078125,,,Nikkei225,^N225,Market
2022-11-29,28027.83984375,,,Nikkei225,^N225,Market
2022-11-30,27968.990234375,,,Nikkei225,^N225,Market
2022-12-01,28226.080078125,,,Nikkei225,^N225,Market
2022-12-02,27777.900390625,,,Nikkei225,^N225,Market
2022-12-05,27820.400390625,,,Nikkei225,^N225,Market
2022-12-06,27885.869140625,,,Nikkei225,^N225,Market
2022-12-07,27686.400390625,,,Nikkei225,^N225,Market
2022-12-08,27574.4296875,,,Nikkei225,^N225,Market
2022-12-09,27901.009765625,,,Nikkei225,^N225,Market
2022-12-12,27842.330078125,,,Nikkei225,^N225,Market
2022-12-13,27954.849609375,,,Nikkei225,^N225,Market
2022-12-14,28156.2109375,,,Nikkei225,^N225,Market
2022-12-15,28051.69921875,,,Nikkei225,^N225,Market
2022-12-16,27527.119140625,,,Nikkei225,^N225,Market
2022-12-19,27237.640625,,,Nikkei225,^N225,Market
2022-12-20,26568.029296875,,,Nikkei225,^N225,Market
2022-12-21,26387.720703125,,,Nikkei225,^N225,Market
2022-12-22,26507.869140625,,,Nikkei225,^N225,Market
2022-12-23,26235.25,,,Nikkei225,^N225,Market
2022-12-26,26405.869140625,,,Nikkei225,^N225,Market
2022-12-27,26447.869140625,,,Nikkei225,^N225,Market
2022-12-28,26340.5,,,Nikkei225,^N225,Market
2022-12-29,26093.669921875,,,Nikkei225,^N225,Market
2022-12-30,26094.5,,,Nikkei225,^N225,Market
2023-01-04,25716.859375,,,Nikkei225,^N225,Market
2023-01-05,25820.80078125,,,Nikkei225,^N225,Market
2023-01-06,25973.849609375,,,Nikkei225,^N225,Market
2023-01-10,26175.560546875,,,Nikkei225,^N225,Market
2023-01-11,26446.0,,,Nikkei225,^N225,Market
2023-01-12,26449.8203125,,,Nikkei225,^N225,Market
2023-01-13,26119.51953125,,,Nikkei225,^N225,Market
2023-01-16,25822.3203125,,,Nikkei225,^N225,Market
2023-01-17,26138.6796875,,,Nikkei225,^N225,Market
2023-01-18,26791.119140625,,,Nikkei225,^N225,Market
2023-01-19,26405.23046875,,,Nikkei225,^N225,Market
2023-01-20,26553.529296875,,,Nikkei225,^N225,Market
2023-01-23,26906.0390625,,,Nikkei225,^N225,Market
2023-01-24,27299.189453125,,,Nikkei225,^N225,Market
2023-01-25,27395.009765625,,,Nikkei225,^N225,Market
2023-01-26,27362.75,,,Nikkei225,^N225,Market
2023-01-27,27382.560546875,,,Nikkei225,^N225,Market
2023-01-30,27433.400390625,,,Nikkei225,^N225,Market
2023-01-31,27327.109375,,,Nikkei225,^N225,Market
2023-02-01,27346.880859375,,,Nikkei225,^N225,Market
2023-02-02,27402.05078125,,,Nikkei225,^N225,Market
2023-02-03,27509.4609375,,,Nikkei225,^N225,Market
2023-02-06,27693.650390625,,,Nikkei225,^N225,Market
2023-02-07,27685.470703125,,,Nikkei225,^N225,Market
2023-02-08,27606.4609375,,,Nikkei225,^N225,Market
2023-02-09,27584.349609375,,,Nikkei225,^N225,Market
2023-02-10,27670.98046875,,,Nikkei225,^N225,Market
2023-02-13,27427.3203125,,,Nikkei225,^N225,Market
2023-02-14,27602.76953125,,,Nikkei225,^N225,Market
2023-02-15,27501.859375,,,Nikkei225,^N225,Market
2023-02-16,27696.439453125,,,Nikkei225,^N225,Market
2023-02-17,27513.130859375,,,Nikkei225,^N225,Market
2023-02-20,27531.939453125,,,Nikkei225,^N225,Market
2023-02-21,27473.099609375,,,Nikkei225,^N225,Market
2023-02-22,27104.3203125,,,Nikkei225,^N225,Market
2023-02-24,27453.48046875,,,Nikkei225,^N225,Market
2023-02-27,27423.9609375,,,Nikkei225,^N225,Market
2023-02-28,27445.560546875,,,Nikkei225,^N225,Market
2023-03-01,27516.529296875,,,Nikkei225,^N225,Market
2023-03-02,27498.869140625,,,Nikkei225,^N225,Market
2023-03-03,27927.470703125,,,Nikkei225,^N225,Market
2023-03-06,28237.779296875,,,Nikkei225,^N225,Market
2023-03-07,28309.16015625,,,Nikkei225,^N225,Market
2023-03-08,28444.189453125,,,Nikkei225,^N225,Market
2023-03-09,28623.150390625,,,Nikkei225,^N225,Market
2023-03-10,28143.970703125,,,Nikkei225,^N225,Market
2023-03-13,27832.9609375,,,Nikkei225,^N225,Market
2023-03-14,27222.0390625,,,Nikkei225,^N225,Market
2023-03-15,27229.48046875,,,Nikkei225,^N225,Market
2023-03-16,27010.609375,,,Nikkei225,^N225,Market
2023-03-17,27333.7890625,,,Nikkei225,^N225,Market
2023-03-20,26945.669921875,,,Nikkei225,^N225,Market
2023-03-22,27466.609375,,,Nikkei225,^N225,Market
2023-03-23,27419.609375,,,Nikkei225,^N225,Market
2023-03-24,27385.25,,,Nikkei225,^N225,Market
2023-03-27,27476.869140625,,,Nikkei225,^N225,Market
2023-03-28,27518.25,,,Nikkei225,^N225,Market
2023-03-29,27883.779296875,,,Nikkei225,^N225,Market
2023-03-30,27782.9296875,,,Nikkei225,^N225,Market
2023-03-31,28041.48046875,,,Nikkei225,^N225,Market
2023-04-03,28188.150390625,,,Nikkei225,^N225,Market
2023-04-04,28287.419921875,,,Nikkei225,^N225,Market
2023-04-05,27813.259765625,,,Nikkei225,^N225,Market
2023-04-06,27472.630859375,,,Nikkei225,^N225,Market
2023-04-07,27518.310546875,,,Nikkei225,^N225,Market
2023-04-10,27633.66015625,,,Nikkei225,^N225,Market
2023-04-11,27923.369140625,,,Nikkei225,^N225,Market
2023-04-12,28082.69921875,,,Nikkei225,^N225,Market
2023-04-13,28156.970703125,,,Nikkei225,^N225,Market
2023-04-14,28493.470703125,,,Nikkei225,^N225,Market
2023-04-17,28514.779296875,,,Nikkei225,^N225,Market
2023-04-18,28658.830078125,,,Nikkei225,^N225,Market
2023-04-19,28606.759765625,,,Nikkei225,^N225,Market
2023-04-20,28657.5703125,,,Nikkei225,^N225,Market
2023-04-21,28564.369140625,,,Nikkei225,^N225,Market
2023-04-24,28593.51953125,,,Nikkei225,^N225,Market
2023-04-25,28620.0703125,,,Nikkei225,^N225,Market
2023-04-26,28416.470703125,,,Nikkei225,^N225,Market
2023-04-27,28457.6796875,,,Nikkei225,^N225,Market
2023-04-28,28856.439453125,,,Nikkei225,^N225,Market
2023-05-01,29123.1796875,,,Nikkei225,^N225,Market
2023-05-02,29157.94921875,,,Nikkei225,^N225,Market
2023-05-08,28949.880859375,,,Nikkei225,^N225,Market
2023-05-09,29242.8203125,,,Nikkei225,^N225,Market
2023-05-10,29122.1796875,,,Nikkei225,^N225,Market
2023-05-11,29126.720703125,,,Nikkei225,^N225,Market
2023-05-12,29388.30078125,,,Nikkei225,^N225,Market
2023-05-15,29626.33984375,,,Nikkei225,^N225,Market
2023-05-16,29842.990234375,,,Nikkei225,^N225,Market
2023-05-17,30093.58984375,,,Nikkei225,^N225,Market
2023-05-18,30573.9296875,,,Nikkei225,^N225,Market
2023-05-19,30808.349609375,,,Nikkei225,^N225,Market
2023-05-22,31086.8203125,,,Nikkei225,^N225,Market
2023-05-23,30957.76953125,,,Nikkei225,^N225,Market
2023-05-24,30682.6796875,,,Nikkei225,^N225,Market
2023-05-25,30801.130859375,,,Nikkei225,^N225,Market
2023-05-26,30916.310546875,,,Nikkei225,^N225,Market
2023-05-29,31233.5390625,,,Nikkei225,^N225,Market
2023-05-30,31328.16015625,,,Nikkei225,^N225,Market
2023-05-31,30887.880859375,,,Nikkei225,^N225,Market
2023-06-01,31148.009765625,,,Nikkei225,^N225,Market
2023-06-02,31524.220703125,,,Nikkei225,^N225,Market
2023-06-05,32217.4296875,,,Nikkei225,^N225,Market
2023-06-06,32506.779296875,,,Nikkei225,^N225,Market
2023-06-07,31913.740234375,,,Nikkei225,^N225,Market
2023-06-08,31641.26953125,,,Nikkei225,^N225,Market
2023-06-09,32265.169921875,,,Nikkei225,^N225,Market
2023-06-12,32434.0,,,Nikkei225,^N225,Market
2023-06-13,33018.6484375,,,Nikkei225,^N225,Market
2023-06-14,33502.421875,,,Nikkei225,^N225,Market
2023-06-15,33485.48828125,,,Nikkei225,^N225,Market
2023-06-16,33706.078125,,,Nikkei225,^N225,Market
2023-06-19,33370.421875,,,Nikkei225,^N225,Market
2023-06-20,33388.91015625,,,Nikkei225,^N225,Market
2023-06-21,33575.140625,,,Nikkei225,^N225,Market
2023-06-22,33264.87890625,,,Nikkei225,^N225,Market
2023-06-23,32781.5390625,,,Nikkei225,^N225,Market
2023-06-26,32698.810546875,,,Nikkei225,^N225,Market
2023-06-27,32538.330078125,,,Nikkei225,^N225,Market
2023-06-28,33193.98828125,,,Nikkei225,^N225,Market
2023-06-29,33234.140625,,,Nikkei225,^N225,Market
2023-06-30,33189.0390625,,,Nikkei225,^N225,Market
2023-07-03,33753.328125,,,Nikkei225,^N225,Market
2023-07-04,33422.51953125,,,Nikkei225,^N225,Market
2023-07-05,33338.69921875,,,Nikkei225,^N225,Market
2023-07-06,32773.01953125,,,Nikkei225,^N225,Market
2023-07-07,32388.419921875,,,Nikkei225,^N225,Market
2023-07-10,32189.73046875,,,Nikkei225,^N225,Market
2023-07-11,32203.5703125,,,Nikkei225,^N225,Market
2023-07-12,31943.9296875,,,Nikkei225,^N225,Market
2023-07-13,32419.330078125,,,Nikkei225,^N225,Market
2023-07-14,32391.259765625,,,Nikkei225,^N225,Market
2023-07-18,32493.890625,,,Nikkei225,^N225,Market
2023-07-19,32896.03125,,,Nikkei225,^N225,Market
2023-07-20,32490.51953125,,,Nikkei225,^N225,Market
2023-07-21,32304.25,,,Nikkei225,^N225,Market
2023-07-24,32700.939453125,,,Nikkei225,^N225,Market
2023-07-25,32682.509765625,,,Nikkei225,^N225,Market
2023-07-26,32668.33984375,,,Nikkei225,^N225,Market
2023-07-27,32891.16015625,,,Nikkei225,^N225,Market
2023-07-28,32759.23046875,,,Nikkei225,^N225,Market
2023-07-31,33172.21875,,,Nikkei225,^N225,Market
2023-08-01,33476.578125,,,Nikkei225,^N225,Market
2023-08-02,32707.689453125,,,Nikkei225,^N225,Market
2023-08-03,32159.279296875,,,Nikkei225,^N225,Market
2023-08-04,32192.75,,,Nikkei225,^N225,Market
2023-08-07,32254.560546875,,,Nikkei225,^N225,Market
2023-08-08,32377.2890625,,,Nikkei225,^N225,Market
2023-08-09,32204.330078125,,,Nikkei225,^N225,Market
2023-08-10,32473.650390625,,,Nikkei225,^N225,Market
2023-08-14,32059.91015625,,,Nikkei225,^N225,Market
2023-08-15,32238.890625,,,Nikkei225,^N225,Market
2023-08-16,31766.8203125,,,Nikkei225,^N225,Market
2023-08-17,31626.0,,,Nikkei225,^N225,Market
2023-08-18,31450.759765625,,,Nikkei225,^N225,Market
2023-08-21,31565.640625,,,Nikkei225,^N225,Market
2023-08-22,31856.7109375,,,Nikkei225,^N225,Market
2023-08-23,32010.259765625,,,Nikkei225,^N225,Market
2023-08-24,32287.2109375,,,Nikkei225,^N225,Market
2023-08-25,31624.279296875,,,Nikkei225,^N225,Market
2023-08-28,32169.990234375,,,Nikkei225,^N225,Market
2023-08-29,32226.970703125,,,Nikkei225,^N225,Market
2023-08-30,32333.4609375,,,Nikkei225,^N225,Market
2023-08-31,32619.33984375,,,Nikkei225,^N225,Market
2023-09-01,32710.619140625,,,Nikkei225,^N225,Market
2023-09-04,32939.1796875,,,Nikkei225,^N225,Market
2023-09-05,33036.76171875,,,Nikkei225,^N225,Market
2023-09-06,33241.01953125,,,Nikkei225,^N225,Market
2023-09-07,32991.078125,,,Nikkei225,^N225,Market
2023-09-08,32606.83984375,,,Nikkei225,^N225,Market
2023-09-11,32467.759765625,,,Nikkei225,^N225,Market
2023-09-12,32776.37109375,,,Nikkei225,^N225,Market
2023-09-13,32706.51953125,,,Nikkei225,^N225,Market
2023-09-14,33168.1015625,,,Nikkei225,^N225,Market
2023-09-15,33533.08984375,,,Nikkei225,^N225,Market
2023-09-19,33242.58984375,,,Nikkei225,^N225,Market
2023-09-20,33023.78125,,,Nikkei225,^N225,Market
2023-09-21,32571.029296875,,,Nikkei225,^N225,Market
2023-09-22,32402.41015625,,,Nikkei225,^N225,Market
2023-09-25,32678.619140625,,,Nikkei225,^N225,Market
2023-09-26,32315.05078125,,,Nikkei225,^N225,Market
2023-09-27,32371.900390625,,,Nikkei225,^N225,Market
2023-09-28,31872.51953125,,,Nikkei225,^N225,Market
2023-09-29,31857.619140625,,,Nikkei225,^N225,Market
2023-10-02,31759.880859375,,,Nikkei225,^N225,Market
2023-10-03,31237.939453125,,,Nikkei225,^N225,Market
2023-10-04,30526.880859375,,,Nikkei225,^N225,Market
2023-10-05,31075.359375,,,Nikkei225,^N225,Market
2023-10-06,30994.669921875,,,Nikkei225,^N225,Market
2023-10-10,31746.529296875,,,Nikkei225,^N225,Market
2023-10-11,31936.509765625,,,Nikkei225,^N225,Market
2023-10-12,32494.66015625,,,Nikkei225,^N225,Market
2023-10-13,32315.990234375,,,Nikkei225,^N225,Market
2023-10-16,31659.029296875,,,Nikkei225,^N225,Market
2023-10-17,32040.2890625,,,Nikkei225,^N225,Market
2023-10-18,32042.25,,,Nikkei225,^N225,Market
2023-10-19,31430.619140625,,,Nikkei225,^N225,Market
2023-10-20,31259.359375,,,Nikkei225,^N225,Market
2023-10-23,30999.55078125,,,Nikkei225,^N225,Market
2023-10-24,31062.349609375,,,Nikkei225,^N225,Market
2023-10-25,31269.919921875,,,Nikkei225,^N225,Market
2023-10-26,30601.779296875,,,Nikkei225,^N225,Market
2023-10-27,30991.689453125,,,Nikkei225,^N225,Market
2023-10-30,30696.9609375,,,Nikkei225,^N225,Market
2023-10-31,30858.849609375,,,Nikkei225,^N225,Market
2023-11-01,31601.650390625,,,Nikkei225,^N225,Market
2023-11-02,31949.890625,,,Nikkei225,^N225,Market
2023-11-06,32708.48046875,,,Nikkei225,^N225,Market
2023-11-07,32271.8203125,,,Nikkei225,^N225,Market
2023-11-08,32166.48046875,,,Nikkei225,^N225,Market
2023-11-09,32646.4609375,,,Nikkei225,^N225,Market
2023-11-10,32568.109375,,,Nikkei225,^N225,Market
2023-11-13,32585.109375,,,Nikkei225,^N225,Market
2023-11-14,32695.9296875,,,Nikkei225,^N225,Market
2023-11-15,33519.69921875,,,Nikkei225,^N225,Market
2023-11-16,33424.41015625,,,Nikkei225,^N225,Market
2023-11-17,33585.19921875,,,Nikkei225,^N225,Market
2023-11-20,33388.03125,,,Nikkei225,^N225,Market
2023-11-21,33354.140625,,,Nikkei225,^N225,Market
2023-11-22,33451.828125,,,Nikkei225,^N225,Market
2023-11-24,33625.53125,,,Nikkei225,^N225,Market
2023-11-27,33447.671875,,,Nikkei225,^N225,Market
2023-11-28,33408.390625,,,Nikkei225,^N225,Market
2023-11-29,33321.21875,,,Nikkei225,^N225,Market
2023-11-30,33486.890625,,,Nikkei225,^N225,Market
2023-12-01,33431.51171875,,,Nikkei225,^N225,Market
2023-12-04,33231.26953125,,,Nikkei225,^N225,Market
2023-12-05,32775.8203125,,,Nikkei225,^N225,Market
2023-12-06,33445.8984375,,,Nikkei225,^N225,Market
2023-12-07,32858.30859375,,,Nikkei225,^N225,Market
2023-12-08,32307.859375,,,Nikkei225,^N225,Market
2023-12-11,32791.80078125,,,Nikkei225,^N225,Market
2023-12-12,32843.69921875,,,Nikkei225,^N225,Market
2023-12-13,32926.3515625,,,Nikkei225,^N225,Market
2023-12-14,32686.25,,,Nikkei225,^N225,Market
2023-12-15,32970.55078125,,,Nikkei225,^N225,Market
2023-12-18,32758.98046875,,,Nikkei225,^N225,Market
2023-12-19,33219.390625,,,Nikkei225,^N225,Market
2023-12-20,33675.94140625,,,Nikkei225,^N225,Market
2023-12-21,33140.46875,,,Nikkei225,^N225,Market
2023-12-22,33169.05078125,,,Nikkei225,^N225,Market
2023-12-25,33254.03125,,,Nikkei225,^N225,Market
2023-12-26,33305.8515625,,,Nikkei225,^N225,Market
2023-12-27,33681.23828125,,,Nikkei225,^N225,Market
2023-12-28,33539.62109375,,,Nikkei225,^N225,Market
2023-12-29,33464.171875,,,Nikkei225,^N225,Market
2024-01-04,33288.2890625,,,Nikkei225,^N225,Market
2024-01-05,33377.421875,,,Nikkei225,^N225,Market
2024-01-09,33763.1796875,,,Nikkei225,^N225,Market
2024-01-10,34441.71875,,,Nikkei225,^N225,Market
2024-01-11,35049.859375,,,Nikkei225,^N225,Market
2024-01-12,35577.109375,,,Nikkei225,^N225,Market
2024-01-15,35901.7890625,,,Nikkei225,^N225,Market
2024-01-16,35619.1796875,,,Nikkei225,^N225,Market
2024-01-17,35477.75,,,Nikkei225,^N225,Market
2024-01-18,35466.171875,,,Nikkei225,^N225,Market
2024-01-19,35963.26953125,,,Nikkei225,^N225,Market
2024-01-22,36546.94921875,,,Nikkei225,^N225,Market
2024-01-23,36517.5703125,,,Nikkei225,^N225,Market
2024-01-24,36226.48046875,,,Nikkei225,^N225,Market
2024-01-25,36236.46875,,,Nikkei225,^N225,Market
2024-01-26,35751.0703125,,,Nikkei225,^N225,Market
2024-01-29,36026.94140625,,,Nikkei225,^N225,Market
2024-01-30,36065.859375,,,Nikkei225,^N225,Market
2024-01-31,36286.7109375,,,Nikkei225,^N225,Market
2024-02-01,36011.4609375,,,Nikkei225,^N225,Market
2024-02-02,36158.01953125,,,Nikkei225,^N225,Market
2024-02-05,36354.16015625,,,Nikkei225,^N225,Market
2024-02-06,36160.66015625,,,Nikkei225,^N225,Market
2024-02-07,36119.921875,,,Nikkei225,^N225,Market
2024-02-08,36863.28125,,,Nikkei225,^N225,Market
2024-02-09,36897.421875,,,Nikkei225,^N225,Market
2024-02-13,37963.96875,,,Nikkei225,^N225,Market
2024-02-14,37703.3203125,,,Nikkei225,^N225,Market
2024-02-15,38157.94140625,,,Nikkei225,^N225,Market
2024-02-16,38487.23828125,,,Nikkei225,^N225,Market
2024-02-19,38470.37890625,,,Nikkei225,^N225,Market
2024-02-20,38363.609375,,,Nikkei225,^N225,Market
2024-02-21,38262.16015625,,,Nikkei225,^N225,Market
2024-02-22,39098.6796875,,,Nikkei225,^N225,Market
2024-02-26,39233.7109375,,,Nikkei225,^N225,Market
2024-02-27,39239.51953125,,,Nikkei225,^N225,Market
2024-02-28,39208.03125,,,Nikkei225,^N225,Market
2024-02-29,39166.19140625,,,Nikkei225,^N225,Market
2024-03-01,39910.8203125,,,Nikkei225,^N225,Market
2024-03-04,40109.23046875,,,Nikkei225,^N225,Market
2024-03-05,40097.62890625,,,Nikkei225,^N225,Market
2024-03-06,40090.78125,,,Nikkei225,^N225,Market
2024-03-07,39598.7109375,,,Nikkei225,^N225,Market
2024-03-08,39688.94140625,,,Nikkei225,^N225,Market
2024-03-11,38820.48828125,,,Nikkei225,^N225,Market
2024-03-12,38797.51171875,,,Nikkei225,^N225,Market
2024-03-13,38695.96875,,,Nikkei225,^N225,Market
2024-03-14,38807.37890625,,,Nikkei225,^N225,Market
2024-03-15,38707.640625,,,Nikkei225,^N225,Market
2024-03-18,39740.44140625,,,Nikkei225,^N225,Market
2024-03-19,40003.6015625,,,Nikkei225,^N225,Market
2024-03-21,40815.66015625,,,Nikkei225,^N225,Market
2024-03-22,40888.4296875,,,Nikkei225,^N225,Market
2024-03-25,40414.12109375,,,Nikkei225,^N225,Market
2024-03-26,40398.03125,,,Nikkei225,^N225,Market
2024-03-27,40762.73046875,,,Nikkei225,^N225,Market
2024-03-28,40168.0703125,,,Nikkei225,^N225,Market
2024-03-29,40369.44140625,,,Nikkei225,^N225,Market
2024-04-01,39803.08984375,,,Nikkei225,^N225,Market
2024-04-02,39838.91015625,,,Nikkei225,^N225,Market
2024-04-03,39451.8515625,,,Nikkei225,^N225,Market
2024-04-04,39773.140625,,,Nikkei225,^N225,Market
2024-04-05,38992.078125,,,Nikkei225,^N225,Market
2024-04-08,39347.0390625,,,Nikkei225,^N225,Market
2024-04-09,39773.12890625,,,Nikkei225,^N225,Market
2024-04-10,39581.80859375,,,Nikkei225,^N225,Market
2024-04-11,39442.62890625,,,Nikkei225,^N225,Market
2024-04-12,39523.55078125,,,Nikkei225,^N225,Market
2024-04-15,39232.80078125,,,Nikkei225,^N225,Market
2024-04-16,38471.19921875,,,Nikkei225,^N225,Market
2024-04-17,37961.80078125,,,Nikkei225,^N225,Market
2024-04-18,38079.69921875,,,Nikkei225,^N225,Market
2024-04-19,37068.3515625,,,Nikkei225,^N225,Market
2024-04-22,37438.609375,,,Nikkei225,^N225,Market
2024-04-23,37552.16015625,,,Nikkei225,^N225,Market
2024-04-24,38460.078125,,,Nikkei225,^N225,Market
2024-04-25,37628.48046875,,,Nikkei225,^N225,Market
2024-04-26,37934.76171875,,,Nikkei225,^N225,Market
2024-04-30,38405.66015625,,,Nikkei225,^N225,Market
2024-05-01,38274.05078125,,,Nikkei225,^N225,Market
2024-05-02,38236.0703125,,,Nikkei225,^N225,Market
2024-05-07,38835.1015625,,,Nikkei225,^N225,Market
2024-05-08,38202.37109375,,,Nikkei225,^N225,Market
2024-05-09,38073.98046875,,,Nikkei225,^N225,Market
2024-05-10,38229.109375,,,Nikkei225,^N225,Market
2024-05-13,38179.4609375,,,Nikkei225,^N225,Market
2024-05-14,38356.05859375,,,Nikkei225,^N225,Market
2024-05-15,38385.73046875,,,Nikkei225,^N225,Market
2024-05-16,38920.26171875,,,Nikkei225,^N225,Market
2024-05-17,38787.37890625,,,Nikkei225,^N225,Market
2024-05-20,39069.6796875,,,Nikkei225,^N225,Market
2024-05-21,38946.9296875,,,Nikkei225,^N225,Market
2024-05-22,38617.1015625,,,Nikkei225,^N225,Market
2024-05-23,39103.21875,,,Nikkei225,^N225,Market
2024-05-24,38646.109375,,,Nikkei225,^N225,Market
2024-05-27,38900.01953125,,,Nikkei225,^N225,Market
2024-05-28,38855.37109375,,,Nikkei225,^N225,Market
2024-05-29,38556.87109375,,,Nikkei225,^N225,Market
2024-05-30,38054.12890625,,,Nikkei225,^N225,Market
2024-05-31,38487.8984375,,,Nikkei225,^N225,Market
2024-06-03,38923.03125,,,Nikkei225,^N225,Market
2024-06-04,38837.4609375,,,Nikkei225,^N225,Market
2024-06-05,38490.171875,,,Nikkei225,^N225,Market
2024-06-06,38703.51171875,,,Nikkei225,^N225,Market
2024-06-07,38683.9296875,,,Nikkei225,^N225,Market
2024-06-10,39038.16015625,,,Nikkei225,^N225,Market
2024-06-11,39134.7890625,,,Nikkei225,^N225,Market
2024-06-12,38876.7109375,,,Nikkei225,^N225,Market
2024-06-13,38720.46875,,,Nikkei225,^N225,Market
2024-06-14,38814.55859375,,,Nikkei225,^N225,Market
2024-06-17,38102.44140625,,,Nikkei225,^N225,Market
2024-06-18,38482.109375,,,Nikkei225,^N225,Market
2024-06-19,38570.76171875,,,Nikkei225,^N225,Market
2024-06-20,38633.01953125,,,Nikkei225,^N225,Market
2024-06-21,38596.46875,,,Nikkei225,^N225,Market
2024-06-24,38804.6484375,,,Nikkei225,^N225,Market
2024-06-25,39173.1484375,,,Nikkei225,^N225,Market
2024-06-26,39667.0703125,,,Nikkei225,^N225,Market
2024-06-27,39341.5390625,,,Nikkei225,^N225,Market
2024-06-28,39583.078125,,,Nikkei225,^N225,Market
2024-07-01,39631.05859375,,,Nikkei225,^N225,Market
2024-07-02,40074.69140625,,,Nikkei225,^N225,Market
2024-07-03,40580.76171875,,,Nikkei225,^N225,Market
2024-07-04,40913.6484375,,,Nikkei225,^N225,Market
2024-07-05,40912.37109375,,,Nikkei225,^N225,Market
2024-07-08,40780.69921875,,,Nikkei225,^N225,Market
2024-07-09,41580.171875,,,Nikkei225,^N225,Market
2024-07-10,41831.98828125,,,Nikkei225,^N225,Market
2024-07-11,42224.01953125,,,Nikkei225,^N225,Market
2024-07-12,41190.6796875,,,Nikkei225,^N225,Market
2024-07-16,41275.078125,,,Nikkei225,^N225,Market
2024-07-17,41097.69140625,,,Nikkei225,^N225,Market
2024-07-18,40126.3515625,,,Nikkei225,^N225,Market
2024-07-19,40063.7890625,,,Nikkei225,^N225,Market
2024-07-22,39599.0,,,Nikkei225,^N225,Market
2024-07-23,39594.390625,,,Nikkei225,^N225,Market
2024-07-24,39154.8515625,,,Nikkei225,^N225,Market
2024-07-25,37869.51171875,,,Nikkei225,^N225,Market
2024-07-26,37667.41015625,,,Nikkei225,^N225,Market
2024-07-29,38468.62890625,,,Nikkei225,^N225,Market
2024-07-30,38525.94921875,,,Nikkei225,^N225,Market
2024-07-31,39101.8203125,,,Nikkei225,^N225,Market
2024-08-01,38126.328125,,,Nikkei225,^N225,Market
2024-08-02,35909.69921875,,,Nikkei225,^N225,Market
2024-08-05,31458.419921875,,,Nikkei225,^N225,Market
2024-08-06,34675.4609375,,,Nikkei225,^N225,Market
2024-08-07,35089.62109375,,,Nikkei225,^N225,Market
2024-08-08,34831.1484375,,,Nikkei225,^N225,Market
2024-08-09,35025.0,,,Nikkei225,^N225,Market
2024-08-13,36232.51171875,,,Nikkei225,^N225,Market
2024-08-14,36442.4296875,,,Nikkei225,^N225,Market
2024-08-15,36726.640625,,,Nikkei225,^N225,Market
2024-08-16,38062.671875,,,Nikkei225,^N225,Market
2024-08-19,37388.62109375,,,Nikkei225,^N225,Market
2024-08-20,38062.921875,,,Nikkei225,^N225,Market
2024-08-21,37951.80078125,,,Nikkei225,^N225,Market
2024-08-22,38211.01171875,,,Nikkei225,^N225,Market
2024-08-23,38364.26953125,,,Nikkei225,^N225,Market
2024-08-26,38110.21875,,,Nikkei225,^N225,Market
2024-08-27,38288.62109375,,,Nikkei225,^N225,Market
2024-08-28,38371.76171875,,,Nikkei225,^N225,Market
2024-08-29,38362.53125,,,Nikkei225,^N225,Market
2024-08-30,38647.75,,,Nikkei225,^N225,Market
2024-09-02,38700.87109375,,,Nikkei225,^N225,Market
2024-09-03,38686.30859375,,,Nikkei225,^N225,Market
2024-09-04,37047.609375,,,Nikkei225,^N225,Market
2024-09-05,36657.08984375,,,Nikkei225,^N225,Market
2024-09-06,36391.46875,,,Nikkei225,^N225,Market
2024-09-09,36215.75,,,Nikkei225,^N225,Market
2024-09-10,36159.16015625,,,Nikkei225,^N225,Market
2024-09-11,35619.76953125,,,Nikkei225,^N225,Market
2024-09-12,36833.26953125,,,Nikkei225,^N225,Market
2024-09-13,36581.76171875,,,Nikkei225,^N225,Market
2024-09-17,36203.21875,,,Nikkei225,^N225,Market
2024-09-18,36380.171875,,,Nikkei225,^N225,Market
2024-09-19,37155.328125,,,Nikkei225,^N225,Market
2024-09-20,37723.91015625,,,Nikkei225,^N225,Market
2024-09-24,37940.58984375,,,Nikkei225,^N225,Market
2024-09-25,37870.26171875,,,Nikkei225,^N225,Market
2024-09-26,38925.62890625,,,Nikkei225,^N225,Market
2024-09-27,39829.55859375,,,Nikkei225,^N225,Market
2024-09-30,37919.55078125,,,Nikkei225,^N225,Market
2024-10-01,38651.96875,,,Nikkei225,^N225,Market
2024-10-02,37808.76171875,,,Nikkei225,^N225,Market
2024-10-03,38552.05859375,,,Nikkei225,^N225,Market
2024-10-04,38635.62109375,,,Nikkei225,^N225,Market
2024-10-07,39332.73828125,,,Nikkei225,^N225,Market
2024-10-08,38937.5390625,,,Nikkei225,^N225,Market
2024-10-09,39277.9609375,,,Nikkei225,^N225,Market
2024-10-10,39380.890625,,,Nikkei225,^N225,Market
2024-10-11,39605.80078125,,,Nikkei225,^N225,Market
2024-10-15,39910.55078125,,,Nikkei225,^N225,Market
2024-10-16,39180.30078125,,,Nikkei225,^N225,Market
2024-10-17,38911.19140625,,,Nikkei225,^N225,Market
2024-10-18,38981.75,,,Nikkei225,^N225,Market
2024-10-21,38954.6015625,,,Nikkei225,^N225,Market
2024-10-22,38411.9609375,,,Nikkei225,^N225,Market
2024-10-23,38104.859375,,,Nikkei225,^N225,Market
2024-10-24,38143.2890625,,,Nikkei225,^N225,Market
2024-10-25,37913.921875,,,Nikkei225,^N225,Market
2024-10-28,38605.53125,,,Nikkei225,^N225,Market
2024-10-29,38903.6796875,,,Nikkei225,^N225,Market
2024-10-30,39277.390625,,,Nikkei225,^N225,Market
2024-10-31,39081.25,,,Nikkei225,^N225,Market
2024-11-01,38053.671875,,,Nikkei225,^N225,Market
2024-11-05,38474.8984375,,,Nikkei225,^N225,Market
2024-11-06,39480.671875,,,Nikkei225,^N225,Market
2024-11-07,39381.41015625,,,Nikkei225,^N225,Market
2024-11-08,39500.37109375,,,Nikkei225,^N225,Market
2024-11-11,39533.3203125,,,Nikkei225,^N225,Market
2024-11-12,39376.08984375,,,Nikkei225,^N225,Market
2024-11-13,38721.66015625,,,Nikkei225,^N225,Market
2024-11-14,38535.69921875,,,Nikkei225,^N225,Market
2024-11-15,38642.91015625,,,Nikkei225,^N225,Market
2024-11-18,38220.8515625,,,Nikkei225,^N225,Market
2024-11-19,38414.4296875,,,Nikkei225,^N225,Market
2024-11-20,38352.33984375,,,Nikkei225,^N225,Market
2024-11-21,38026.171875,,,Nikkei225,^N225,Market
2024-11-22,38283.8515625,,,Nikkei225,^N225,Market
2024-11-25,38780.140625,,,Nikkei225,^N225,Market
2024-11-26,38442.0,,,Nikkei225,^N225,Market
2024-11-27,38134.96875,,,Nikkei225,^N225,Market
2024-11-28,38349.05859375,,,Nikkei225,^N225,Market
2024-11-29,38208.03125,,,Nikkei225,^N225,Market
2024-12-02,38513.01953125,,,Nikkei225,^N225,Market
2024-12-03,39248.859375,,,Nikkei225,^N225,Market
2024-12-04,39276.390625,,,Nikkei225,^N225,Market
2024-12-05,39395.6015625,,,Nikkei225,^N225,Market
2024-12-06,39091.171875,,,Nikkei225,^N225,Market
2024-12-09,39160.5,,,Nikkei225,^N225,Market
2024-12-10,39367.578125,,,Nikkei225,^N225,Market
2024-12-11,39372.23046875,,,Nikkei225,^N225,Market
2024-12-12,39849.140625,,,Nikkei225,^N225,Market
2024-12-13,39470.44140625,,,Nikkei225,^N225,Market
2024-12-16,39457.48828125,,,Nikkei225,^N225,Market
2024-12-17,39364.6796875,,,Nikkei225,^N225,Market
2024-12-18,39081.7109375,,,Nikkei225,^N225,Market
2024-12-19,38813.578125,,,Nikkei225,^N225,Market
2024-12-20,38701.8984375,,,Nikkei225,^N225,Market
2024-12-23,39161.33984375,,,Nikkei225,^N225,Market
2024-12-24,39036.8515625,,,Nikkei225,^N225,Market
2024-12-25,39130.4296875,,,Nikkei225,^N225,Market
2024-12-26,39568.05859375,,,Nikkei225,^N225,Market
2024-12-27,40281.16015625,,,Nikkei225,^N225,Market
2024-12-30,39894.5390625,,,Nikkei225,^N225,Market
2025-01-06,39307.05078125,,,Nikkei225,^N225,Market
2025-01-07,40083.30078125,,,Nikkei225,^N225,Market
2025-01-08,39981.05859375,,,Nikkei225,^N225,Market
2025-01-09,39605.08984375,,,Nikkei225,^N225,Market
2025-01-10,39190.3984375,,,Nikkei225,^N225,Market
2025-01-14,38474.30078125,,,Nikkei225,^N225,Market
2025-01-15,38444.578125,,,Nikkei225,^N225,Market
2025-01-16,38572.6015625,,,Nikkei225,^N225,Market
2025-01-17,38451.4609375,,,Nikkei225,^N225,Market
2025-01-20,38902.5,,,Nikkei225,^N225,Market
2025-01-21,39027.98046875,,,Nikkei225,^N225,Market
2025-01-22,39646.25,,,Nikkei225,^N225,Market
2025-01-23,39958.87109375,,,Nikkei225,^N225,Market
2025-01-24,39931.98046875,,,Nikkei225,^N225,Market
2025-01-27,39565.80078125,,,Nikkei225,^N225,Market
2025-01-28,39016.87109375,,,Nikkei225,^N225,Market
2025-01-29,39414.78125,,,Nikkei225,^N225,Market
2025-01-30,39513.96875,,,Nikkei225,^N225,Market
2025-01-31,39572.48828125,,,Nikkei225,^N225,Market
2025-02-03,38520.08984375,,,Nikkei225,^N225,Market
2025-02-04,38798.37109375,,,Nikkei225,^N225,Market
2025-02-05,38831.48046875,,,Nikkei225,^N225,Market
2025-02-06,39066.53125,,,Nikkei225,^N225,Market
2025-02-07,38787.01953125,,,Nikkei225,^N225,Market
2025-02-10,38801.171875,,,Nikkei225,^N225,Market
2025-02-12,38963.69921875,,,Nikkei225,^N225,Market
2025-02-13,39461.46875,,,Nikkei225,^N225,Market
2025-02-14,39149.4296875,,,Nikkei225,^N225,Market
2025-02-17,39174.25,,,Nikkei225,^N225,Market
2025-02-18,39270.3984375,,,Nikkei225,^N225,Market
2025-02-19,39164.609375,,,Nikkei225,^N225,Market
2025-02-20,38678.0390625,,,Nikkei225,^N225,Market
2025-02-21,38776.94140625,,,Nikkei225,^N225,Market
2025-02-25,38237.7890625,,,Nikkei225,^N225,Market
2025-02-26,38142.37109375,,,Nikkei225,^N225,Market
2025-02-27,38256.171875,,,Nikkei225,^N225,Market
2025-02-28,37155.5,,,Nikkei225,^N225,Market
2025-03-03,37785.46875,,,Nikkei225,^N225,Market
2025-03-04,37331.1796875,,,Nikkei225,^N225,Market
2025-03-05,37418.23828125,,,Nikkei225,^N225,Market
2025-03-06,37704.9296875,,,Nikkei225,^N225,Market
2025-03-07,36887.171875,,,Nikkei225,^N225,Market
2025-03-10,37028.26953125,,,Nikkei225,^N225,Market
2025-03-11,36793.109375,,,Nikkei225,^N225,Market
2025-03-12,36819.08984375,,,Nikkei225,^N225,Market
2025-03-13,36790.03125,,,Nikkei225,^N225,Market
2025-03-14,37053.1015625,,,Nikkei225,^N225,Market
2025-03-17,37396.51953125,,,Nikkei225,^N225,Market
2025-03-18,37845.421875,,,Nikkei225,^N225,Market
2025-03-19,37751.87890625,,,Nikkei225,^N225,Market
2025-03-21,37677.05859375,,,Nikkei225,^N225,Market
2025-03-24,37608.48828125,,,Nikkei225,^N225,Market
2025-03-25,37780.5390625,,,Nikkei225,^N225,Market
2025-03-26,38027.2890625,,,Nikkei225,^N225,Market
2025-03-27,37799.96875,,,Nikkei225,^N225,Market
2025-03-28,37120.328125,,,Nikkei225,^N225,Market
2025-03-31,35617.55859375,,,Nikkei225,^N225,Market
2025-04-01,35624.48046875,,,Nikkei225,^N225,Market
2025-04-02,35725.87109375,,,Nikkei225,^N225,Market
2025-04-03,34735.9296875,,,Nikkei225,^N225,Market
2025-04-04,33780.578125,,,Nikkei225,^N225,Market
2025-04-07,31136.580078125,,,Nikkei225,^N225,Market
2025-04-08,33012.578125,,,Nikkei225,^N225,Market
2025-04-09,31714.029296875,,,Nikkei225,^N225,Market
2025-04-10,34609.0,,,Nikkei225,^N225,Market
2025-04-11,33585.578125,,,Nikkei225,^N225,Market
2025-04-14,33982.359375,,,Nikkei225,^N225,Market
2025-04-15,34267.5390625,,,Nikkei225,^N225,Market
2025-04-16,33920.3984375,,,Nikkei225,^N225,Market
2025-04-17,34377.6015625,,,Nikkei225,^N225,Market
2025-04-18,34730.28125,,,Nikkei225,^N225,Market
2025-04-21,34279.921875,,,Nikkei225,^N225,Market
2025-04-22,34220.6015625,,,Nikkei225,^N225,Market
2025-04-23,34868.62890625,,,Nikkei225,^N225,Market
2025-04-24,35039.1484375,,,Nikkei225,^N225,Market
2025-04-25,35705.73828125,,,Nikkei225,^N225,Market
2025-04-28,35839.98828125,,,Nikkei225,^N225,Market
2025-04-30,36045.37890625,,,Nikkei225,^N225,Market
2025-05-01,36452.30078125,,,Nikkei225,^N225,Market
2025-05-02,36830.69140625,,,Nikkei225,^N225,Market
2025-05-07,36779.66015625,,,Nikkei225,^N225,Market
2025-05-08,36928.62890625,,,Nikkei225,^N225,Market
2025-05-09,37503.328125,,,Nikkei225,^N225,Market
2025-05-12,37644.26171875,,,Nikkei225,^N225,Market
2025-05-13,38183.26171875,,,Nikkei225,^N225,Market
2025-05-14,38128.12890625,,,Nikkei225,^N225,Market
2025-05-15,37755.51171875,,,Nikkei225,^N225,Market
2025-05-16,37753.71875,,,Nikkei225,^N225,Market
2025-05-19,37498.62890625,,,Nikkei225,^N225,Market
2025-05-20,37529.48828125,,,Nikkei225,^N225,Market
2025-05-21,37298.98046875,,,Nikkei225,^N225,Market
2025-05-22,36985.87109375,,,Nikkei225,^N225,Market
2025-05-23,37160.46875,,,Nikkei225,^N225,Market
2025-05-26,37531.53125,,,Nikkei225,^N225,Market
2025-05-27,37724.109375,,,Nikkei225,^N225,Market
2025-05-28,37722.3984375,,,Nikkei225,^N225,Market
2025-05-29,38432.98046875,,,Nikkei225,^N225,Market
2025-05-30,37965.1015625,,,Nikkei225,^N225,Market
2025-06-02,37470.671875,,,Nikkei225,^N225,Market
2025-06-03,37446.80859375,,,Nikkei225,^N225,Market
2025-06-04,37747.44921875,,,Nikkei225,^N225,Market
2025-06-05,37554.48828125,,,Nikkei225,^N225,Market
2025-06-06,37741.609375,,,Nikkei225,^N225,Market
2025-06-09,38088.5703125,,,Nikkei225,^N225,Market
2025-06-10,38211.51171875,,,Nikkei225,^N225,Market
2025-06-11,38421.19140625,,,Nikkei225,^N225,Market
2025-06-12,38173.08984375,,,Nikkei225,^N225,Market
2025-06-13,37834.25,,,Nikkei225,^N225,Market
2025-06-16,38311.328125,,,Nikkei225,^N225,Market
2025-06-17,38536.73828125,,,Nikkei225,^N225,Market
2025-06-18,38885.1484375,,,Nikkei225,^N225,Market
2025-06-19,38488.33984375,,,Nikkei225,^N225,Market
2025-06-20,38403.23046875,,,Nikkei225,^N225,Market
2025-06-23,38354.08984375,,,Nikkei225,^N225,Market
2025-06-24,38790.55859375,,,Nikkei225,^N225,Market
2025-06-25,38942.0703125,,,Nikkei225,^N225,Market
2025-06-26,39584.578125,,,Nikkei225,^N225,Market
2025-06-27,40150.7890625,,,Nikkei225,^N225,Market
2025-06-30,40487.390625,,,Nikkei225,^N225,Market
2025-07-01,39986.328125,,,Nikkei225,^N225,Market
2025-07-02,39762.48046875,,,Nikkei225,^N225,Market
2025-07-03,39785.8984375,,,Nikkei225,^N225,Market
2025-07-04,39810.87890625,,,Nikkei225,^N225,Market
2025-07-07,39587.6796875,,,Nikkei225,^N225,Market
2025-07-08,39688.80859375,,,Nikkei225,^N225,Market
2025-07-09,39821.28125,,,Nikkei225,^N225,Market
2025-07-10,39646.359375,,,Nikkei225,^N225,Market
2025-07-11,39569.6796875,,,Nikkei225,^N225,Market
2025-07-14,39459.62109375,,,Nikkei225,^N225,Market
2025-07-15,39678.01953125,,,Nikkei225,^N225,Market
2025-07-16,39663.3984375,,,Nikkei225,^N225,Market
2025-07-17,39901.19140625,,,Nikkei225,^N225,Market
2025-07-18,39819.109375,,,Nikkei225,^N225,Market
2025-07-22,39774.921875,,,Nikkei225,^N225,Market
2025-07-23,41171.3203125,,,Nikkei225,^N225,Market
2025-07-24,41826.33984375,,,Nikkei225,^N225,Market
2025-07-25,41456.23046875,,,Nikkei225,^N225,Market
2025-07-28,40998.26953125,,,Nikkei225,^N225,Market
2025-07-29,40674.55078125,,,Nikkei225,^N225,Market
2025-07-30,40654.69921875,,,Nikkei225,^N225,Market
2025-07-31,41069.8203125,,,Nikkei225,^N225,Market
2025-08-01,40799.6015625,,,Nikkei225,^N225,Market
2025-08-04,40290.69921875,,,Nikkei225,^N225,Market
2025-08-05,40549.5390625,,,Nikkei225,^N225,Market
2025-08-06,40794.859375,,,Nikkei225,^N225,Market
2025-08-07,41059.1484375,,,Nikkei225,^N225,Market
2025-08-08,41820.48046875,,,Nikkei225,^N225,Market
2025-08-12,42718.171875,,,Nikkei225,^N225,Market
2025-08-13,43274.671875,,,Nikkei225,^N225,Market
2025-08-14,42649.26171875,,,Nikkei225,^N225,Market
2025-08-15,43378.30859375,,,Nikkei225,^N225,Market
2025-08-18,43714.30859375,,,Nikkei225,^N225,Market
2025-08-19,43546.2890625,,,Nikkei225,^N225,Market
2025-08-20,42888.55078125,,,Nikkei225,^N225,Market
2025-08-21,42610.171875,,,Nikkei225,^N225,Market
2025-08-22,42633.2890625,,,Nikkei225,^N225,Market
2025-08-25,42807.8203125,,,Nikkei225,^N225,Market
2025-08-26,42394.3984375,,,Nikkei225,^N225,Market
2025-08-27,42520.26953125,,,Nikkei225,^N225,Market
2025-08-28,42828.7890625,,,Nikkei225,^N225,Market
2025-08-29,42718.46875,,,Nikkei225,^N225,Market
2025-09-01,42188.7890625,,,Nikkei225,^N225,Market
2025-09-02,42310.48828125,,,Nikkei225,^N225,Market
2025-09-03,41938.890625,,,Nikkei225,^N225,Market
2025-09-04,42580.26953125,,,Nikkei225,^N225,Market
2025-09-05,43018.75,,,Nikkei225,^N225,Market
2025-09-08,43643.80859375,,,Nikkei225,^N225,Market
2025-09-09,43459.2890625,,,Nikkei225,^N225,Market
2025-09-10,43837.671875,,,Nikkei225,^N225,Market
2025-09-11,44372.5,,,Nikkei225,^N225,Market
2025-09-12,44768.12109375,,,Nikkei225,^N225,Market
2025-09-16,44902.26953125,,,Nikkei225,^N225,Market
2025-09-17,44790.37890625,,,Nikkei225,^N225,Market
2025-09-18,45303.4296875,,,Nikkei225,^N225,Market
2025-09-19,45045.80859375,,,Nikkei225,^N225,Market
2025-09-22,45493.66015625,,,Nikkei225,^N225,Market
2025-09-24,45630.30859375,,,Nikkei225,^N225,Market
2025-09-25,45754.9296875,,,Nikkei225,^N225,Market
2025-09-26,45354.98828125,,,Nikkei225,^N225,Market
2025-09-29,45043.75,,,Nikkei225,^N225,Market
2025-09-30,44932.62890625,,,Nikkei225,^N225,Market
2025-10-01,44550.8515625,,,Nikkei225,^N225,Market
2025-10-02,44936.73046875,,,Nikkei225,^N225,Market
2025-10-03,45769.5,,,Nikkei225,^N225,Market
2025-10-06,47944.76171875,,,Nikkei225,^N225,Market
2025-10-07,47950.87890625,,,Nikkei225,^N225,Market
2025-10-08,47734.98828125,,,Nikkei225,^N225,Market
2025-10-09,48580.44140625,,,Nikkei225,^N225,Market
2025-10-10,48088.80078125,,,Nikkei225,^N225,Market
2025-10-14,46847.3203125,,,Nikkei225,^N225,Market
2025-10-15,47672.671875,,,Nikkei225,^N225,Market
2025-10-16,48277.73828125,,,Nikkei225,^N225,Market
2025-10-17,47582.1484375,,,Nikkei225,^N225,Market
2025-10-20,49185.5,,,Nikkei225,^N225,Market
2025-10-21,49316.05859375,,,Nikkei225,^N225,Market
2025-10-22,49307.7890625,,,Nikkei225,^N225,Market
2025-10-23,48641.609375,,,Nikkei225,^N225,Market
2025-10-24,49299.6484375,,,Nikkei225,^N225,Market
2025-10-27,50512.3203125,,,Nikkei225,^N225,Market
2025-10-28,50219.1796875,,,Nikkei225,^N225,Market
2025-10-29,51307.6484375,,,Nikkei225,^N225,Market
2025-10-30,51325.609375,,,Nikkei225,^N225,Market
2025-10-31,52411.33984375,,,Nikkei225,^N225,Market
2025-11-04,51497.19921875,,,Nikkei225,^N225,Market
2025-11-05,50212.26953125,,,Nikkei225,^N225,Market
2025-11-06,50883.6796875,,,Nikkei225,^N225,Market
2025-11-07,50276.37109375,,,Nikkei225,^N225,Market
2025-11-10,50911.76171875,,,Nikkei225,^N225,Market
2025-11-11,50842.9296875,,,Nikkei225,^N225,Market
2025-11-12,51063.30859375,,,Nikkei225,^N225,Market
2025-11-13,51281.828125,,,Nikkei225,^N225,Market
2025-11-14,50376.53125,,,Nikkei225,^N225,Market
2025-11-17,50323.91015625,,,Nikkei225,^N225,Market
2025-11-18,48702.98046875,,,Nikkei225,^N225,Market
2025-11-19,48537.69921875,,,Nikkei225,^N225,Market
2025-11-20,49823.94140625,,,Nikkei225,^N225,Market
2025-11-21,48625.87890625,,,Nikkei225,^N225,Market
2025-11-25,48659.51953125,,,Nikkei225,^N225,Market
2025-11-26,49559.0703125,,,Nikkei225,^N225,Market
2025-11-27,50167.1015625,,,Nikkei225,^N225,Market
2025-11-28,50253.91015625,,,Nikkei225,^N225,Market
2025-12-01,49303.28125,,,Nikkei225,^N225,Market
2025-12-02,49303.44921875,,,Nikkei225,^N225,Market
2025-12-03,49864.6796875,,,Nikkei225,^N225,Market
2025-12-04,51028.421875,,,Nikkei225,^N225,Market
2025-12-05,50491.87109375,,,Nikkei225,^N225,Market
2025-12-08,50581.94140625,,,Nikkei225,^N225,Market
2025-12-09,50655.1015625,,,Nikkei225,^N225,Market
2025-12-10,50602.80078125,,,Nikkei225,^N225,Market
2025-12-11,50148.8203125,,,Nikkei225,^N225,Market
2025-12-12,50836.55078125,,,Nikkei225,^N225,Market
2025-12-15,50168.109375,,,Nikkei225,^N225,Market
2025-12-16,49383.2890625,,,Nikkei225,^N225,Market
2025-12-17,49512.28125,,,Nikkei225,^N225,Market
2025-12-18,49001.5,,,Nikkei225,^N225,Market
2025-12-19,49507.2109375,,,Nikkei225,^N225,Market
2025-12-22,50402.390625,,,Nikkei225,^N225,Market
2025-12-23,50412.87109375,,,Nikkei225,^N225,Market
2025-12-24,50344.1015625,,,Nikkei225,^N225,Market
2025-12-25,50407.7890625,,,Nikkei225,^N225,Market
2025-12-26,50750.390625,,,Nikkei225,^N225,Market
2025-12-29,50526.921875,,,Nikkei225,^N225,Market
2025-12-30,50339.48046875,,,Nikkei225,^N225,Market
2026-01-05,51832.80078125,,,Nikkei225,^N225,Market
2026-01-06,52518.078125,,,Nikkei225,^N225,Market
2026-01-07,51961.98046875,,,Nikkei225,^N225,Market
2026-01-08,51117.26171875,,,Nikkei225,^N225,Market
2026-01-09,51939.890625,,,Nikkei225,^N225,Market
2026-01-13,53549.16015625,,,Nikkei225,^N225,Market
2026-01-14,54341.23046875,,,Nikkei225,^N225,Market
2026-01-15,54110.5,,,Nikkei225,^N225,Market
2026-01-16,53936.171875,,,Nikkei225,^N225,Market
2026-01-19,53583.5703125,,,Nikkei225,^N225,Market
2026-01-20,52991.1015625,,,Nikkei225,^N225,Market
2026-01-21,52774.640625,,,Nikkei225,^N225,Market
2026-01-22,53688.890625,,,Nikkei225,^N225,Market
2026-01-23,53846.87109375,,,Nikkei225,^N225,Market
2026-01-26,52885.25,,,Nikkei225,^N225,Market
2026-01-27,53333.5390625,,,Nikkei225,^N225,Market
2026-01-28,53358.7109375,,,Nikkei225,^N225,Market
2026-01-29,53375.6015625,,,Nikkei225,^N225,Market
2026-01-30,53322.8515625,,,Nikkei225,^N225,Market
2026-02-02,52655.1796875,,,Nikkei225,^N225,Market
2026-02-03,54720.66015625,,,Nikkei225,^N225,Market
2026-02-04,54293.359375,,,Nikkei225,^N225,Market
2026-02-05,53818.0390625,,,Nikkei225,^N225,Market
2026-02-06,54253.6796875,,,Nikkei225,^N225,Market
2026-02-09,56363.94140625,,,Nikkei225,^N225,Market
2026-02-10,57650.5390625,,,Nikkei225,^N225,Market
2026-02-12,57639.83984375,,,Nikkei225,^N225,Market
2026-02-13,56941.96875,,,Nikkei225,^N225,Market
2026-02-16,56806.41015625,,,Nikkei225,^N225,Market
2026-02-17,56566.48828125,,,Nikkei225,^N225,Market
2026-02-18,57143.83984375,,,Nikkei225,^N225,Market
2026-02-19,57467.828125,,,Nikkei225,^N225,Market
2026-02-20,56825.69921875,,,Nikkei225,^N225,Market
2026-02-24,57321.08984375,,,Nikkei225,^N225,Market
2026-02-25,58583.12109375,,,Nikkei225,^N225,Market
2026-02-26,58753.390625,,,Nikkei225,^N225,Market
2026-02-27,58850.26953125,,,Nikkei225,^N225,Market
2026-03-02,58057.23828125,,,Nikkei225,^N225,Market
2026-03-03,56279.05078125,,,Nikkei225,^N225,Market
2026-03-04,54245.5390625,,,Nikkei225,^N225,Market
2026-03-05,55278.05859375,,,Nikkei225,^N225,Market
2026-03-06,55620.83984375,,,Nikkei225,^N225,Market
2026-03-09,52728.71875,,,Nikkei225,^N225,Market
2026-03-10,54248.390625,,,Nikkei225,^N225,Market
2026-03-11,55025.37109375,,,Nikkei225,^N225,Market
2026-03-12,54452.9609375,,,Nikkei225,^N225,Market
2026-03-13,53819.609375,,,Nikkei225,^N225,Market
2026-03-16,53751.1484375,,,Nikkei225,^N225,Market
2026-03-17,53700.390625,,,Nikkei225,^N225,Market
2026-03-18,55239.3984375,,,Nikkei225,^N225,Market
2026-03-19,53372.53125,,,Nikkei225,^N225,Market
2026-03-23,51515.48828125,,,Nikkei225,^N225,Market
2026-03-24,52252.28125,,,Nikkei225,^N225,Market
2026-03-25,53749.62109375,,,Nikkei225,^N225,Market
2026-03-26,53603.6484375,,,Nikkei225,^N225,Market
2026-03-27,53373.0703125,,,Nikkei225,^N225,Market
2026-03-30,51885.8515625,,,Nikkei225,^N225,Market
2026-03-31,51063.71875,,,Nikkei225,^N225,Market
2026-04-01,53739.6796875,,,Nikkei225,^N225,Market
2026-04-02,52463.26953125,,,Nikkei225,^N225,Market
2026-04-03,53123.48828125,,,Nikkei225,^N225,Market
2026-04-06,53413.6796875,,,Nikkei225,^N225,Market
2026-04-07,53429.55859375,,,Nikkei225,^N225,Market
2026-04-08,56308.421875,,,Nikkei225,^N225,Market
2026-04-09,55895.3203125,,,Nikkei225,^N225,Market
2026-04-10,56924.109375,,,Nikkei225,^N225,Market
2026-04-13,56502.76953125,,,Nikkei225,^N225,Market
2026-04-14,57877.390625,,,Nikkei225,^N225,Market
2026-04-15,58134.23828125,,,Nikkei225,^N225,Market
2026-04-16,59518.33984375,,,Nikkei225,^N225,Market
2026-04-17,58475.8984375,,,Nikkei225,^N225,Market
2026-04-20,58824.890625,,,Nikkei225,^N225,Market
2026-04-21,59349.171875,,,Nikkei225,^N225,Market
2026-04-22,59585.859375,,,Nikkei225,^N225,Market
2026-04-23,59140.23046875,,,Nikkei225,^N225,Market
2026-04-24,59716.1796875,,,Nikkei225,^N225,Market
2026-04-27,60537.359375,,,Nikkei225,^N225,Market
2026-04-28,59917.4609375,,,Nikkei225,^N225,Market
2026-04-30,59284.921875,,,Nikkei225,^N225,Market
2026-05-01,59513.12109375,,,Nikkei225,^N225,Market
2026-05-07,62833.83984375,,,Nikkei225,^N225,Market
2026-05-08,62713.6484375,,,Nikkei225,^N225,Market
2026-05-11,62417.87890625,,,Nikkei225,^N225,Market
2026-05-12,62742.5703125,,,Nikkei225,^N225,Market
2026-05-13,63272.109375,,,Nikkei225,^N225,Market
2026-05-14,62654.05078125,,,Nikkei225,^N225,Market
2026-05-15,61409.2890625,,,Nikkei225,^N225,Market
2026-05-18,60815.94921875,,,Nikkei225,^N225,Market
2026-05-19,60550.58984375,,,Nikkei225,^N225,Market
2026-05-20,59804.41015625,,,Nikkei225,^N225,Market
2026-05-21,61684.140625,,,Nikkei225,^N225,Market
2026-05-22,63339.0703125,,,Nikkei225,^N225,Market
2026-05-25,65158.19140625,,,Nikkei225,^N225,Market
2026-05-26,64996.08984375,,,Nikkei225,^N225,Market
2026-05-27,64999.41015625,,,Nikkei225,^N225,Market
2026-05-28,64693.12109375,,,Nikkei225,^N225,Market
2026-05-29,66329.5,,,Nikkei225,^N225,Market
2026-06-01,66934.328125,,,Nikkei225,^N225,Market
2026-06-02,66734.2421875,,,Nikkei225,^N225,Market
2026-06-03,68402.1328125,,,Nikkei225,^N225,Market
2026-06-04,67470.6875,,,Nikkei225,^N225,Market
2026-06-05,66588.1171875,,,Nikkei225,^N225,Market
2026-06-08,64024.6015625,,,Nikkei225,^N225,Market
2026-06-09,65416.62890625,,,Nikkei225,^N225,Market
2026-06-10,64179.26953125,,,Nikkei225,^N225,Market
2026-06-11,64217.26953125,,,Nikkei225,^N225,Market
2026-06-12,66020.0390625,,,Nikkei225,^N225,Market
2026-06-15,69317.5,,,Nikkei225,^N225,Market
2026-06-16,69404.5,,,Nikkei225,^N225,Market
2026-06-17,69902.25,,,Nikkei225,^N225,Market
2026-06-18,71053.4921875,,,Nikkei225,^N225,Market
2026-06-19,71250.0625,,,Nikkei225,^N225,Market
2026-06-22,72353.9609375,,,Nikkei225,^N225,Market
2026-06-23,69788.3828125,,,Nikkei225,^N225,Market
2026-06-24,69174.96875,,,Nikkei225,^N225,Market
2026-06-25,72366.34375,,,Nikkei225,^N225,Market
2026-06-26,69360.8828125,,,Nikkei225,^N225,Market
2026-06-29,69468.109375,,,Nikkei225,^N225,Market
2026-06-30,70062.3203125,,,Nikkei225,^N225,Market
2026-07-01,70474.9609375,,,Nikkei225,^N225,Market
2026-07-02,68733.1484375,,,Nikkei225,^N225,Market
2026-07-03,69744.0703125,,,Nikkei225,^N225,Market
2026-07-06,69737.6875,,,Nikkei225,^N225,Market
2026-07-07,68256.9609375,,,Nikkei225,^N225,Market
2026-07-08,66819.046875,,,Nikkei225,^N225,Market
2026-07-09,67743.8515625,,,Nikkei225,^N225,Market
2026-07-10,68557.7265625,,,Nikkei225,^N225,Market
2026-07-13,67242.7265625,,,Nikkei225,^N225,Market
2026-07-14,67743.5,,,Nikkei225,^N225,Market
2026-07-15,68751.5078125,,,Nikkei225,^N225,Market
2026-07-16,66835.5390625,,,Nikkei225,^N225,Market
2026-07-17,64141.12109375,,,Nikkei225,^N225,Market
2026-07-21,66232.1875,,,Nikkei225,^N225,Market
2026-07-22,66115.6015625,,,Nikkei225,^N225,Market
2026-07-23,66422.6015625,,,Nikkei225,^N225,Market
2026-07-24,64611.1484375,,,Nikkei225,^N225,Market
2026-07-27,64931.19140625,,,Nikkei225,^N225,Market
2026-07-28,62364.921875,,,Nikkei225,^N225,Market
2026-07-29,61434.19140625,,,Nikkei225,^N225,Market
2026-07-30,61867.4296875,,,Nikkei225,^N225,Market
2026-07-31,64362.01953125,,,Nikkei225,^N225,Market
2026-08-03,63754.8984375,,,Nikkei225,^N225,Market
2026-08-04,63957.53125,,,Nikkei225,^N225,Market
2026-08-05,66300.4375,,,Nikkei225,^N225,Market
2026-08-06,65683.2578125,,,Nikkei225,^N225,Market
2026-08-07,65606.7109375,,,Nikkei225,^N225,Market
2026-08-10,66970.21875,,,Nikkei225,^N225,Market
2026-08-12,67524.0625,,,Nikkei225,^N225,Market
2026-08-13,68308.59375,,,Nikkei225,^N225,Market
2026-08-14,68713.796875,,,Nikkei225,^N225,Market
2026-08-17,69220.25,,,Nikkei225,^N225,Market
2026-08-18,67460.7265625,,,Nikkei225,^N225,Market
2026-08-19,65326.421875,,,Nikkei225,^N225,Market
2026-08-20,66216.7890625,,,Nikkei225,^N225,Market
2026-08-21,66016.359375,,,Nikkei225,^N225,Market
2026-08-24,65528.08984375,,,Nikkei225,^N225,Market
2026-08-25,65856.4296875,,,Nikkei225,^N225,Market
2026-08-26,66262.15625,,,Nikkei225,^N225,Market
2026-08-27,66131.9765625,,,Nikkei225,^N225,Market
2026-08-28,66405.5625,,,Nikkei225,^N225,Market
2026-08-31,66311.9296875,,,Nikkei225,^N225,Market
2026-09-01,66215.34375,,,Nikkei225,^N225,Market
2026-09-02,64325.640625,,,Nikkei225,^N225,Market
2026-09-03,64214.48046875,,,Nikkei225,^N225,Market
2026-09-04,65020.94140625,,,Nikkei225,^N225,Market
2026-09-07,66399.84375,,,Nikkei225,^N225,Market
2026-09-08,65269.328125,,,Nikkei225,^N225,Market
2026-09-09,65142.78125,,,Nikkei225,^N225,Market
2026-09-10,65270.94921875,,,Nikkei225,^N225,Market
2026-09-11,64011.33984375,,,Nikkei225,^N225,Market
2026-09-14,63492.98828125,,,Nikkei225,^N225,Market
2026-09-15,63484.1015625,,,Nikkei225,^N225,Market
2026-09-16,63923.0,,,Nikkei225,^N225,Market
2026-09-17,64136.25,,,Nikkei225,^N225,Market
2026-09-18,65018.94921875,,,Nikkei225,^N225,Market
2026-09-24,65513.98828125,,,Nikkei225,^N225,Market
2026-09-25,66364.203125,,,Nikkei225,^N225,Market
2026-09-28,65877.6171875,,,Nikkei225,^N225,Market
2026-09-29,65481.26953125,,,Nikkei225,^N225,Market
2026-09-30,66753.71875,,,Nikkei225,^N225,Market
2021-09-30,111.93599700927734,,,USDJPY,JPY=X,Market
2021-10-01,111.46099853515625,,,USDJPY,JPY=X,Market
2021-10-04,110.9469985961914,,,USDJPY,JPY=X,Market
2021-10-05,110.96800231933594,,,USDJPY,JPY=X,Market
2021-10-06,111.48699951171875,,,USDJPY,JPY=X,Market
2021-10-07,111.41300201416016,,,USDJPY,JPY=X,Market
2021-10-08,111.66200256347656,,,USDJPY,JPY=X,Market
2021-10-11,112.2699966430664,,,USDJPY,JPY=X,Market
2021-10-12,113.38800048828125,,,USDJPY,JPY=X,Market
2021-10-13,113.51899719238281,,,USDJPY,JPY=X,Market
2021-10-14,113.3010025024414,,,USDJPY,JPY=X,Market
2021-10-15,113.83399963378906,,,USDJPY,JPY=X,Market
2021-10-18,114.3239974975586,,,USDJPY,JPY=X,Market
2021-10-19,114.28500366210938,,,USDJPY,JPY=X,Market
2021-10-20,114.54299926757812,,,USDJPY,JPY=X,Market
2021-10-21,114.38899993896484,,,USDJPY,JPY=X,Market
2021-10-22,113.8499984741211,,,USDJPY,JPY=X,Market
2021-10-25,113.66400146484375,,,USDJPY,JPY=X,Market
2021-10-26,113.76499938964844,,,USDJPY,JPY=X,Market
2021-10-27,114.18800354003906,,,USDJPY,JPY=X,Market
2021-10-28,113.7760009765625,,,USDJPY,JPY=X,Market
2021-10-29,113.61599731445312,,,USDJPY,JPY=X,Market
2021-11-01,114.23600006103516,,,USDJPY,JPY=X,Market
2021-11-02,114.09400177001953,,,USDJPY,JPY=X,Market
2021-11-03,113.96199798583984,,,USDJPY,JPY=X,Market
2021-11-04,114.06999969482422,,,USDJPY,JPY=X,Market
2021-11-05,113.83699798583984,,,USDJPY,JPY=X,Market
2021-11-08,113.4749984741211,,,USDJPY,JPY=X,Market
2021-11-09,113.25399780273438,,,USDJPY,JPY=X,Market
2021-11-10,112.91200256347656,,,USDJPY,JPY=X,Market
2021-11-11,113.90499877929688,,,USDJPY,JPY=X,Market
2021-11-12,114.04299926757812,,,USDJPY,JPY=X,Market
2021-11-15,113.98100280761719,,,USDJPY,JPY=X,Market
2021-11-16,114.13200378417969,,,USDJPY,JPY=X,Market
2021-11-17,114.90399932861328,,,USDJPY,JPY=X,Market
2021-11-18,114.19000244140625,,,USDJPY,JPY=X,Market
2021-11-19,114.28199768066406,,,USDJPY,JPY=X,Market
2021-11-22,114.13800048828125,,,USDJPY,JPY=X,Market
2021-11-23,114.79000091552734,,,USDJPY,JPY=X,Market
2021-11-24,115.14099884033203,,,USDJPY,JPY=X,Market
2021-11-25,115.40799713134766,,,USDJPY,JPY=X,Market
2021-11-26,115.06900024414062,,,USDJPY,JPY=X,Market
2021-11-29,113.71900177001953,,,USDJPY,JPY=X,Market
2021-11-30,113.80400085449219,,,USDJPY,JPY=X,Market
2021-12-01,113.29900360107422,,,USDJPY,JPY=X,Market
2021-12-02,112.88200378417969,,,USDJPY,JPY=X,Market
2021-12-03,113.02200317382812,,,USDJPY,JPY=X,Market
2021-12-06,113.04199981689453,,,USDJPY,JPY=X,Market
2021-12-07,113.45800018310547,,,USDJPY,JPY=X,Market
2021-12-08,113.5250015258789,,,USDJPY,JPY=X,Market
2021-12-09,113.68399810791016,,,USDJPY,JPY=X,Market
2021-12-10,113.447998046875,,,USDJPY,JPY=X,Market
2021-12-13,113.5009994506836,,,USDJPY,JPY=X,Market
2021-12-14,113.5770034790039,,,USDJPY,JPY=X,Market
2021-12-15,113.74299621582031,,,USDJPY,JPY=X,Market
2021-12-16,114.13600158691406,,,USDJPY,JPY=X,Market
2021-12-17,113.66300201416016,,,USDJPY,JPY=X,Market
2021-12-20,113.51799774169922,,,USDJPY,JPY=X,Market
2021-12-21,113.66200256347656,,,USDJPY,JPY=X,Market
2021-12-22,113.99400329589844,,,USDJPY,JPY=X,Market
2021-12-23,114.12100219726562,,,USDJPY,JPY=X,Market
2021-12-24,114.45800018310547,,,USDJPY,JPY=X,Market
2021-12-27,114.33300018310547,,,USDJPY,JPY=X,Market
2021-12-28,114.79199981689453,,,USDJPY,JPY=X,Market
2021-12-29,114.77300262451172,,,USDJPY,JPY=X,Market
2021-12-30,114.947998046875,,,USDJPY,JPY=X,Market
2021-12-31,115.06300354003906,,,USDJPY,JPY=X,Market
2022-01-03,115.14199829101562,,,USDJPY,JPY=X,Market
2022-01-04,115.3280029296875,,,USDJPY,JPY=X,Market
2022-01-05,116.17400360107422,,,USDJPY,JPY=X,Market
2022-01-06,116.12799835205078,,,USDJPY,JPY=X,Market
2022-01-07,115.86499786376953,,,USDJPY,JPY=X,Market
2022-01-10,115.61799621582031,,,USDJPY,JPY=X,Market
2022-01-11,115.27799987792969,,,USDJPY,JPY=X,Market
2022-01-12,115.33100128173828,,,USDJPY,JPY=X,Market
2022-01-13,114.67500305175781,,,USDJPY,JPY=X,Market
2022-01-14,114.11799621582031,,,USDJPY,JPY=X,Market
2022-01-17,114.30599975585938,,,USDJPY,JPY=X,Market
2022-01-18,114.57099914550781,,,USDJPY,JPY=X,Market
2022-01-19,114.55400085449219,,,USDJPY,JPY=X,Market
2022-01-20,114.34700012207031,,,USDJPY,JPY=X,Market
2022-01-21,113.99299621582031,,,USDJPY,JPY=X,Market
2022-01-24,113.78500366210938,,,USDJPY,JPY=X,Market
2022-01-25,114.01100158691406,,,USDJPY,JPY=X,Market
2022-01-26,113.875,,,USDJPY,JPY=X,Market
2022-01-27,114.72100067138672,,,USDJPY,JPY=X,Market
2022-01-28,115.35199737548828,,,USDJPY,JPY=X,Market
2022-01-31,115.26200103759766,,,USDJPY,JPY=X,Market
2022-02-01,115.12100219726562,,,USDJPY,JPY=X,Market
2022-02-02,114.73600006103516,,,USDJPY,JPY=X,Market
2022-02-03,114.38200378417969,,,USDJPY,JPY=X,Market
2022-02-04,114.95700073242188,,,USDJPY,JPY=X,Market
2022-02-07,115.2239990234375,,,USDJPY,JPY=X,Market
2022-02-08,115.06300354003906,,,USDJPY,JPY=X,Market
2022-02-09,115.53099822998047,,,USDJPY,JPY=X,Market
2022-02-10,115.60199737548828,,,USDJPY,JPY=X,Market
2022-02-11,116.0469970703125,,,USDJPY,JPY=X,Market
2022-02-14,115.58399963378906,,,USDJPY,JPY=X,Market
2022-02-15,115.53600311279297,,,USDJPY,JPY=X,Market
2022-02-16,115.63500213623047,,,USDJPY,JPY=X,Market
2022-02-17,115.38700103759766,,,USDJPY,JPY=X,Market
2022-02-18,114.86599731445312,,,USDJPY,JPY=X,Market
2022-02-21,114.96099853515625,,,USDJPY,JPY=X,Market
2022-02-22,114.60900115966797,,,USDJPY,JPY=X,Market
2022-02-23,115.09600067138672,,,USDJPY,JPY=X,Market
2022-02-24,114.89800262451172,,,USDJPY,JPY=X,Market
2022-02-25,115.57099914550781,,,USDJPY,JPY=X,Market
2022-02-28,115.58499908447266,,,USDJPY,JPY=X,Market
2022-03-01,115.0780029296875,,,USDJPY,JPY=X,Market
2022-03-02,114.83300018310547,,,USDJPY,JPY=X,Market
2022-03-03,115.51899719238281,,,USDJPY,JPY=X,Market
2022-03-04,115.4739990234375,,,USDJPY,JPY=X,Market
2022-03-07,114.94999694824219,,,USDJPY,JPY=X,Market
2022-03-08,115.37300109863281,,,USDJPY,JPY=X,Market
2022-03-09,115.72200012207031,,,USDJPY,JPY=X,Market
2022-03-10,115.90899658203125,,,USDJPY,JPY=X,Market
2022-03-11,116.17900085449219,,,USDJPY,JPY=X,Market
2022-03-14,117.52899932861328,,,USDJPY,JPY=X,Market
2022-03-15,118.21800231933594,,,USDJPY,JPY=X,Market
2022-03-16,118.29199981689453,,,USDJPY,JPY=X,Market
2022-03-17,118.87000274658203,,,USDJPY,JPY=X,Market
2022-03-18,118.48600006103516,,,USDJPY,JPY=X,Market
2022-03-21,119.26300048828125,,,USDJPY,JPY=X,Market
2022-03-22,119.59400177001953,,,USDJPY,JPY=X,Market
2022-03-23,121.33999633789062,,,USDJPY,JPY=X,Market
2022-03-24,121.12699890136719,,,USDJPY,JPY=X,Market
2022-03-25,122.34600067138672,,,USDJPY,JPY=X,Market
2022-03-28,122.2699966430664,,,USDJPY,JPY=X,Market
2022-03-29,123.66000366210938,,,USDJPY,JPY=X,Market
2022-03-30,123.125,,,USDJPY,JPY=X,Market
2022-03-31,122.02100372314453,,,USDJPY,JPY=X,Market
2022-04-01,121.75599670410156,,,USDJPY,JPY=X,Market
2022-04-04,122.61000061035156,,,USDJPY,JPY=X,Market
2022-04-05,122.80899810791016,,,USDJPY,JPY=X,Market
2022-04-06,123.65599822998047,,,USDJPY,JPY=X,Market
2022-04-07,123.7229995727539,,,USDJPY,JPY=X,Market
2022-04-08,124.09600067138672,,,USDJPY,JPY=X,Market
2022-04-11,124.38500213623047,,,USDJPY,JPY=X,Market
2022-04-12,125.47200012207031,,,USDJPY,JPY=X,Market
2022-04-13,125.41600036621094,,,USDJPY,JPY=X,Market
2022-04-14,125.37699890136719,,,USDJPY,JPY=X,Market
2022-04-15,126.17900085449219,,,USDJPY,JPY=X,Market
2022-04-18,126.61799621582031,,,USDJPY,JPY=X,Market
2022-04-19,127.0979995727539,,,USDJPY,JPY=X,Market
2022-04-20,129.33299255371094,,,USDJPY,JPY=X,Market
2022-04-21,128.01300048828125,,,USDJPY,JPY=X,Market
2022-04-22,128.4080047607422,,,USDJPY,JPY=X,Market
2022-04-25,128.60499572753906,,,USDJPY,JPY=X,Market
2022-04-26,127.74400329589844,,,USDJPY,JPY=X,Market
2022-04-27,127.26599884033203,,,USDJPY,JPY=X,Market
2022-04-28,128.3939971923828,,,USDJPY,JPY=X,Market
2022-04-29,130.81100463867188,,,USDJPY,JPY=X,Market
2022-05-02,130.01100158691406,,,USDJPY,JPY=X,Market
2022-05-03,130.11199951171875,,,USDJPY,JPY=X,Market
2022-05-04,130.11599731445312,,,USDJPY,JPY=X,Market
2022-05-05,129.22300720214844,,,USDJPY,JPY=X,Market
2022-05-06,130.3300018310547,,,USDJPY,JPY=X,Market
2022-05-09,130.74899291992188,,,USDJPY,JPY=X,Market
2022-05-10,130.3769989013672,,,USDJPY,JPY=X,Market
2022-05-11,130.3509979248047,,,USDJPY,JPY=X,Market
2022-05-12,129.8350067138672,,,USDJPY,JPY=X,Market
2022-05-13,128.58799743652344,,,USDJPY,JPY=X,Market
2022-05-16,129.4320068359375,,,USDJPY,JPY=X,Market
2022-05-17,128.92300415039062,,,USDJPY,JPY=X,Market
2022-05-18,129.45399475097656,,,USDJPY,JPY=X,Market
2022-05-19,127.91400146484375,,,USDJPY,JPY=X,Market
2022-05-20,127.83200073242188,,,USDJPY,JPY=X,Market
2022-05-23,127.90299987792969,,,USDJPY,JPY=X,Market
2022-05-24,127.84600067138672,,,USDJPY,JPY=X,Market
2022-05-25,126.76899719238281,,,USDJPY,JPY=X,Market
2022-05-26,127.1520004272461,,,USDJPY,JPY=X,Market
2022-05-27,127.04499816894531,,,USDJPY,JPY=X,Market
2022-05-30,127.28500366210938,,,USDJPY,JPY=X,Market
2022-05-31,127.78399658203125,,,USDJPY,JPY=X,Market
2022-06-01,128.73599243164062,,,USDJPY,JPY=X,Market
2022-06-02,130.1219940185547,,,USDJPY,JPY=X,Market
2022-06-03,129.91799926757812,,,USDJPY,JPY=X,Market
2022-06-06,130.70700073242188,,,USDJPY,JPY=X,Market
2022-06-07,132.17599487304688,,,USDJPY,JPY=X,Market
2022-06-08,132.8470001220703,,,USDJPY,JPY=X,Market
2022-06-09,134.42999267578125,,,USDJPY,JPY=X,Market
2022-06-10,134.41799926757812,,,USDJPY,JPY=X,Market
2022-06-13,134.81399536132812,,,USDJPY,JPY=X,Market
2022-06-14,134.22500610351562,,,USDJPY,JPY=X,Market
2022-06-15,135.29400634765625,,,USDJPY,JPY=X,Market
2022-06-16,134.11500549316406,,,USDJPY,JPY=X,Market
2022-06-17,132.42100524902344,,,USDJPY,JPY=X,Market
2022-06-20,135.2760009765625,,,USDJPY,JPY=X,Market
2022-06-21,135.08700561523438,,,USDJPY,JPY=X,Market
2022-06-22,136.2689971923828,,,USDJPY,JPY=X,Market
2022-06-23,136.0240020751953,,,USDJPY,JPY=X,Market
2022-06-24,134.83999633789062,,,USDJPY,JPY=X,Market
2022-06-27,135.06199645996094,,,USDJPY,JPY=X,Market
2022-06-28,135.43499755859375,,,USDJPY,JPY=X,Market
2022-06-29,136.0469970703125,,,USDJPY,JPY=X,Market
2022-06-30,136.58900451660156,,,USDJPY,JPY=X,Market
2022-07-01,135.78599548339844,,,USDJPY,JPY=X,Market
2022-07-04,135.04299926757812,,,USDJPY,JPY=X,Market
2022-07-05,135.83999633789062,,,USDJPY,JPY=X,Market
2022-07-06,135.52099609375,,,USDJPY,JPY=X,Market
2022-07-07,135.96600341796875,,,USDJPY,JPY=X,Market
2022-07-08,135.91299438476562,,,USDJPY,JPY=X,Market
2022-07-11,136.30099487304688,,,USDJPY,JPY=X,Market
2022-07-12,137.38800048828125,,,USDJPY,JPY=X,Market
2022-07-13,136.7259979248047,,,USDJPY,JPY=X,Market
2022-07-14,137.6280059814453,,,USDJPY,JPY=X,Market
2022-07-15,138.9669952392578,,,USDJPY,JPY=X,Market
2022-07-18,138.31399536132812,,,USDJPY,JPY=X,Market
2022-07-19,138.22900390625,,,USDJPY,JPY=X,Market
2022-07-20,138.1909942626953,,,USDJPY,JPY=X,Market
2022-07-21,138.39500427246094,,,USDJPY,JPY=X,Market
2022-07-22,137.09800720214844,,,USDJPY,JPY=X,Market
2022-07-25,136.31199645996094,,,USDJPY,JPY=X,Market
2022-07-26,136.43099975585938,,,USDJPY,JPY=X,Market
2022-07-27,136.97000122070312,,,USDJPY,JPY=X,Market
2022-07-28,136.11099243164062,,,USDJPY,JPY=X,Market
2022-07-29,134.39700317382812,,,USDJPY,JPY=X,Market
2022-08-01,133.40699768066406,,,USDJPY,JPY=X,Market
2022-08-02,131.57200622558594,,,USDJPY,JPY=X,Market
2022-08-03,133.37899780273438,,,USDJPY,JPY=X,Market
2022-08-04,133.96200561523438,,,USDJPY,JPY=X,Market
2022-08-05,132.62100219726562,,,USDJPY,JPY=X,Market
2022-08-08,135.0570068359375,,,USDJPY,JPY=X,Market
2022-08-09,134.83999633789062,,,USDJPY,JPY=X,Market
2022-08-10,135.18699645996094,,,USDJPY,JPY=X,Market
2022-08-11,132.8300018310547,,,USDJPY,JPY=X,Market
2022-08-12,132.99400329589844,,,USDJPY,JPY=X,Market
2022-08-15,133.28799438476562,,,USDJPY,JPY=X,Market
2022-08-16,133.14300537109375,,,USDJPY,JPY=X,Market
2022-08-17,134.27699279785156,,,USDJPY,JPY=X,Market
2022-08-18,134.94400024414062,,,USDJPY,JPY=X,Market
2022-08-19,135.7949981689453,,,USDJPY,JPY=X,Market
2022-08-22,137.04100036621094,,,USDJPY,JPY=X,Market
2022-08-23,137.54600524902344,,,USDJPY,JPY=X,Market
2022-08-24,136.73300170898438,,,USDJPY,JPY=X,Market
2022-08-25,137.08099365234375,,,USDJPY,JPY=X,Market
2022-08-26,136.56300354003906,,,USDJPY,JPY=X,Market
2022-08-29,137.52000427246094,,,USDJPY,JPY=X,Market
2022-08-30,138.5959930419922,,,USDJPY,JPY=X,Market
2022-08-31,138.73399353027344,,,USDJPY,JPY=X,Market
2022-09-01,139.29600524902344,,,USDJPY,JPY=X,Market
2022-09-02,140.08099365234375,,,USDJPY,JPY=X,Market
2022-09-05,140.48699951171875,,,USDJPY,JPY=X,Market
2022-09-06,140.42999267578125,,,USDJPY,JPY=X,Market
2022-09-07,143.1510009765625,,,USDJPY,JPY=X,Market
2022-09-08,144.1280059814453,,,USDJPY,JPY=X,Market
2022-09-09,143.8560028076172,,,USDJPY,JPY=X,Market
2022-09-12,142.5959930419922,,,USDJPY,JPY=X,Market
2022-09-13,142.5850067138672,,,USDJPY,JPY=X,Market
2022-09-14,144.4040069580078,,,USDJPY,JPY=X,Market
2022-09-15,142.92300415039062,,,USDJPY,JPY=X,Market
2022-09-16,143.36500549316406,,,USDJPY,JPY=X,Market
2022-09-19,142.76499938964844,,,USDJPY,JPY=X,Market
2022-09-20,143.22300720214844,,,USDJPY,JPY=X,Market
2022-09-21,143.6020050048828,,,USDJPY,JPY=X,Market
2022-09-22,144.3159942626953,,,USDJPY,JPY=X,Market
2022-09-23,142.27999877929688,,,USDJPY,JPY=X,Market
2022-09-26,143.51100158691406,,,USDJPY,JPY=X,Market
2022-09-27,144.45899963378906,,,USDJPY,JPY=X,Market
2022-09-28,144.6909942626953,,,USDJPY,JPY=X,Market
2022-09-29,144.3979949951172,,,USDJPY,JPY=X,Market
2022-09-30,144.43099975585938,,,USDJPY,JPY=X,Market
2022-10-03,144.8159942626953,,,USDJPY,JPY=X,Market
2022-10-04,144.5189971923828,,,USDJPY,JPY=X,Market
2022-10-05,143.78700256347656,,,USDJPY,JPY=X,Market
2022-10-06,144.44900512695312,,,USDJPY,JPY=X,Market
2022-10-07,145.03900146484375,,,USDJPY,JPY=X,Market
2022-10-10,145.48199462890625,,,USDJPY,JPY=X,Market
2022-10-11,145.6739959716797,,,USDJPY,JPY=X,Market
2022-10-12,145.8699951171875,,,USDJPY,JPY=X,Market
2022-10-13,146.73699951171875,,,USDJPY,JPY=X,Market
2022-10-14,147.29299926757812,,,USDJPY,JPY=X,Market
2022-10-17,148.6320037841797,,,USDJPY,JPY=X,Market
2022-10-18,148.9709930419922,,,USDJPY,JPY=X,Market
2022-10-19,149.20899963378906,,,USDJPY,JPY=X,Market
2022-10-20,149.8209991455078,,,USDJPY,JPY=X,Market
2022-10-21,150.17599487304688,,,USDJPY,JPY=X,Market
2022-10-24,147.81900024414062,,,USDJPY,JPY=X,Market
2022-10-25,148.88699340820312,,,USDJPY,JPY=X,Market
2022-10-26,147.97999572753906,,,USDJPY,JPY=X,Market
2022-10-27,146.13400268554688,,,USDJPY,JPY=X,Market
2022-10-28,146.2740020751953,,,USDJPY,JPY=X,Market
2022-10-31,147.81199645996094,,,USDJPY,JPY=X,Market
2022-11-01,148.73699951171875,,,USDJPY,JPY=X,Market
2022-11-02,147.9149932861328,,,USDJPY,JPY=X,Market
2022-11-03,147.89199829101562,,,USDJPY,JPY=X,Market
2022-11-04,148.39300537109375,,,USDJPY,JPY=X,Market
2022-11-07,146.84100341796875,,,USDJPY,JPY=X,Market
2022-11-08,146.62399291992188,,,USDJPY,JPY=X,Market
2022-11-09,145.2949981689453,,,USDJPY,JPY=X,Market
2022-11-10,146.20899963378906,,,USDJPY,JPY=X,Market
2022-11-11,141.73399353027344,,,USDJPY,JPY=X,Market
2022-11-14,139.55299377441406,,,USDJPY,JPY=X,Market
2022-11-15,140.11500549316406,,,USDJPY,JPY=X,Market
2022-11-16,138.96499633789062,,,USDJPY,JPY=X,Market
2022-11-17,139.32200622558594,,,USDJPY,JPY=X,Market
2022-11-18,140.41200256347656,,,USDJPY,JPY=X,Market
2022-11-21,140.2530059814453,,,USDJPY,JPY=X,Market
2022-11-22,142.09800720214844,,,USDJPY,JPY=X,Market
2022-11-23,141.15499877929688,,,USDJPY,JPY=X,Market
2022-11-24,139.2779998779297,,,USDJPY,JPY=X,Market
2022-11-25,138.60299682617188,,,USDJPY,JPY=X,Market
2022-11-28,139.10000610351562,,,USDJPY,JPY=X,Market
2022-11-29,138.718994140625,,,USDJPY,JPY=X,Market
2022-11-30,138.7449951171875,,,USDJPY,JPY=X,Market
2022-12-01,137.35899353027344,,,USDJPY,JPY=X,Market
2022-12-02,135.14999389648438,,,USDJPY,JPY=X,Market
2022-12-05,134.47500610351562,,,USDJPY,JPY=X,Market
2022-12-06,136.65199279785156,,,USDJPY,JPY=X,Market
2022-12-07,136.88600158691406,,,USDJPY,JPY=X,Market
2022-12-08,136.38099670410156,,,USDJPY,JPY=X,Market
2022-12-09,136.61399841308594,,,USDJPY,JPY=X,Market
2022-12-12,136.71200561523438,,,USDJPY,JPY=X,Market
2022-12-13,137.50399780273438,,,USDJPY,JPY=X,Market
2022-12-14,135.58399963378906,,,USDJPY,JPY=X,Market
2022-12-15,135.34800720214844,,,USDJPY,JPY=X,Market
2022-12-16,137.75100708007812,,,USDJPY,JPY=X,Market
2022-12-19,136.69000244140625,,,USDJPY,JPY=X,Market
2022-12-20,136.9949951171875,,,USDJPY,JPY=X,Market
2022-12-21,131.89199829101562,,,USDJPY,JPY=X,Market
2022-12-22,132.3699951171875,,,USDJPY,JPY=X,Market
2022-12-23,132.35699462890625,,,USDJPY,JPY=X,Market
2022-12-26,132.7899932861328,,,USDJPY,JPY=X,Market
2022-12-27,132.76400756835938,,,USDJPY,JPY=X,Market
2022-12-28,133.48599243164062,,,USDJPY,JPY=X,Market
2022-12-29,134.03399658203125,,,USDJPY,JPY=X,Market
2022-12-30,132.91600036621094,,,USDJPY,JPY=X,Market
2023-01-02,130.84500122070312,,,USDJPY,JPY=X,Market
2023-01-03,130.79400634765625,,,USDJPY,JPY=X,Market
2023-01-04,131.2480010986328,,,USDJPY,JPY=X,Market
2023-01-05,132.24600219726562,,,USDJPY,JPY=X,Market
2023-01-06,133.3070068359375,,,USDJPY,JPY=X,Market
2023-01-09,131.86199951171875,,,USDJPY,JPY=X,Market
2023-01-10,131.72900390625,,,USDJPY,JPY=X,Market
2023-01-11,132.1009979248047,,,USDJPY,JPY=X,Market
2023-01-12,131.90199279785156,,,USDJPY,JPY=X,Market
2023-01-13,129.1719970703125,,,USDJPY,JPY=X,Market
2023-01-16,128.0260009765625,,,USDJPY,JPY=X,Market
2023-01-17,128.3209991455078,,,USDJPY,JPY=X,Market
2023-01-18,128.281005859375,,,USDJPY,JPY=X,Market
2023-01-19,128.53900146484375,,,USDJPY,JPY=X,Market
2023-01-20,128.3699951171875,,,USDJPY,JPY=X,Market
2023-01-23,129.35400390625,,,USDJPY,JPY=X,Market
2023-01-24,130.5970001220703,,,USDJPY,JPY=X,Market
2023-01-25,130.23899841308594,,,USDJPY,JPY=X,Market
2023-01-26,129.23699951171875,,,USDJPY,JPY=X,Market
2023-01-27,129.8000030517578,,,USDJPY,JPY=X,Market
2023-01-30,129.85400390625,,,USDJPY,JPY=X,Market
2023-01-31,130.47900390625,,,USDJPY,JPY=X,Market
2023-02-01,130.11000061035156,,,USDJPY,JPY=X,Market
2023-02-02,128.6219940185547,,,USDJPY,JPY=X,Market
2023-02-03,128.74600219726562,,,USDJPY,JPY=X,Market
2023-02-06,132.00900268554688,,,USDJPY,JPY=X,Market
2023-02-07,132.6230010986328,,,USDJPY,JPY=X,Market
2023-02-08,131.04200744628906,,,USDJPY,JPY=X,Market
2023-02-09,131.38699340820312,,,USDJPY,JPY=X,Market
2023-02-10,131.5189971923828,,,USDJPY,JPY=X,Market
2023-02-13,131.55099487304688,,,USDJPY,JPY=X,Market
2023-02-14,132.33700561523438,,,USDJPY,JPY=X,Market
2023-02-15,132.99099731445312,,,USDJPY,JPY=X,Market
2023-02-16,133.9029998779297,,,USDJPY,JPY=X,Market
2023-02-17,134.07400512695312,,,USDJPY,JPY=X,Market
2023-02-20,134.3070068359375,,,USDJPY,JPY=X,Market
2023-02-21,134.33599853515625,,,USDJPY,JPY=X,Market
2023-02-22,134.9759979248047,,,USDJPY,JPY=X,Market
2023-02-23,134.9320068359375,,,USDJPY,JPY=X,Market
2023-02-24,134.6280059814453,,,USDJPY,JPY=X,Market
2023-02-27,136.39500427246094,,,USDJPY,JPY=X,Market
2023-02-28,136.31700134277344,,,USDJPY,JPY=X,Market
2023-03-01,136.34800720214844,,,USDJPY,JPY=X,Market
2023-03-02,136.19400024414062,,,USDJPY,JPY=X,Market
2023-03-03,136.7050018310547,,,USDJPY,JPY=X,Market
2023-03-06,135.86000061035156,,,USDJPY,JPY=X,Market
2023-03-07,135.99899291992188,,,USDJPY,JPY=X,Market
2023-03-08,137.39100646972656,,,USDJPY,JPY=X,Market
2023-03-09,137.2259979248047,,,USDJPY,JPY=X,Market
2023-03-10,136.39500427246094,,,USDJPY,JPY=X,Market
2023-03-13,134.97999572753906,,,USDJPY,JPY=X,Market
2023-03-14,133.11399841308594,,,USDJPY,JPY=X,Market
2023-03-15,134.39700317382812,,,USDJPY,JPY=X,Market
2023-03-16,132.9290008544922,,,USDJPY,JPY=X,Market
2023-03-17,133.3679962158203,,,USDJPY,JPY=X,Market
2023-03-20,132.28399658203125,,,USDJPY,JPY=X,Market
2023-03-21,131.39199829101562,,,USDJPY,JPY=X,Market
2023-03-22,132.34800720214844,,,USDJPY,JPY=X,Market
2023-03-23,131.1790008544922,,,USDJPY,JPY=X,Market
2023-03-24,130.86500549316406,,,USDJPY,JPY=X,Market
2023-03-27,130.8459930419922,,,USDJPY,JPY=X,Market
2023-03-28,131.23300170898438,,,USDJPY,JPY=X,Market
2023-03-29,131.04600524902344,,,USDJPY,JPY=X,Market
2023-03-30,132.5760040283203,,,USDJPY,JPY=X,Market
2023-03-31,133.2010040283203,,,USDJPY,JPY=X,Market
2023-04-03,133.3470001220703,,,USDJPY,JPY=X,Market
2023-04-04,132.2989959716797,,,USDJPY,JPY=X,Market
2023-04-05,131.48500061035156,,,USDJPY,JPY=X,Market
2023-04-06,130.9340057373047,,,USDJPY,JPY=X,Market
2023-04-07,131.66900634765625,,,USDJPY,JPY=X,Market
2023-04-10,132.0970001220703,,,USDJPY,JPY=X,Market
2023-04-11,133.468994140625,,,USDJPY,JPY=X,Market
2023-04-12,133.593994140625,,,USDJPY,JPY=X,Market
2023-04-13,133.0850067138672,,,USDJPY,JPY=X,Market
2023-04-14,132.48699951171875,,,USDJPY,JPY=X,Market
2023-04-17,133.9709930419922,,,USDJPY,JPY=X,Market
2023-04-18,134.4250030517578,,,USDJPY,JPY=X,Market
2023-04-19,134.04400634765625,,,USDJPY,JPY=X,Market
2023-04-20,134.70399475097656,,,USDJPY,JPY=X,Market
2023-04-21,133.99600219726562,,,USDJPY,JPY=X,Market
2023-04-24,133.96099853515625,,,USDJPY,JPY=X,Market
2023-04-25,134.08399963378906,,,USDJPY,JPY=X,Market
2023-04-26,133.71099853515625,,,USDJPY,JPY=X,Market
2023-04-27,133.46499633789062,,,USDJPY,JPY=X,Market
2023-04-28,133.802001953125,,,USDJPY,JPY=X,Market
2023-05-01,136.38600158691406,,,USDJPY,JPY=X,Market
2023-05-02,137.52099609375,,,USDJPY,JPY=X,Market
2023-05-03,136.46600341796875,,,USDJPY,JPY=X,Market
2023-05-04,134.54400634765625,,,USDJPY,JPY=X,Market
2023-05-05,134.1790008544922,,,USDJPY,JPY=X,Market
2023-05-08,135.19900512695312,,,USDJPY,JPY=X,Market
2023-05-09,135.072998046875,,,USDJPY,JPY=X,Market
2023-05-10,135.28799438476562,,,USDJPY,JPY=X,Market
2023-05-11,134.08700561523438,,,USDJPY,JPY=X,Market
2023-05-12,134.4980010986328,,,USDJPY,JPY=X,Market
2023-05-15,135.82200622558594,,,USDJPY,JPY=X,Market
2023-05-16,136.0449981689453,,,USDJPY,JPY=X,Market
2023-05-17,136.42999267578125,,,USDJPY,JPY=X,Market
2023-05-18,137.61399841308594,,,USDJPY,JPY=X,Market
2023-05-19,138.6199951171875,,,USDJPY,JPY=X,Market
2023-05-22,137.69200134277344,,,USDJPY,JPY=X,Market
2023-05-23,138.6719970703125,,,USDJPY,JPY=X,Market
2023-05-24,138.59800720214844,,,USDJPY,JPY=X,Market
2023-05-25,139.2830047607422,,,USDJPY,JPY=X,Market
2023-05-26,140.01699829101562,,,USDJPY,JPY=X,Market
2023-05-29,140.87100219726562,,,USDJPY,JPY=X,Market
2023-05-30,140.4409942626953,,,USDJPY,JPY=X,Market
2023-05-31,139.79200744628906,,,USDJPY,JPY=X,Market
2023-06-01,139.1269989013672,,,USDJPY,JPY=X,Market
2023-06-02,138.7480010986328,,,USDJPY,JPY=X,Market
2023-06-05,140.20700073242188,,,USDJPY,JPY=X,Market
2023-06-06,139.38299560546875,,,USDJPY,JPY=X,Market
2023-06-07,139.52699279785156,,,USDJPY,JPY=X,Market
2023-06-08,139.8990020751953,,,USDJPY,JPY=X,Market
2023-06-09,138.86300659179688,,,USDJPY,JPY=X,Market
2023-06-12,139.37100219726562,,,USDJPY,JPY=X,Market
2023-06-13,139.4600067138672,,,USDJPY,JPY=X,Market
2023-06-14,140.177001953125,,,USDJPY,JPY=X,Market
2023-06-15,139.9770050048828,,,USDJPY,JPY=X,Market
2023-06-16,140.26800537109375,,,USDJPY,JPY=X,Market
2023-06-19,141.86700439453125,,,USDJPY,JPY=X,Market
2023-06-20,141.8990020751953,,,USDJPY,JPY=X,Market
2023-06-21,141.3350067138672,,,USDJPY,JPY=X,Market
2023-06-22,141.68800354003906,,,USDJPY,JPY=X,Market
2023-06-23,143.02999877929688,,,USDJPY,JPY=X,Market
2023-06-26,143.54100036621094,,,USDJPY,JPY=X,Market
2023-06-27,143.4600067138672,,,USDJPY,JPY=X,Market
2023-06-28,143.8820037841797,,,USDJPY,JPY=X,Market
2023-06-29,144.38900756835938,,,USDJPY,JPY=X,Market
2023-06-30,144.77999877929688,,,USDJPY,JPY=X,Market
2023-07-03,144.3979949951172,,,USDJPY,JPY=X,Market
2023-07-04,144.58399963378906,,,USDJPY,JPY=X,Market
2023-07-05,144.406005859375,,,USDJPY,JPY=X,Market
2023-07-06,144.48899841308594,,,USDJPY,JPY=X,Market
2023-07-07,143.9510040283203,,,USDJPY,JPY=X,Market
2023-07-10,142.20899963378906,,,USDJPY,JPY=X,Market
2023-07-11,141.2969970703125,,,USDJPY,JPY=X,Market
2023-07-12,140.1179962158203,,,USDJPY,JPY=X,Market
2023-07-13,138.31500244140625,,,USDJPY,JPY=X,Market
2023-07-14,138.0749969482422,,,USDJPY,JPY=X,Market
2023-07-17,138.6820068359375,,,USDJPY,JPY=X,Market
2023-07-18,138.72900390625,,,USDJPY,JPY=X,Market
2023-07-19,139.02699279785156,,,USDJPY,JPY=X,Market
2023-07-20,139.59800720214844,,,USDJPY,JPY=X,Market
2023-07-21,139.86399841308594,,,USDJPY,JPY=X,Market
2023-07-24,141.75,,,USDJPY,JPY=X,Market
2023-07-25,141.52200317382812,,,USDJPY,JPY=X,Market
2023-07-26,140.91299438476562,,,USDJPY,JPY=X,Market
2023-07-27,140.36700439453125,,,USDJPY,JPY=X,Market
2023-07-28,138.86399841308594,,,USDJPY,JPY=X,Market
2023-07-31,140.75799560546875,,,USDJPY,JPY=X,Market
2023-08-01,142.322998046875,,,USDJPY,JPY=X,Market
2023-08-02,142.97000122070312,,,USDJPY,JPY=X,Market
2023-08-03,143.343994140625,,,USDJPY,JPY=X,Market
2023-08-04,142.59800720214844,,,USDJPY,JPY=X,Market
2023-08-07,141.87600708007812,,,USDJPY,JPY=X,Market
2023-08-08,142.5240020751953,,,USDJPY,JPY=X,Market
2023-08-09,143.2779998779297,,,USDJPY,JPY=X,Market
2023-08-10,143.7270050048828,,,USDJPY,JPY=X,Market
2023-08-11,144.85400390625,,,USDJPY,JPY=X,Market
2023-08-14,144.81700134277344,,,USDJPY,JPY=X,Market
2023-08-15,145.43699645996094,,,USDJPY,JPY=X,Market
2023-08-16,145.60800170898438,,,USDJPY,JPY=X,Market
2023-08-17,146.33299255371094,,,USDJPY,JPY=X,Market
2023-08-18,145.71400451660156,,,USDJPY,JPY=X,Market
2023-08-21,145.30499267578125,,,USDJPY,JPY=X,Market
2023-08-22,146.23800659179688,,,USDJPY,JPY=X,Market
2023-08-23,145.76300048828125,,,USDJPY,JPY=X,Market
2023-08-24,144.67300415039062,,,USDJPY,JPY=X,Market
2023-08-25,146.06700134277344,,,USDJPY,JPY=X,Market
2023-08-28,146.531005859375,,,USDJPY,JPY=X,Market
2023-08-29,146.46400451660156,,,USDJPY,JPY=X,Market
2023-08-30,145.98800659179688,,,USDJPY,JPY=X,Market
2023-08-31,146.0989990234375,,,USDJPY,JPY=X,Market
2023-09-01,145.47300720214844,,,USDJPY,JPY=X,Market
2023-09-04,146.0570068359375,,,USDJPY,JPY=X,Market
2023-09-05,146.54299926757812,,,USDJPY,JPY=X,Market
2023-09-06,147.4709930419922,,,USDJPY,JPY=X,Market
2023-09-07,147.70899963378906,,,USDJPY,JPY=X,Market
2023-09-08,147.33099365234375,,,USDJPY,JPY=X,Market
2023-09-11,147.11300659179688,,,USDJPY,JPY=X,Market
2023-09-12,146.67799377441406,,,USDJPY,JPY=X,Market
2023-09-13,147.1580047607422,,,USDJPY,JPY=X,Market
2023-09-14,147.3459930419922,,,USDJPY,JPY=X,Market
2023-09-15,147.48199462890625,,,USDJPY,JPY=X,Market
2023-09-18,147.8679962158203,,,USDJPY,JPY=X,Market
2023-09-19,147.60499572753906,,,USDJPY,JPY=X,Market
2023-09-20,147.74200439453125,,,USDJPY,JPY=X,Market
2023-09-21,148.3209991455078,,,USDJPY,JPY=X,Market
2023-09-22,147.6439971923828,,,USDJPY,JPY=X,Market
2023-09-25,148.4340057373047,,,USDJPY,JPY=X,Market
2023-09-26,148.81100463867188,,,USDJPY,JPY=X,Market
2023-09-27,149.0449981689453,,,USDJPY,JPY=X,Market
2023-09-28,149.4980010986328,,,USDJPY,JPY=X,Market
2023-09-29,149.33700561523438,,,USDJPY,JPY=X,Market
2023-10-02,149.5399932861328,,,USDJPY,JPY=X,Market
2023-10-03,149.8509979248047,,,USDJPY,JPY=X,Market
2023-10-04,149.19200134277344,,,USDJPY,JPY=X,Market
2023-10-05,148.96600341796875,,,USDJPY,JPY=X,Market
2023-10-06,148.46299743652344,,,USDJPY,JPY=X,Market
2023-10-09,149.16000366210938,,,USDJPY,JPY=X,Market
2023-10-10,148.32699584960938,,,USDJPY,JPY=X,Market
2023-10-11,148.6280059814453,,,USDJPY,JPY=X,Market
2023-10-12,149.03599548339844,,,USDJPY,JPY=X,Market
2023-10-13,149.7899932861328,,,USDJPY,JPY=X,Market
2023-10-16,149.5659942626953,,,USDJPY,JPY=X,Market
2023-10-17,149.5780029296875,,,USDJPY,JPY=X,Market
2023-10-18,149.75900268554688,,,USDJPY,JPY=X,Market
2023-10-19,149.74200439453125,,,USDJPY,JPY=X,Market
2023-10-20,149.802001953125,,,USDJPY,JPY=X,Market
2023-10-23,149.8800048828125,,,USDJPY,JPY=X,Market
2023-10-24,149.7689971923828,,,USDJPY,JPY=X,Market
2023-10-25,149.85400390625,,,USDJPY,JPY=X,Market
2023-10-26,150.09800720214844,,,USDJPY,JPY=X,Market
2023-10-27,150.36599731445312,,,USDJPY,JPY=X,Market
2023-10-30,149.73300170898438,,,USDJPY,JPY=X,Market
2023-10-31,149.11099243164062,,,USDJPY,JPY=X,Market
2023-11-01,151.29400634765625,,,USDJPY,JPY=X,Market
2023-11-02,150.5749969482422,,,USDJPY,JPY=X,Market
2023-11-03,150.4969940185547,,,USDJPY,JPY=X,Market
2023-11-06,149.44900512695312,,,USDJPY,JPY=X,Market
2023-11-07,149.98899841308594,,,USDJPY,JPY=X,Market
2023-11-08,150.39599609375,,,USDJPY,JPY=X,Market
2023-11-09,150.86399841308594,,,USDJPY,JPY=X,Market
2023-11-10,151.3489990234375,,,USDJPY,JPY=X,Market
2023-11-13,151.468994140625,,,USDJPY,JPY=X,Market
2023-11-14,151.64599609375,,,USDJPY,JPY=X,Market
2023-11-15,150.48500061035156,,,USDJPY,JPY=X,Market
2023-11-16,151.21499633789062,,,USDJPY,JPY=X,Market
2023-11-17,150.7050018310547,,,USDJPY,JPY=X,Market
2023-11-20,149.94200134277344,,,USDJPY,JPY=X,Market
2023-11-21,148.36199951171875,,,USDJPY,JPY=X,Market
2023-11-22,148.15199279785156,,,USDJPY,JPY=X,Market
2023-11-23,149.4600067138672,,,USDJPY,JPY=X,Market
2023-11-24,149.63499450683594,,,USDJPY,JPY=X,Market
2023-11-27,149.5709991455078,,,USDJPY,JPY=X,Market
2023-11-28,148.45199584960938,,,USDJPY,JPY=X,Market
2023-11-29,147.06300354003906,,,USDJPY,JPY=X,Market
2023-11-30,147.03900146484375,,,USDJPY,JPY=X,Market
2023-12-01,147.99899291992188,,,USDJPY,JPY=X,Market
2023-12-04,146.39300537109375,,,USDJPY,JPY=X,Market
2023-12-05,147.32699584960938,,,USDJPY,JPY=X,Market
2023-12-06,147.18499755859375,,,USDJPY,JPY=X,Market
2023-12-07,147.1840057373047,,,USDJPY,JPY=X,Market
2023-12-08,144.2779998779297,,,USDJPY,JPY=X,Market
2023-12-11,144.98300170898438,,,USDJPY,JPY=X,Market
2023-12-12,146.0850067138672,,,USDJPY,JPY=X,Market
2023-12-13,145.27999877929688,,,USDJPY,JPY=X,Market
2023-12-14,142.7729949951172,,,USDJPY,JPY=X,Market
2023-12-15,142.2790069580078,,,USDJPY,JPY=X,Market
2023-12-18,142.31300354003906,,,USDJPY,JPY=X,Market
2023-12-19,142.7220001220703,,,USDJPY,JPY=X,Market
2023-12-20,143.88900756835938,,,USDJPY,JPY=X,Market
2023-12-21,143.5229949951172,,,USDJPY,JPY=X,Market
2023-12-22,142.07000732421875,,,USDJPY,JPY=X,Market
2023-12-25,142.3419952392578,,,USDJPY,JPY=X,Market
2023-12-26,142.22999572753906,,,USDJPY,JPY=X,Market
2023-12-27,142.46099853515625,,,USDJPY,JPY=X,Market
2023-12-28,141.3990020751953,,,USDJPY,JPY=X,Market
2023-12-29,141.42999267578125,,,USDJPY,JPY=X,Market
2024-01-01,140.95199584960938,,,USDJPY,JPY=X,Market
2024-01-02,141.12600708007812,,,USDJPY,JPY=X,Market
2024-01-03,142.15499877929688,,,USDJPY,JPY=X,Market
2024-01-04,142.99899291992188,,,USDJPY,JPY=X,Market
2024-01-05,144.76499938964844,,,USDJPY,JPY=X,Market
2024-01-08,144.71600341796875,,,USDJPY,JPY=X,Market
2024-01-09,144.22999572753906,,,USDJPY,JPY=X,Market
2024-01-10,144.42799377441406,,,USDJPY,JPY=X,Market
2024-01-11,145.73399353027344,,,USDJPY,JPY=X,Market
2024-01-12,145.04600524902344,,,USDJPY,JPY=X,Market
2024-01-15,145.1490020751953,,,USDJPY,JPY=X,Market
2024-01-16,145.79400634765625,,,USDJPY,JPY=X,Market
2024-01-17,147.24600219726562,,,USDJPY,JPY=X,Market
2024-01-18,148.1179962158203,,,USDJPY,JPY=X,Market
2024-01-19,148.1280059814453,,,USDJPY,JPY=X,Market
2024-01-22,148.12100219726562,,,USDJPY,JPY=X,Market
2024-01-23,148.14199829101562,,,USDJPY,JPY=X,Market
2024-01-24,148.25100708007812,,,USDJPY,JPY=X,Market
2024-01-25,147.59100341796875,,,USDJPY,JPY=X,Market
2024-01-26,147.72300720214844,,,USDJPY,JPY=X,Market
2024-01-29,148.13999938964844,,,USDJPY,JPY=X,Market
2024-01-30,147.46800231933594,,,USDJPY,JPY=X,Market
2024-01-31,147.36900329589844,,,USDJPY,JPY=X,Market
2024-02-01,146.99600219726562,,,USDJPY,JPY=X,Market
2024-02-02,146.4510040283203,,,USDJPY,JPY=X,Market
2024-02-05,148.50100708007812,,,USDJPY,JPY=X,Market
2024-02-06,148.63999938964844,,,USDJPY,JPY=X,Market
2024-02-07,147.8179931640625,,,USDJPY,JPY=X,Market
2024-02-08,148.08599853515625,,,USDJPY,JPY=X,Market
2024-02-09,149.25900268554688,,,USDJPY,JPY=X,Market
2024-02-12,149.16700744628906,,,USDJPY,JPY=X,Market
2024-02-13,149.40499877929688,,,USDJPY,JPY=X,Market
2024-02-14,150.7239990234375,,,USDJPY,JPY=X,Market
2024-02-15,150.54400634765625,,,USDJPY,JPY=X,Market
2024-02-16,149.9459991455078,,,USDJPY,JPY=X,Market
2024-02-19,150.09100341796875,,,USDJPY,JPY=X,Market
2024-02-20,150.27000427246094,,,USDJPY,JPY=X,Market
2024-02-21,149.93899536132812,,,USDJPY,JPY=X,Market
2024-02-22,150.35499572753906,,,USDJPY,JPY=X,Market
2024-02-23,150.48300170898438,,,USDJPY,JPY=X,Market
2024-02-26,150.4980010986328,,,USDJPY,JPY=X,Market
2024-02-27,150.5659942626953,,,USDJPY,JPY=X,Market
2024-02-28,150.4949951171875,,,USDJPY,JPY=X,Market
2024-02-29,150.656005859375,,,USDJPY,JPY=X,Market
2024-03-01,150.09500122070312,,,USDJPY,JPY=X,Market
2024-03-04,150.10499572753906,,,USDJPY,JPY=X,Market
2024-03-05,150.46600341796875,,,USDJPY,JPY=X,Market
2024-03-06,150.0489959716797,,,USDJPY,JPY=X,Market
2024-03-07,149.2689971923828,,,USDJPY,JPY=X,Market
2024-03-08,147.8679962158203,,,USDJPY,JPY=X,Market
2024-03-11,146.7740020751953,,,USDJPY,JPY=X,Market
2024-03-12,146.73199462890625,,,USDJPY,JPY=X,Market
2024-03-13,147.61900329589844,,,USDJPY,JPY=X,Market
2024-03-14,147.62100219726562,,,USDJPY,JPY=X,Market
2024-03-15,148.29600524902344,,,USDJPY,JPY=X,Market
2024-03-18,148.9550018310547,,,USDJPY,JPY=X,Market
2024-03-19,149.1439971923828,,,USDJPY,JPY=X,Market
2024-03-20,151.03500366210938,,,USDJPY,JPY=X,Market
2024-03-21,150.75999450683594,,,USDJPY,JPY=X,Market
2024-03-22,151.63299560546875,,,USDJPY,JPY=X,Market
2024-03-25,151.30499267578125,,,USDJPY,JPY=X,Market
2024-03-26,151.3730010986328,,,USDJPY,JPY=X,Market
2024-03-27,151.52999877929688,,,USDJPY,JPY=X,Market
2024-03-28,151.28700256347656,,,USDJPY,JPY=X,Market
2024-03-29,151.44000244140625,,,USDJPY,JPY=X,Market
2024-04-01,151.3979949951172,,,USDJPY,JPY=X,Market
2024-04-02,151.58099365234375,,,USDJPY,JPY=X,Market
2024-04-03,151.5399932861328,,,USDJPY,JPY=X,Market
2024-04-04,151.58099365234375,,,USDJPY,JPY=X,Market
2024-04-05,151.29200744628906,,,USDJPY,JPY=X,Market
2024-04-08,151.69000244140625,,,USDJPY,JPY=X,Market
2024-04-09,151.84300231933594,,,USDJPY,JPY=X,Market
2024-04-10,151.77699279785156,,,USDJPY,JPY=X,Market
2024-04-11,152.96400451660156,,,USDJPY,JPY=X,Market
2024-04-12,153.19200134277344,,,USDJPY,JPY=X,Market
2024-04-15,153.2830047607422,,,USDJPY,JPY=X,Market
2024-04-16,154.20599365234375,,,USDJPY,JPY=X,Market
2024-04-17,154.697998046875,,,USDJPY,JPY=X,Market
2024-04-18,154.3419952392578,,,USDJPY,JPY=X,Market
2024-04-19,154.61000061035156,,,USDJPY,JPY=X,Market
2024-04-22,154.63999938964844,,,USDJPY,JPY=X,Market
2024-04-23,154.81300354003906,,,USDJPY,JPY=X,Market
2024-04-24,154.74400329589844,,,USDJPY,JPY=X,Market
2024-04-25,155.25900268554688,,,USDJPY,JPY=X,Market
2024-04-26,155.5970001220703,,,USDJPY,JPY=X,Market
2024-04-29,158.2239990234375,,,USDJPY,JPY=X,Market
2024-04-30,156.31399536132812,,,USDJPY,JPY=X,Market
2024-05-01,157.7220001220703,,,USDJPY,JPY=X,Market
2024-05-02,155.70399475097656,,,USDJPY,JPY=X,Market
2024-05-03,153.0449981689453,,,USDJPY,JPY=X,Market
2024-05-06,153.5659942626953,,,USDJPY,JPY=X,Market
2024-05-07,154.23699951171875,,,USDJPY,JPY=X,Market
2024-05-08,154.7480010986328,,,USDJPY,JPY=X,Market
2024-05-09,155.41900634765625,,,USDJPY,JPY=X,Market
2024-05-10,155.38900756835938,,,USDJPY,JPY=X,Market
2024-05-13,155.8179931640625,,,USDJPY,JPY=X,Market
2024-05-14,156.23300170898438,,,USDJPY,JPY=X,Market
2024-05-15,156.4980010986328,,,USDJPY,JPY=X,Market
2024-05-16,154.28199768066406,,,USDJPY,JPY=X,Market
2024-05-17,155.37899780273438,,,USDJPY,JPY=X,Market
2024-05-20,155.75399780273438,,,USDJPY,JPY=X,Market
2024-05-21,156.3699951171875,,,USDJPY,JPY=X,Market
2024-05-22,156.25100708007812,,,USDJPY,JPY=X,Market
2024-05-23,156.70399475097656,,,USDJPY,JPY=X,Market
2024-05-24,156.97300720214844,,,USDJPY,JPY=X,Market
2024-05-27,156.8699951171875,,,USDJPY,JPY=X,Market
2024-05-28,156.84500122070312,,,USDJPY,JPY=X,Market
2024-05-29,157.26199340820312,,,USDJPY,JPY=X,Market
2024-05-30,157.60800170898438,,,USDJPY,JPY=X,Market
2024-05-31,156.9530029296875,,,USDJPY,JPY=X,Market
2024-06-03,157.17999267578125,,,USDJPY,JPY=X,Market
2024-06-04,156.0760040283203,,,USDJPY,JPY=X,Market
2024-06-05,155.12399291992188,,,USDJPY,JPY=X,Market
2024-06-06,155.9290008544922,,,USDJPY,JPY=X,Market
2024-06-07,155.69700622558594,,,USDJPY,JPY=X,Market
2024-06-10,156.83299255371094,,,USDJPY,JPY=X,Market
2024-06-11,157.0399932861328,,,USDJPY,JPY=X,Market
2024-06-12,157.10499572753906,,,USDJPY,JPY=X,Market
2024-06-13,156.8000030517578,,,USDJPY,JPY=X,Market
2024-06-14,157.1280059814453,,,USDJPY,JPY=X,Market
2024-06-17,157.54600524902344,,,USDJPY,JPY=X,Market
2024-06-18,157.6999969482422,,,USDJPY,JPY=X,Market
2024-06-19,157.87100219726562,,,USDJPY,JPY=X,Market
2024-06-20,157.95799255371094,,,USDJPY,JPY=X,Market
2024-06-21,158.93099975585938,,,USDJPY,JPY=X,Market
2024-06-24,159.86099243164062,,,USDJPY,JPY=X,Market
2024-06-25,159.68600463867188,,,USDJPY,JPY=X,Market
2024-06-26,159.68600463867188,,,USDJPY,JPY=X,Market
2024-06-27,160.62100219726562,,,USDJPY,JPY=X,Market
2024-06-28,160.68699645996094,,,USDJPY,JPY=X,Market
2024-07-01,160.90699768066406,,,USDJPY,JPY=X,Market
2024-07-02,161.51199340820312,,,USDJPY,JPY=X,Market
2024-07-03,161.50399780273438,,,USDJPY,JPY=X,Market
2024-07-04,161.62100219726562,,,USDJPY,JPY=X,Market
2024-07-05,161.35800170898438,,,USDJPY,JPY=X,Market
2024-07-08,160.63800048828125,,,USDJPY,JPY=X,Market
2024-07-09,160.85699462890625,,,USDJPY,JPY=X,Market
2024-07-10,161.33099365234375,,,USDJPY,JPY=X,Market
2024-07-11,161.60699462890625,,,USDJPY,JPY=X,Market
2024-07-12,158.2010040283203,,,USDJPY,JPY=X,Market
2024-07-15,158.31300354003906,,,USDJPY,JPY=X,Market
2024-07-16,158.14100646972656,,,USDJPY,JPY=X,Market
2024-07-17,158.35000610351562,,,USDJPY,JPY=X,Market
2024-07-18,155.68600463867188,,,USDJPY,JPY=X,Market
2024-07-19,157.14999389648438,,,USDJPY,JPY=X,Market
2024-07-22,157.4219970703125,,,USDJPY,JPY=X,Market
2024-07-23,156.89100646972656,,,USDJPY,JPY=X,Market
2024-07-24,155.76800537109375,,,USDJPY,JPY=X,Market
2024-07-25,153.89100646972656,,,USDJPY,JPY=X,Market
2024-07-26,153.69700622558594,,,USDJPY,JPY=X,Market
2024-07-29,154.13900756835938,,,USDJPY,JPY=X,Market
2024-07-30,153.83299255371094,,,USDJPY,JPY=X,Market
2024-07-31,152.6699981689453,,,USDJPY,JPY=X,Market
2024-08-01,149.74400329589844,,,USDJPY,JPY=X,Market
2024-08-02,149.2010040283203,,,USDJPY,JPY=X,Market
2024-08-05,145.58399963378906,,,USDJPY,JPY=X,Market
2024-08-06,145.7899932861328,,,USDJPY,JPY=X,Market
2024-08-07,144.73199462890625,,,USDJPY,JPY=X,Market
2024-08-08,146.12399291992188,,,USDJPY,JPY=X,Market
2024-08-09,147.66900634765625,,,USDJPY,JPY=X,Market
2024-08-12,147.04200744628906,,,USDJPY,JPY=X,Market
2024-08-13,146.98199462890625,,,USDJPY,JPY=X,Market
2024-08-14,146.9709930419922,,,USDJPY,JPY=X,Market
2024-08-15,147.2530059814453,,,USDJPY,JPY=X,Market
2024-08-16,149.2220001220703,,,USDJPY,JPY=X,Market
2024-08-19,147.95599365234375,,,USDJPY,JPY=X,Market
2024-08-20,146.69900512695312,,,USDJPY,JPY=X,Market
2024-08-21,145.3470001220703,,,USDJPY,JPY=X,Market
2024-08-22,145.1179962158203,,,USDJPY,JPY=X,Market
2024-08-23,146.20199584960938,,,USDJPY,JPY=X,Market
2024-08-26,144.0,,,USDJPY,JPY=X,Market
2024-08-27,144.51600646972656,,,USDJPY,JPY=X,Market
2024-08-28,143.97500610351562,,,USDJPY,JPY=X,Market
2024-08-29,144.43299865722656,,,USDJPY,JPY=X,Market
2024-08-30,144.88999938964844,,,USDJPY,JPY=X,Market
2024-09-02,146.38099670410156,,,USDJPY,JPY=X,Market
2024-09-03,146.7220001220703,,,USDJPY,JPY=X,Market
2024-09-04,145.35299682617188,,,USDJPY,JPY=X,Market
2024-09-05,143.32400512695312,,,USDJPY,JPY=X,Market
2024-09-06,143.39300537109375,,,USDJPY,JPY=X,Market
2024-09-09,142.48599243164062,,,USDJPY,JPY=X,Market
2024-09-10,143.177001953125,,,USDJPY,JPY=X,Market
2024-09-11,142.23399353027344,,,USDJPY,JPY=X,Market
2024-09-12,142.58999633789062,,,USDJPY,JPY=X,Market
2024-09-13,141.49899291992188,,,USDJPY,JPY=X,Market
2024-09-16,140.7899932861328,,,USDJPY,JPY=X,Market
2024-09-17,140.7899932861328,,,USDJPY,JPY=X,Market
2024-09-18,142.01499938964844,,,USDJPY,JPY=X,Market
2024-09-19,142.7100067138672,,,USDJPY,JPY=X,Market
2024-09-20,142.85800170898438,,,USDJPY,JPY=X,Market
2024-09-23,144.00399780273438,,,USDJPY,JPY=X,Market
2024-09-24,143.63800048828125,,,USDJPY,JPY=X,Market
2024-09-25,142.96299743652344,,,USDJPY,JPY=X,Market
2024-09-26,144.68299865722656,,,USDJPY,JPY=X,Market
2024-09-27,145.0760040283203,,,USDJPY,JPY=X,Market
2024-09-30,142.7830047607422,,,USDJPY,JPY=X,Market
2024-10-01,143.7100067138672,,,USDJPY,JPY=X,Market
2024-10-02,143.73599243164062,,,USDJPY,JPY=X,Market
2024-10-03,146.58200073242188,,,USDJPY,JPY=X,Market
2024-10-04,146.83999633789062,,,USDJPY,JPY=X,Market
2024-10-07,148.82000732421875,,,USDJPY,JPY=X,Market
2024-10-08,148.14599609375,,,USDJPY,JPY=X,Market
2024-10-09,148.15899658203125,,,USDJPY,JPY=X,Market
2024-10-10,149.16000366210938,,,USDJPY,JPY=X,Market
2024-10-11,148.70399475097656,,,USDJPY,JPY=X,Market
2024-10-14,149.33399963378906,,,USDJPY,JPY=X,Market
2024-10-15,149.6699981689453,,,USDJPY,JPY=X,Market
2024-10-16,149.0989990234375,,,USDJPY,JPY=X,Market
2024-10-17,149.5760040283203,,,USDJPY,JPY=X,Market
2024-10-18,150.10000610351562,,,USDJPY,JPY=X,Market
2024-10-21,149.60000610351562,,,USDJPY,JPY=X,Market
2024-10-22,150.60499572753906,,,USDJPY,JPY=X,Market
2024-10-23,151.13800048828125,,,USDJPY,JPY=X,Market
2024-10-24,152.7689971923828,,,USDJPY,JPY=X,Market
2024-10-25,151.7830047607422,,,USDJPY,JPY=X,Market
2024-10-28,152.95199584960938,,,USDJPY,JPY=X,Market
2024-10-29,153.1790008544922,,,USDJPY,JPY=X,Market
2024-10-30,153.2740020751953,,,USDJPY,JPY=X,Market
2024-10-31,153.20399475097656,,,USDJPY,JPY=X,Market
2024-11-01,151.97999572753906,,,USDJPY,JPY=X,Market
2024-11-04,152.28700256347656,,,USDJPY,JPY=X,Market
2024-11-05,152.2760009765625,,,USDJPY,JPY=X,Market
2024-11-06,151.43499755859375,,,USDJPY,JPY=X,Market
2024-11-07,154.32000732421875,,,USDJPY,JPY=X,Market
2024-11-08,153.17999267578125,,,USDJPY,JPY=X,Market
2024-11-11,152.9040069580078,,,USDJPY,JPY=X,Market
2024-11-12,153.47999572753906,,,USDJPY,JPY=X,Market
2024-11-13,154.65499877929688,,,USDJPY,JPY=X,Market
2024-11-14,155.4290008544922,,,USDJPY,JPY=X,Market
2024-11-15,156.46800231933594,,,USDJPY,JPY=X,Market
2024-11-18,154.66400146484375,,,USDJPY,JPY=X,Market
2024-11-19,154.61700439453125,,,USDJPY,JPY=X,Market
2024-11-20,154.71800231933594,,,USDJPY,JPY=X,Market
2024-11-21,155.2949981689453,,,USDJPY,JPY=X,Market
2024-11-22,154.21800231933594,,,USDJPY,JPY=X,Market
2024-11-25,154.14599609375,,,USDJPY,JPY=X,Market
2024-11-26,154.3780059814453,,,USDJPY,JPY=X,Market
2024-11-27,153.00900268554688,,,USDJPY,JPY=X,Market
2024-11-28,151.33599853515625,,,USDJPY,JPY=X,Market
2024-11-29,151.1739959716797,,,USDJPY,JPY=X,Market
2024-12-02,149.8979949951172,,,USDJPY,JPY=X,Market
2024-12-03,149.50799560546875,,,USDJPY,JPY=X,Market
2024-12-04,149.64700317382812,,,USDJPY,JPY=X,Market
2024-12-05,150.56700134277344,,,USDJPY,JPY=X,Market
2024-12-06,150.20700073242188,,,USDJPY,JPY=X,Market
2024-12-09,150.02999877929688,,,USDJPY,JPY=X,Market
2024-12-10,151.4080047607422,,,USDJPY,JPY=X,Market
2024-12-11,151.8070068359375,,,USDJPY,JPY=X,Market
2024-12-12,152.2449951171875,,,USDJPY,JPY=X,Market
2024-12-13,152.58700561523438,,,USDJPY,JPY=X,Market
2024-12-16,153.4530029296875,,,USDJPY,JPY=X,Market
2024-12-17,154.08599853515625,,,USDJPY,JPY=X,Market
2024-12-18,153.57200622558594,,,USDJPY,JPY=X,Market
2024-12-19,154.67300415039062,,,USDJPY,JPY=X,Market
2024-12-20,157.6439971923828,,,USDJPY,JPY=X,Market
2024-12-23,156.5330047607422,,,USDJPY,JPY=X,Market
2024-12-24,157.1649932861328,,,USDJPY,JPY=X,Market
2024-12-25,157.10699462890625,,,USDJPY,JPY=X,Market
2024-12-26,157.13299560546875,,,USDJPY,JPY=X,Market
2024-12-27,157.7480010986328,,,USDJPY,JPY=X,Market
2024-12-30,157.8730010986328,,,USDJPY,JPY=X,Market
2024-12-31,156.9949951171875,,,USDJPY,JPY=X,Market
2025-01-02,157.718994140625,,,USDJPY,JPY=X,Market
2025-01-03,157.36199951171875,,,USDJPY,JPY=X,Market
2025-01-06,157.4810028076172,,,USDJPY,JPY=X,Market
2025-01-07,157.7429962158203,,,USDJPY,JPY=X,Market
2025-01-08,158.23599243164062,,,USDJPY,JPY=X,Market
2025-01-09,158.19200134277344,,,USDJPY,JPY=X,Market
2025-01-10,158.04800415039062,,,USDJPY,JPY=X,Market
2025-01-13,157.88699340820312,,,USDJPY,JPY=X,Market
2025-01-14,157.36399841308594,,,USDJPY,JPY=X,Market
2025-01-15,158.0500030517578,,,USDJPY,JPY=X,Market
2025-01-16,156.2550048828125,,,USDJPY,JPY=X,Market
2025-01-17,155.3560028076172,,,USDJPY,JPY=X,Market
2025-01-20,156.30599975585938,,,USDJPY,JPY=X,Market
2025-01-21,155.24899291992188,,,USDJPY,JPY=X,Market
2025-01-22,155.7740020751953,,,USDJPY,JPY=X,Market
2025-01-23,156.44000244140625,,,USDJPY,JPY=X,Market
2025-01-24,156.15499877929688,,,USDJPY,JPY=X,Market
2025-01-27,155.74400329589844,,,USDJPY,JPY=X,Market
2025-01-28,154.90899658203125,,,USDJPY,JPY=X,Market
2025-01-29,155.5590057373047,,,USDJPY,JPY=X,Market
2025-01-30,155.1699981689453,,,USDJPY,JPY=X,Market
2025-01-31,154.0970001220703,,,USDJPY,JPY=X,Market
2025-02-03,155.36300659179688,,,USDJPY,JPY=X,Market
2025-02-04,155.27699279785156,,,USDJPY,JPY=X,Market
2025-02-05,154.13299560546875,,,USDJPY,JPY=X,Market
2025-02-06,152.6060028076172,,,USDJPY,JPY=X,Market
2025-02-07,151.1929931640625,,,USDJPY,JPY=X,Market
2025-02-10,151.8459930419922,,,USDJPY,JPY=X,Market
2025-02-11,151.75900268554688,,,USDJPY,JPY=X,Market
2025-02-12,152.73899841308594,,,USDJPY,JPY=X,Market
2025-02-13,154.2550048828125,,,USDJPY,JPY=X,Market
2025-02-14,152.98899841308594,,,USDJPY,JPY=X,Market
2025-02-17,152.0229949951172,,,USDJPY,JPY=X,Market
2025-02-18,151.44400024414062,,,USDJPY,JPY=X,Market
2025-02-19,151.93099975585938,,,USDJPY,JPY=X,Market
2025-02-20,151.22000122070312,,,USDJPY,JPY=X,Market
2025-02-21,149.4080047607422,,,USDJPY,JPY=X,Market
2025-02-24,149.38699340820312,,,USDJPY,JPY=X,Market
2025-02-25,149.86399841308594,,,USDJPY,JPY=X,Market
2025-02-26,149.0780029296875,,,USDJPY,JPY=X,Market
2025-02-27,148.83799743652344,,,USDJPY,JPY=X,Market
2025-02-28,150.01199340820312,,,USDJPY,JPY=X,Market
2025-03-03,150.77099609375,,,USDJPY,JPY=X,Market
2025-03-04,149.30499267578125,,,USDJPY,JPY=X,Market
2025-03-05,149.7989959716797,,,USDJPY,JPY=X,Market
2025-03-06,148.8979949951172,,,USDJPY,JPY=X,Market
2025-03-07,148.10800170898438,,,USDJPY,JPY=X,Market
2025-03-10,147.60800170898438,,,USDJPY,JPY=X,Market
2025-03-11,147.06900024414062,,,USDJPY,JPY=X,Market
2025-03-12,148.04200744628906,,,USDJPY,JPY=X,Market
2025-03-13,148.2790069580078,,,USDJPY,JPY=X,Market
2025-03-14,147.94900512695312,,,USDJPY,JPY=X,Market
2025-03-17,148.59800720214844,,,USDJPY,JPY=X,Market
2025-03-18,149.37899780273438,,,USDJPY,JPY=X,Market
2025-03-19,149.45199584960938,,,USDJPY,JPY=X,Market
2025-03-20,148.49000549316406,,,USDJPY,JPY=X,Market
2025-03-21,148.5959930419922,,,USDJPY,JPY=X,Market
2025-03-24,149.677001953125,,,USDJPY,JPY=X,Market
2025-03-25,150.7740020751953,,,USDJPY,JPY=X,Market
2025-03-26,149.9499969482422,,,USDJPY,JPY=X,Market
2025-03-27,150.47300720214844,,,USDJPY,JPY=X,Market
2025-03-28,150.8470001220703,,,USDJPY,JPY=X,Market
2025-03-31,149.61700439453125,,,USDJPY,JPY=X,Market
2025-04-01,149.91299438476562,,,USDJPY,JPY=X,Market
2025-04-02,149.7830047607422,,,USDJPY,JPY=X,Market
2025-04-03,147.8719940185547,,,USDJPY,JPY=X,Market
2025-04-04,146.2310028076172,,,USDJPY,JPY=X,Market
2025-04-07,145.43299865722656,,,USDJPY,JPY=X,Market
2025-04-08,147.78900146484375,,,USDJPY,JPY=X,Market
2025-04-09,145.84500122070312,,,USDJPY,JPY=X,Market
2025-04-10,147.3990020751953,,,USDJPY,JPY=X,Market
2025-04-11,143.7469940185547,,,USDJPY,JPY=X,Market
2025-04-14,143.6959991455078,,,USDJPY,JPY=X,Market
2025-04-15,143.2209930419922,,,USDJPY,JPY=X,Market
2025-04-16,143.18099975585938,,,USDJPY,JPY=X,Market
2025-04-17,141.92799377441406,,,USDJPY,JPY=X,Market
2025-04-22,140.87600708007812,,,USDJPY,JPY=X,Market
2025-04-23,142.68800354003906,,,USDJPY,JPY=X,Market
2025-04-24,143.22300720214844,,,USDJPY,JPY=X,Market
2025-04-25,142.87899780273438,,,USDJPY,JPY=X,Market
2025-04-28,143.84100341796875,,,USDJPY,JPY=X,Market
2025-04-29,142.17799377441406,,,USDJPY,JPY=X,Market
2025-04-30,142.2989959716797,,,USDJPY,JPY=X,Market
2025-05-01,143.00900268554688,,,USDJPY,JPY=X,Market
2025-05-02,145.447998046875,,,USDJPY,JPY=X,Market
2025-05-05,144.62399291992188,,,USDJPY,JPY=X,Market
2025-05-06,143.6540069580078,,,USDJPY,JPY=X,Market
2025-05-07,143.03500366210938,,,USDJPY,JPY=X,Market
2025-05-08,143.84800720214844,,,USDJPY,JPY=X,Market
2025-05-09,146.01499938964844,,,USDJPY,JPY=X,Market
2025-05-12,145.81199645996094,,,USDJPY,JPY=X,Market
2025-05-13,148.30999755859375,,,USDJPY,JPY=X,Market
2025-05-14,147.5279998779297,,,USDJPY,JPY=X,Market
2025-05-15,146.64999389648438,,,USDJPY,JPY=X,Market
2025-05-16,145.61300659179688,,,USDJPY,JPY=X,Market
2025-05-19,145.29800415039062,,,USDJPY,JPY=X,Market
2025-05-20,144.97500610351562,,,USDJPY,JPY=X,Market
2025-05-21,144.3280029296875,,,USDJPY,JPY=X,Market
2025-05-22,143.7550048828125,,,USDJPY,JPY=X,Market
2025-05-23,143.85800170898438,,,USDJPY,JPY=X,Market
2025-05-26,142.86700439453125,,,USDJPY,JPY=X,Market
2025-05-27,142.65499877929688,,,USDJPY,JPY=X,Market
2025-05-28,144.177001953125,,,USDJPY,JPY=X,Market
2025-05-29,145.69700622558594,,,USDJPY,JPY=X,Market
2025-05-30,143.7790069580078,,,USDJPY,JPY=X,Market
2025-06-02,143.81500244140625,,,USDJPY,JPY=X,Market
2025-06-03,142.45199584960938,,,USDJPY,JPY=X,Market
2025-06-04,143.83700561523438,,,USDJPY,JPY=X,Market
2025-06-05,142.73199462890625,,,USDJPY,JPY=X,Market
2025-06-06,143.54200744628906,,,USDJPY,JPY=X,Market
2025-06-09,144.6909942626953,,,USDJPY,JPY=X,Market
2025-06-10,144.5399932861328,,,USDJPY,JPY=X,Market
2025-06-11,144.83799743652344,,,USDJPY,JPY=X,Market
2025-06-12,144.2030029296875,,,USDJPY,JPY=X,Market
2025-06-13,143.19400024414062,,,USDJPY,JPY=X,Market
2025-06-16,144.09100341796875,,,USDJPY,JPY=X,Market
2025-06-17,144.72900390625,,,USDJPY,JPY=X,Market
2025-06-18,145.37600708007812,,,USDJPY,JPY=X,Market
2025-06-19,144.9550018310547,,,USDJPY,JPY=X,Market
2025-06-20,145.21800231933594,,,USDJPY,JPY=X,Market
2025-06-23,146.2239990234375,,,USDJPY,JPY=X,Market
2025-06-24,145.92799377441406,,,USDJPY,JPY=X,Market
2025-06-25,144.95700073242188,,,USDJPY,JPY=X,Market
2025-06-26,144.9040069580078,,,USDJPY,JPY=X,Market
2025-06-27,144.69400024414062,,,USDJPY,JPY=X,Market
2025-06-30,144.51699829101562,,,USDJPY,JPY=X,Market
2025-07-01,143.8000030517578,,,USDJPY,JPY=X,Market
2025-07-02,143.40199279785156,,,USDJPY,JPY=X,Market
2025-07-03,143.5260009765625,,,USDJPY,JPY=X,Market
2025-07-04,144.6820068359375,,,USDJPY,JPY=X,Market
2025-07-07,144.4980010986328,,,USDJPY,JPY=X,Market
2025-07-08,145.89199829101562,,,USDJPY,JPY=X,Market
2025-07-09,146.8489990234375,,,USDJPY,JPY=X,Market
2025-07-10,146.11399841308594,,,USDJPY,JPY=X,Market
2025-07-11,146.28799438476562,,,USDJPY,JPY=X,Market
2025-07-14,147.2949981689453,,,USDJPY,JPY=X,Market
2025-07-15,147.79200744628906,,,USDJPY,JPY=X,Market
2025-07-16,148.76100158691406,,,USDJPY,JPY=X,Market
2025-07-17,148.0030059814453,,,USDJPY,JPY=X,Market
2025-07-18,148.44200134277344,,,USDJPY,JPY=X,Market
2025-07-21,148.43099975585938,,,USDJPY,JPY=X,Market
2025-07-22,147.40899658203125,,,USDJPY,JPY=X,Market
2025-07-23,146.78500366210938,,,USDJPY,JPY=X,Market
2025-07-24,146.3489990234375,,,USDJPY,JPY=X,Market
2025-07-25,147.0050048828125,,,USDJPY,JPY=X,Market
2025-07-28,147.81300354003906,,,USDJPY,JPY=X,Market
2025-07-29,148.47900390625,,,USDJPY,JPY=X,Market
2025-07-30,148.44200134277344,,,USDJPY,JPY=X,Market
2025-07-31,149.2259979248047,,,USDJPY,JPY=X,Market
2025-08-01,150.77200317382812,,,USDJPY,JPY=X,Market
2025-08-04,147.34300231933594,,,USDJPY,JPY=X,Market
2025-08-05,146.79299926757812,,,USDJPY,JPY=X,Market
2025-08-06,147.55999755859375,,,USDJPY,JPY=X,Market
2025-08-07,147.1929931640625,,,USDJPY,JPY=X,Market
2025-08-08,146.83700561523438,,,USDJPY,JPY=X,Market
2025-08-11,147.66400146484375,,,USDJPY,JPY=X,Market
2025-08-12,148.125,,,USDJPY,JPY=X,Market
2025-08-13,147.75799560546875,,,USDJPY,JPY=X,Market
2025-08-14,147.1199951171875,,,USDJPY,JPY=X,Market
2025-08-15,147.6909942626953,,,USDJPY,JPY=X,Market
2025-08-18,147.26400756835938,,,USDJPY,JPY=X,Market
2025-08-19,147.91600036621094,,,USDJPY,JPY=X,Market
2025-08-20,147.7310028076172,,,USDJPY,JPY=X,Market
2025-08-21,147.3179931640625,,,USDJPY,JPY=X,Market
2025-08-22,148.38600158691406,,,USDJPY,JPY=X,Market
2025-08-25,147.21499633789062,,,USDJPY,JPY=X,Market
2025-08-26,147.82200622558594,,,USDJPY,JPY=X,Market
2025-08-27,147.46200561523438,,,USDJPY,JPY=X,Market
2025-08-28,147.3159942626953,,,USDJPY,JPY=X,Market
2025-08-29,146.7899932861328,,,USDJPY,JPY=X,Market
2025-09-01,147.0970001220703,,,USDJPY,JPY=X,Market
2025-09-02,147.08399963378906,,,USDJPY,JPY=X,Market
2025-09-03,148.54800415039062,,,USDJPY,JPY=X,Market
2025-09-04,147.97999572753906,,,USDJPY,JPY=X,Market
2025-09-05,148.375,,,USDJPY,JPY=X,Market
2025-09-08,148.343994140625,,,USDJPY,JPY=X,Market
2025-09-09,147.36399841308594,,,USDJPY,JPY=X,Market
2025-09-10,147.39199829101562,,,USDJPY,JPY=X,Market
2025-09-11,147.33200073242188,,,USDJPY,JPY=X,Market
2025-09-12,147.2239990234375,,,USDJPY,JPY=X,Market
2025-09-15,147.66600036621094,,,USDJPY,JPY=X,Market
2025-09-16,147.40499877929688,,,USDJPY,JPY=X,Market
2025-09-17,146.41299438476562,,,USDJPY,JPY=X,Market
2025-09-18,146.89100646972656,,,USDJPY,JPY=X,Market
2025-09-19,147.94700622558594,,,USDJPY,JPY=X,Market
2025-09-22,148.09500122070312,,,USDJPY,JPY=X,Market
2025-09-23,147.72500610351562,,,USDJPY,JPY=X,Market
2025-09-24,147.61300659179688,,,USDJPY,JPY=X,Market
2025-09-25,148.75100708007812,,,USDJPY,JPY=X,Market
2025-09-26,149.86099243164062,,,USDJPY,JPY=X,Market
2025-09-29,149.40499877929688,,,USDJPY,JPY=X,Market
2025-09-30,148.59500122070312,,,USDJPY,JPY=X,Market
2025-10-01,147.9969940185547,,,USDJPY,JPY=X,Market
2025-10-02,147.08299255371094,,,USDJPY,JPY=X,Market
2025-10-03,147.14999389648438,,,USDJPY,JPY=X,Market
2025-10-06,149.6060028076172,,,USDJPY,JPY=X,Market
2025-10-07,150.33099365234375,,,USDJPY,JPY=X,Market
2025-10-08,152.05099487304688,,,USDJPY,JPY=X,Market
2025-10-09,152.67999267578125,,,USDJPY,JPY=X,Market
2025-10-10,152.96499633789062,,,USDJPY,JPY=X,Market
2025-10-13,152.05599975585938,,,USDJPY,JPY=X,Market
2025-10-14,152.4340057373047,,,USDJPY,JPY=X,Market
2025-10-15,151.7310028076172,,,USDJPY,JPY=X,Market
2025-10-16,150.9739990234375,,,USDJPY,JPY=X,Market
2025-10-17,150.1199951171875,,,USDJPY,JPY=X,Market
2025-10-20,150.89999389648438,,,USDJPY,JPY=X,Market
2025-10-21,150.7740020751953,,,USDJPY,JPY=X,Market
2025-10-22,151.89300537109375,,,USDJPY,JPY=X,Market
2025-10-23,151.95399475097656,,,USDJPY,JPY=X,Market
2025-10-24,152.6020050048828,,,USDJPY,JPY=X,Market
2025-10-27,153.06100463867188,,,USDJPY,JPY=X,Market
2025-10-28,152.69200134277344,,,USDJPY,JPY=X,Market
2025-10-29,151.7310028076172,,,USDJPY,JPY=X,Market
2025-10-30,152.7220001220703,,,USDJPY,JPY=X,Market
2025-10-31,153.89999389648438,,,USDJPY,JPY=X,Market
2025-11-03,154.19500732421875,,,USDJPY,JPY=X,Market
2025-11-04,154.20399475097656,,,USDJPY,JPY=X,Market
2025-11-05,153.5570068359375,,,USDJPY,JPY=X,Market
2025-11-06,154.072998046875,,,USDJPY,JPY=X,Market
2025-11-07,152.947998046875,,,USDJPY,JPY=X,Market
2025-11-10,153.81700134277344,,,USDJPY,JPY=X,Market
2025-11-11,154.14599609375,,,USDJPY,JPY=X,Market
2025-11-12,154.0749969482422,,,USDJPY,JPY=X,Market
2025-11-13,154.71299743652344,,,USDJPY,JPY=X,Market
2025-11-14,154.63299560546875,,,USDJPY,JPY=X,Market
2025-11-17,154.5850067138672,,,USDJPY,JPY=X,Market
2025-11-18,155.2729949951172,,,USDJPY,JPY=X,Market
2025-11-19,155.54800415039062,,,USDJPY,JPY=X,Market
2025-11-20,156.99200439453125,,,USDJPY,JPY=X,Market
2025-11-21,157.36900329589844,,,USDJPY,JPY=X,Market
2025-11-24,156.68800354003906,,,USDJPY,JPY=X,Market
2025-11-25,156.93899536132812,,,USDJPY,JPY=X,Market
2025-11-26,156.22999572753906,,,USDJPY,JPY=X,Market
2025-11-27,156.23899841308594,,,USDJPY,JPY=X,Market
2025-11-28,156.28399658203125,,,USDJPY,JPY=X,Market
2025-12-01,155.92799377441406,,,USDJPY,JPY=X,Market
2025-12-02,155.5570068359375,,,USDJPY,JPY=X,Market
2025-12-03,155.8070068359375,,,USDJPY,JPY=X,Market
2025-12-04,155.10699462890625,,,USDJPY,JPY=X,Market
2025-12-05,155.14199829101562,,,USDJPY,JPY=X,Market
2025-12-08,155.33999633789062,,,USDJPY,JPY=X,Market
2025-12-09,155.843994140625,,,USDJPY,JPY=X,Market
2025-12-10,156.83799743652344,,,USDJPY,JPY=X,Market
2025-12-11,155.7899932861328,,,USDJPY,JPY=X,Market
2025-12-12,155.56700134277344,,,USDJPY,JPY=X,Market
2025-12-15,155.88800048828125,,,USDJPY,JPY=X,Market
2025-12-16,155.01499938964844,,,USDJPY,JPY=X,Market
2025-12-17,154.7779998779297,,,USDJPY,JPY=X,Market
2025-12-18,155.4949951171875,,,USDJPY,JPY=X,Market
2025-12-19,155.58599853515625,,,USDJPY,JPY=X,Market
2025-12-22,157.67599487304688,,,USDJPY,JPY=X,Market
2025-12-23,156.8769989013672,,,USDJPY,JPY=X,Market
2025-12-24,156.17599487304688,,,USDJPY,JPY=X,Market
2025-12-26,156.08999633789062,,,USDJPY,JPY=X,Market
2025-12-29,156.46299743652344,,,USDJPY,JPY=X,Market
2025-12-30,156.01300048828125,,,USDJPY,JPY=X,Market
2025-12-31,156.41299438476562,,,USDJPY,JPY=X,Market
2026-01-02,156.7310028076172,,,USDJPY,JPY=X,Market
2026-01-05,156.98899841308594,,,USDJPY,JPY=X,Market
2026-01-06,156.62600708007812,,,USDJPY,JPY=X,Market
2026-01-07,156.67999267578125,,,USDJPY,JPY=X,Market
2026-01-08,156.7310028076172,,,USDJPY,JPY=X,Market
2026-01-09,156.8800048828125,,,USDJPY,JPY=X,Market
2026-01-12,158.1490020751953,,,USDJPY,JPY=X,Market
2026-01-13,157.98599243164062,,,USDJPY,JPY=X,Market
2026-01-14,159.1790008544922,,,USDJPY,JPY=X,Market
2026-01-15,158.40199279785156,,,USDJPY,JPY=X,Market
2026-01-16,158.5959930419922,,,USDJPY,JPY=X,Market
2026-01-19,157.53500366210938,,,USDJPY,JPY=X,Market
2026-01-20,158.177001953125,,,USDJPY,JPY=X,Market
2026-01-21,158.16200256347656,,,USDJPY,JPY=X,Market
2026-01-22,158.45599365234375,,,USDJPY,JPY=X,Market
2026-01-23,158.50100708007812,,,USDJPY,JPY=X,Market
2026-01-26,155.16600036621094,,,USDJPY,JPY=X,Market
2026-01-27,154.33599853515625,,,USDJPY,JPY=X,Market
2026-01-28,152.4530029296875,,,USDJPY,JPY=X,Market
2026-01-29,153.0959930419922,,,USDJPY,JPY=X,Market
2026-01-30,153.16200256347656,,,USDJPY,JPY=X,Market
2026-02-02,155.20199584960938,,,USDJPY,JPY=X,Market
2026-02-03,155.4429931640625,,,USDJPY,JPY=X,Market
2026-02-04,155.7989959716797,,,USDJPY,JPY=X,Market
2026-02-05,156.91700744628906,,,USDJPY,JPY=X,Market
2026-02-06,156.78399658203125,,,USDJPY,JPY=X,Market
2026-02-09,157.24400329589844,,,USDJPY,JPY=X,Market
2026-02-10,156.1320037841797,,,USDJPY,JPY=X,Market
2026-02-11,154.48199462890625,,,USDJPY,JPY=X,Market
2026-02-12,153.2689971923828,,,USDJPY,JPY=X,Market
2026-02-13,152.8209991455078,,,USDJPY,JPY=X,Market
2026-02-16,152.7790069580078,,,USDJPY,JPY=X,Market
2026-02-17,153.60899353027344,,,USDJPY,JPY=X,Market
2026-02-18,153.1490020751953,,,USDJPY,JPY=X,Market
2026-02-19,154.6929931640625,,,USDJPY,JPY=X,Market
2026-02-20,155.16000366210938,,,USDJPY,JPY=X,Market
2026-02-23,154.33900451660156,,,USDJPY,JPY=X,Market
2026-02-24,154.63499450683594,,,USDJPY,JPY=X,Market
2026-02-25,155.8800048828125,,,USDJPY,JPY=X,Market
2026-02-26,156.1999969482422,,,USDJPY,JPY=X,Market
2026-02-27,155.85899353027344,,,USDJPY,JPY=X,Market
2026-03-02,156.63299560546875,,,USDJPY,JPY=X,Market
2026-03-03,157.2570037841797,,,USDJPY,JPY=X,Market
2026-03-04,157.7729949951172,,,USDJPY,JPY=X,Market
2026-03-05,156.98300170898438,,,USDJPY,JPY=X,Market
2026-03-06,157.53399658203125,,,USDJPY,JPY=X,Market
2026-03-09,158.427001953125,,,USDJPY,JPY=X,Market
2026-03-10,157.84800720214844,,,USDJPY,JPY=X,Market
2026-03-11,158.11399841308594,,,USDJPY,JPY=X,Market
2026-03-12,159.0749969482422,,,USDJPY,JPY=X,Market
2026-03-13,159.20599365234375,,,USDJPY,JPY=X,Market
2026-03-16,159.5679931640625,,,USDJPY,JPY=X,Market
2026-03-17,159.10499572753906,,,USDJPY,JPY=X,Market
2026-03-18,158.88900756835938,,,USDJPY,JPY=X,Market
2026-03-19,159.7949981689453,,,USDJPY,JPY=X,Market
2026-03-20,157.9239959716797,,,USDJPY,JPY=X,Market
2026-03-23,159.23399353027344,,,USDJPY,JPY=X,Market
2026-03-24,158.47900390625,,,USDJPY,JPY=X,Market
2026-03-25,158.71800231933594,,,USDJPY,JPY=X,Market
2026-03-26,159.38400268554688,,,USDJPY,JPY=X,Market
2026-03-27,159.70399475097656,,,USDJPY,JPY=X,Market
2026-03-30,160.23399353027344,,,USDJPY,JPY=X,Market
2026-03-31,159.84100341796875,,,USDJPY,JPY=X,Market
2026-04-01,158.57899475097656,,,USDJPY,JPY=X,Market
2026-04-02,158.68800354003906,,,USDJPY,JPY=X,Market
2026-04-03,159.49099731445312,,,USDJPY,JPY=X,Market
2026-04-06,159.77999877929688,,,USDJPY,JPY=X,Market
2026-04-07,159.68299865722656,,,USDJPY,JPY=X,Market
2026-04-08,158.71600341796875,,,USDJPY,JPY=X,Market
2026-04-09,158.64199829101562,,,USDJPY,JPY=X,Market
2026-04-10,159.11199951171875,,,USDJPY,JPY=X,Market
2026-04-13,159.67999267578125,,,USDJPY,JPY=X,Market
2026-04-14,159.21400451660156,,,USDJPY,JPY=X,Market
2026-04-15,158.79200744628906,,,USDJPY,JPY=X,Market
2026-04-16,158.8090057373047,,,USDJPY,JPY=X,Market
2026-04-17,159.19500732421875,,,USDJPY,JPY=X,Market
2026-04-20,159.16099548339844,,,USDJPY,JPY=X,Market
2026-04-21,158.843994140625,,,USDJPY,JPY=X,Market
2026-04-22,159.3730010986328,,,USDJPY,JPY=X,Market
2026-04-23,159.48800659179688,,,USDJPY,JPY=X,Market
2026-04-24,159.7469940185547,,,USDJPY,JPY=X,Market
2026-04-27,159.5760040283203,,,USDJPY,JPY=X,Market
2026-04-28,159.35699462890625,,,USDJPY,JPY=X,Market
2026-04-29,159.552001953125,,,USDJPY,JPY=X,Market
2026-04-30,160.1840057373047,,,USDJPY,JPY=X,Market
2026-05-01,156.97799682617188,,,USDJPY,JPY=X,Market
2026-05-04,156.8459930419922,,,USDJPY,JPY=X,Market
2026-05-05,157.19400024414062,,,USDJPY,JPY=X,Market
2026-05-06,157.677001953125,,,USDJPY,JPY=X,Market
2026-05-07,156.50799560546875,,,USDJPY,JPY=X,Market
2026-05-08,156.82899475097656,,,USDJPY,JPY=X,Market
2026-05-11,156.85800170898438,,,USDJPY,JPY=X,Market
2026-05-12,157.2310028076172,,,USDJPY,JPY=X,Market
2026-05-13,157.67100524902344,,,USDJPY,JPY=X,Market
2026-05-14,157.8509979248047,,,USDJPY,JPY=X,Market
2026-05-15,158.3820037841797,,,USDJPY,JPY=X,Market
2026-05-18,158.843994140625,,,USDJPY,JPY=X,Market
2026-05-19,158.86099243164062,,,USDJPY,JPY=X,Market
2026-05-20,159.03500366210938,,,USDJPY,JPY=X,Market
2026-05-21,158.88800048828125,,,USDJPY,JPY=X,Market
2026-05-22,159.01800537109375,,,USDJPY,JPY=X,Market
2026-05-25,158.9459991455078,,,USDJPY,JPY=X,Market
2026-05-26,158.95399475097656,,,USDJPY,JPY=X,Market
2026-05-27,159.2429962158203,,,USDJPY,JPY=X,Market
2026-05-28,159.5679931640625,,,USDJPY,JPY=X,Market
2026-05-29,159.27000427246094,,,USDJPY,JPY=X,Market
2026-06-01,159.35299682617188,,,USDJPY,JPY=X,Market
2026-06-02,159.63600158691406,,,USDJPY,JPY=X,Market
2026-06-03,159.96800231933594,,,USDJPY,JPY=X,Market
2026-06-04,159.94000244140625,,,USDJPY,JPY=X,Market
2026-06-05,159.99000549316406,,,USDJPY,JPY=X,Market
2026-06-08,160.32699584960938,,,USDJPY,JPY=X,Market
2026-06-09,160.1739959716797,,,USDJPY,JPY=X,Market
2026-06-10,160.38400268554688,,,USDJPY,JPY=X,Market
2026-06-11,160.52699279785156,,,USDJPY,JPY=X,Market
2026-06-12,160.1300048828125,,,USDJPY,JPY=X,Market
2026-06-15,159.9550018310547,,,USDJPY,JPY=X,Market
2026-06-16,160.22900390625,,,USDJPY,JPY=X,Market
2026-06-17,160.41900634765625,,,USDJPY,JPY=X,Market
2026-06-18,160.60000610351562,,,USDJPY,JPY=X,Market
2026-06-19,161.28900146484375,,,USDJPY,JPY=X,Market
2026-06-22,161.43299865722656,,,USDJPY,JPY=X,Market
2026-06-23,161.57000732421875,,,USDJPY,JPY=X,Market
2026-06-24,161.5989990234375,,,USDJPY,JPY=X,Market
2026-06-25,161.76300048828125,,,USDJPY,JPY=X,Market
2026-06-26,161.80499267578125,,,USDJPY,JPY=X,Market
2026-06-29,161.78700256347656,,,USDJPY,JPY=X,Market
2026-06-30,161.92300415039062,,,USDJPY,JPY=X,Market
2026-07-01,162.6280059814453,,,USDJPY,JPY=X,Market
2026-07-02,162.53900146484375,,,USDJPY,JPY=X,Market
2026-07-03,161.44900512695312,,,USDJPY,JPY=X,Market
2026-07-06,161.45199584960938,,,USDJPY,JPY=X,Market
2026-07-07,162.08799743652344,,,USDJPY,JPY=X,Market
2026-07-08,162.36300659179688,,,USDJPY,JPY=X,Market
2026-07-09,162.53900146484375,,,USDJPY,JPY=X,Market
2026-07-10,162.36300659179688,,,USDJPY,JPY=X,Market
2026-07-13,161.8780059814453,,,USDJPY,JPY=X,Market
2026-07-14,162.4290008544922,,,USDJPY,JPY=X,Market
2026-07-15,162.18699645996094,,,USDJPY,JPY=X,Market
2026-07-16,162.07200622558594,,,USDJPY,JPY=X,Market
2026-07-17,162.37600708007812,,,USDJPY,JPY=X,Market
2026-07-20,162.51199340820312,,,USDJPY,JPY=X,Market
2026-07-21,162.48699951171875,,,USDJPY,JPY=X,Market
2026-07-22,163.18600463867188,,,USDJPY,JPY=X,Market
2026-07-23,163.08099365234375,,,USDJPY,JPY=X,Market
2026-07-24,163.83200073242188,,,USDJPY,JPY=X,Market
2026-07-27,163.61099243164062,,,USDJPY,JPY=X,Market
2026-07-28,163.77099609375,,,USDJPY,JPY=X,Market
2026-07-29,163.86399841308594,,,USDJPY,JPY=X,Market
2026-07-30,163.3000030517578,,,USDJPY,JPY=X,Market
2026-07-31,160.18299865722656,,,USDJPY,JPY=X,Market
2026-08-03,157.58200073242188,,,USDJPY,JPY=X,Market
2026-08-04,157.5290069580078,,,USDJPY,JPY=X,Market
2026-08-05,157.69200134277344,,,USDJPY,JPY=X,Market
2026-08-06,157.60000610351562,,,USDJPY,JPY=X,Market
2026-08-07,158.40899658203125,,,USDJPY,JPY=X,Market
2026-08-10,157.89100646972656,,,USDJPY,JPY=X,Market
2026-08-11,159.156005859375,,,USDJPY,JPY=X,Market
2026-08-12,159.26499938964844,,,USDJPY,JPY=X,Market
2026-08-13,159.3280029296875,,,USDJPY,JPY=X,Market
2026-08-14,159.42599487304688,,,USDJPY,JPY=X,Market
2026-08-17,159.22300720214844,,,USDJPY,JPY=X,Market
2026-08-18,159.33999633789062,,,USDJPY,JPY=X,Market
2026-08-19,159.5500030517578,,,USDJPY,JPY=X,Market
2026-08-20,158.2760009765625,,,USDJPY,JPY=X,Market
2026-08-21,158.88299560546875,,,USDJPY,JPY=X,Market
2026-08-24,158.9040069580078,,,USDJPY,JPY=X,Market
2026-08-25,159.13900756835938,,,USDJPY,JPY=X,Market
2026-08-26,159.22300720214844,,,USDJPY,JPY=X,Market
2026-08-27,159.2550048828125,,,USDJPY,JPY=X,Market
2026-08-28,159.3209991455078,,,USDJPY,JPY=X,Market
2026-08-31,160.1219940185547,,,USDJPY,JPY=X,Market
2026-09-01,159.7469940185547,,,USDJPY,JPY=X,Market
2026-09-02,160.1959991455078,,,USDJPY,JPY=X,Market
2026-09-03,158.92300415039062,,,USDJPY,JPY=X,Market
2026-09-04,155.66000366210938,,,USDJPY,JPY=X,Market
2026-09-07,156.19700622558594,,,USDJPY,JPY=X,Market
2026-09-08,153.85499572753906,,,USDJPY,JPY=X,Market
2026-09-09,153.47799682617188,,,USDJPY,JPY=X,Market
2026-09-10,153.572998046875,,,USDJPY,JPY=X,Market
2026-09-11,154.48199462890625,,,USDJPY,JPY=X,Market
2026-09-14,153.4239959716797,,,USDJPY,JPY=X,Market
2026-09-15,154.38499450683594,,,USDJPY,JPY=X,Market
2026-09-16,155.26600646972656,,,USDJPY,JPY=X,Market
2026-09-17,156.01400756835938,,,USDJPY,JPY=X,Market
2026-09-18,156.12899780273438,,,USDJPY,JPY=X,Market
2026-09-21,157.04600524902344,,,USDJPY,JPY=X,Market
2026-09-22,157.36900329589844,,,USDJPY,JPY=X,Market
2026-09-23,157.46400451660156,,,USDJPY,JPY=X,Market
2026-09-24,158.26499938964844,,,USDJPY,JPY=X,Market
2026-09-25,158.81100463867188,,,USDJPY,JPY=X,Market
2026-09-28,157.46299743652344,,,USDJPY,JPY=X,Market
2026-09-29,157.36099243164062,,,USDJPY,JPY=X,Market
2026-09-30,156.8000030517578,,,USDJPY,JPY=X,Market
